duration,protocol_type,service,src_bytes,dst_bytes,flag,wrong_fragment,hot,failed_logins,count,srv_count,same_srv_rate,diff_srv_rate,dst_host_srv_count,dst_host_same_srv_rate,label
0.0598,0,0,65.4627,8.1842,1,1.0,0.0,0.0,321,285,0.9824,0.0822,45,0.2892,1
0.3376,0,0,83.797,8.14,1,1.0,0.0,0.0,331,320,0.9764,0.0219,33,0.1392,1
30.3179,0,3,1788.2319,4638.319,0,0.0,0.0,0.0,15,10,0.975,0.0118,163,0.7292,0
0.4406,0,0,25.0289,0.5258,1,0.0,0.0,0.0,295,317,0.9426,0.0451,45,0.1263,1
0.331,1,2,13.6894,5.2852,1,0.0,0.0,0.0,133,13,0.2244,0.7973,11,0.1574,2
0.1432,0,5,18.791,8.0625,1,0.0,0.0,0.0,343,243,0.9583,0.0923,32,0.1766,1
4.8108,0,3,1349.8661,5926.7299,0,0.0,0.0,0.0,12,8,0.9747,0.0149,128,0.986,0
19.9982,0,0,122.6797,2413.6562,0,0.0,0.0,0.0,17,9,0.8421,0.0159,199,0.8256,0
1.0096,1,1,36.4677,14.4405,1,0.0,0.0,0.0,219,1,0.0846,0.7571,19,0.0366,2
0.2171,0,0,20.303,9.3769,1,0.0,0.0,0.0,289,401,0.9156,0.0192,44,0.3314,1
1.6597,0,0,519.3044,3841.3962,0,0.0,0.0,0.0,14,5,0.941,0.0426,186,0.7115,0
0.2729,0,0,54.7872,9.2364,1,0.0,0.0,0.0,474,233,0.8967,0.0219,40,0.1893,1
0.394,0,5,29.9281,0.2472,2,0.0,0.0,0.0,466,415,0.8823,0.0154,28,0.1219,1
0.8083,2,5,41.748,13.2638,2,0.0,0.0,0.0,238,11,0.0701,0.8674,12,0.1055,2
0.2393,1,5,26.4704,4.0703,2,0.0,0.0,0.0,194,3,0.1234,0.7821,11,0.047,2
0.7893,0,0,50.2743,20.1521,2,0.0,0.0,0.0,199,9,0.1985,0.8564,12,0.0609,2
1.5215,0,2,294.467,536.9595,0,0.0,5.0,7.0,86,119,0.912,0.0777,60,0.7189,3
0.3379,0,3,2.6644,30.1913,1,0.0,0.0,0.0,96,5,0.1542,0.9484,18,0.1789,2
0.1371,1,0,37.7043,2.6456,1,0.0,0.0,0.0,324,206,0.9988,0.0354,4,0.1097,1
0.1758,0,3,301.8187,6.6401,1,0.0,0.0,0.0,449,353,0.9198,0.0428,47,0.2833,1
0.3112,0,3,8.6349,5.7426,1,0.0,0.0,0.0,444,271,0.9044,0.0734,1,0.1876,1
0.3884,1,5,44.5368,13.039,0,0.0,0.0,0.0,136,10,0.2247,0.8595,4,0.0802,2
9.6932,0,2,231.0066,231.3747,2,0.0,4.0,6.0,147,120,0.894,0.0917,44,0.7814,3
19.9126,0,1,225.0809,600.9812,0,0.0,1.0,5.0,127,72,0.9382,0.0291,196,0.8506,3
0.3193,0,0,528.4338,4137.8549,0,0.0,0.0,0.0,15,10,0.8316,0.1252,50,0.8863,0
0.045,1,0,27.6537,8.1823,1,1.0,0.0,0.0,258,203,0.9406,0.0714,16,0.1643,1
1.2976,0,2,559.2997,433.4908,0,0.0,4.0,3.0,108,94,0.9244,0.054,143,0.8003,3
0.3165,0,3,32.0504,7.5963,3,0.0,0.0,0.0,393,310,0.9903,0.0568,31,0.2619,1
16.4484,0,0,361.1282,5498.7841,0,0.0,0.0,0.0,9,6,0.9411,0.0625,99,0.8595,0
0.2037,0,0,20.0307,1.6207,1,0.0,0.0,0.0,468,296,0.89,0.0586,20,0.109,1
22.0086,0,4,285.4455,4843.2763,0,0.0,0.0,0.0,7,9,0.8943,0.1143,221,0.9145,0
6.1054,0,1,541.4914,322.5619,2,0.0,2.0,3.0,134,78,0.8688,0.003,87,0.8419,3
1.8144,0,1,537.9993,366.253,2,0.0,2.0,4.0,50,73,0.826,0.0587,92,0.6668,3
9.8915,1,1,1363.2611,3008.5278,3,0.0,0.0,0.0,13,14,0.8624,0.1297,217,0.9567,0
12.6007,0,1,536.8948,797.3241,2,0.0,3.0,3.0,48,73,0.8619,0.0163,61,0.7693,3
4.706,0,0,705.7819,6243.1367,0,0.0,0.0,0.0,12,13,0.8471,0.1389,201,0.8717,0
1.1017,0,3,9.5218,15.1597,3,0.0,0.0,0.0,101,2,0.2329,0.7823,24,0.1048,2
0.028,0,2,29.4685,9.2801,2,0.0,0.0,0.0,242,13,0.0904,0.8034,15,0.1483,2
4.0581,1,0,529.656,4653.0228,1,0.0,0.0,0.0,22,7,0.9769,0.0841,117,0.9328,0
10.1704,0,0,2538.58,7870.2928,0,0.0,0.0,0.0,11,7,0.7848,0.0968,61,0.7308,0
0.1059,0,3,96.2605,6.7833,1,0.0,0.0,0.0,378,495,0.9508,0.0373,36,0.1986,1
0.2821,0,0,15.6265,6.4043,1,0.0,0.0,0.0,250,458,0.9813,0.0147,29,0.3889,1
0.2512,0,3,58.1247,15.9304,2,0.0,0.0,0.0,126,13,0.2238,0.758,22,0.1472,2
0.0355,0,5,15.1456,7.6215,1,0.0,0.0,0.0,398,343,0.8615,0.0974,21,0.1882,1
0.3352,0,0,21.5755,2.3425,1,0.0,0.0,0.0,431,376,0.866,0.0707,14,0.1516,1
0.3119,0,2,51.9432,5.9121,1,0.0,0.0,0.0,248,1,0.1763,0.9537,1,0.0124,2
6.7986,1,1,926.3662,2373.3087,0,0.0,0.0,0.0,11,14,0.9551,0.0647,56,0.712,0
8.1867,0,1,167.3276,435.8006,0,0.0,1.0,5.0,87,47,0.9406,0.0643,135,0.7502,3
0.3865,0,4,36.2355,3.1916,1,0.0,0.0,0.0,147,2,0.1061,0.8942,9,0.0211,2
2.9976,0,1,153.5397,667.9523,0,0.0,3.0,5.0,93,34,0.8787,0.0695,81,0.7731,3
0.3112,0,3,29.7585,3.8838,1,0.0,0.0,0.0,507,245,0.9606,0.0055,7,0.2342,1
0.253,0,2,58.496,7.3667,2,0.0,0.0,0.0,220,2,0.1008,0.8616,12,0.0939,2
0.7327,1,0,53.8517,29.5742,1,0.0,0.0,0.0,288,13,0.0581,0.9218,24,0.0881,2
4.8249,0,1,373.3921,529.6255,1,0.0,3.0,4.0,34,62,0.9579,0.0999,191,0.6436,3
24.7484,1,0,1084.2331,5158.1603,0,0.0,0.0,0.0,18,12,0.8155,0.0791,56,0.8444,0
4.9574,0,2,343.6773,598.614,1,0.0,5.0,6.0,50,89,0.8329,0.0686,126,0.6743,3
0.2014,0,0,63.7869,3.9079,1,0.0,0.0,0.0,426,202,0.9262,0.0625,23,0.1315,1
0.3367,0,1,592.759,703.9172,2,0.0,5.0,4.0,132,51,0.8482,0.0128,75,0.7892,3
3.6929,0,1,238.0533,738.9762,0,0.0,1.0,3.0,108,85,0.9029,0.0016,74,0.6822,3
2.1244,0,0,261.4015,1762.365,0,0.0,0.0,0.0,25,12,0.8367,0.0942,125,0.7128,0
1.1886,0,2,50.7906,27.8211,2,0.0,0.0,0.0,249,13,0.0776,0.8571,11,0.1152,2
0.2279,0,0,65.0251,1.6916,1,0.0,0.0,0.0,426,457,0.9906,0.0574,33,0.2492,1
5.7376,0,0,1130.2838,2556.2617,0,0.0,0.0,0.0,17,11,0.8888,0.1379,180,0.714,0
0.1331,0,0,52.0732,3.611,1,0.0,0.0,0.0,358,394,0.8632,0.0981,22,0.2537,1
1.0461,0,3,41.1194,27.8885,2,0.0,0.0,0.0,162,4,0.1732,0.7941,14,0.1918,2
1.9719,0,2,186.9917,213.4359,0,0.0,4.0,5.0,45,74,0.8787,0.0112,105,0.6314,3
11.5148,0,1,306.3863,553.5907,0,0.0,3.0,2.0,43,27,0.8845,0.0752,84,0.8087,3
0.9221,1,3,43.0196,1.4551,2,0.0,0.0,0.0,180,14,0.1463,0.7997,4,0.0716,2
0.4117,2,0,534.4397,1327.3998,0,0.0,0.0,0.0,18,9,0.7575,0.0208,235,0.7451,0
0.4292,0,0,127.4268,8.4199,1,0.0,0.0,0.0,314,497,0.871,0.0674,30,0.312,1
0.2932,1,0,83.8484,3.1443,0,0.0,0.0,0.0,341,210,0.9228,0.0483,12,0.1025,1
8.8659,0,0,1502.8739,761.8906,2,0.0,0.0,0.0,11,11,0.9169,0.0604,157,0.9564,0
0.4586,0,0,34.3936,3.9269,1,0.0,0.0,0.0,321,321,0.921,0.026,6,0.2785,1
0.4957,0,4,29.0467,28.7845,0,0.0,0.0,0.0,102,7,0.1324,0.885,7,0.09,2
3.592,0,1,435.7062,613.2795,0,0.0,2.0,7.0,106,37,0.8044,0.0114,59,0.8452,3
17.446,0,5,514.5392,3112.5403,0,0.0,0.0,0.0,19,13,0.76,0.0369,146,0.7356,0
3.8278,0,0,1859.1792,1947.983,0,0.0,0.0,0.0,13,14,0.7696,0.1385,164,0.7923,0
0.3893,0,3,50.0589,8.8573,2,0.0,0.0,0.0,200,1,0.0469,0.9828,4,0.0899,2
0.3879,0,0,146.2576,1.3697,1,0.0,0.0,0.0,332,354,0.9012,0.0997,2,0.1728,1
0.2266,0,0,92.8642,3.5191,1,1.0,0.0,0.0,502,304,0.8902,0.0689,14,0.1206,1
1.4363,0,1,208.7013,633.8877,0,0.0,1.0,7.0,135,86,0.8459,0.0645,85,0.9461,3
0.3681,0,0,66.2552,4.05,1,0.0,0.0,0.0,297,269,0.9521,0.0679,43,0.3881,1
2.3488,0,4,1127.2646,4381.0813,0,0.0,0.0,0.0,14,13,0.8316,0.1301,243,0.9434,0
0.2136,0,3,23.2693,3.1316,1,0.0,0.0,0.0,383,448,0.8748,0.0502,47,0.132,1
24.8577,0,4,619.1465,3319.6776,0,0.0,0.0,0.0,17,11,0.8932,0.0737,120,0.9588,0
0.5935,0,2,520.8193,470.9804,0,0.0,4.0,6.0,121,67,0.9295,0.0842,144,0.7371,3
1.0186,0,1,62.3112,10.7252,1,0.0,0.0,0.0,126,13,0.2173,0.7947,9,0.0567,2
0.1755,0,2,29.9727,14.5029,2,0.0,0.0,0.0,299,3,0.1184,0.9838,24,0.0815,2
0.2782,0,0,23.5308,6.2106,2,0.0,0.0,0.0,426,393,0.958,0.0692,27,0.3585,1
11.9521,0,1,972.8899,3748.7739,0,0.0,0.0,0.0,13,16,0.9848,0.0329,129,0.8278,0
0.4015,0,3,34.7268,1.0127,0,0.0,0.0,0.0,374,327,0.8575,0.0346,31,0.2739,1
0.3346,1,3,33.1417,31.3712,3,0.0,0.0,0.0,154,8,0.1602,0.9752,6,0.17,2
52.4713,0,0,710.476,3134.0056,0,0.0,0.0,0.0,10,11,0.9626,0.1138,71,0.9478,0
6.0784,0,1,480.8459,610.143,0,0.0,2.0,7.0,92,31,0.9805,0.0468,86,0.6446,3
6.7509,1,1,623.4223,2269.4575,0,0.0,0.0,0.0,20,8,0.9824,0.0132,99,0.7932,0
4.1868,0,1,1496.6116,3168.2029,0,0.0,0.0,0.0,11,13,0.8231,0.0717,253,0.8536,0
8.1666,0,0,652.3686,6504.061,0,0.0,0.0,0.0,10,15,0.9245,0.0287,159,0.759,0
3.147,0,1,479.2676,501.407,0,0.0,1.0,6.0,41,62,0.8067,0.0617,143,0.7728,3
10.5849,0,1,580.3817,390.2741,1,0.0,1.0,3.0,97,45,0.9085,0.098,54,0.7991,3
0.4725,0,3,136.4975,2.368,1,0.0,0.0,0.0,415,372,0.9118,0.072,24,0.1311,1
52.8997,0,5,334.2802,3170.4756,0,0.0,0.0,0.0,12,13,0.9435,0.0959,65,0.7132,0
0.4736,0,0,857.3624,3291.773,0,0.0,0.0,0.0,13,9,0.8535,0.0272,180,0.8935,0
0.1109,0,0,94.3945,8.2971,1,0.0,0.0,0.0,499,423,0.8845,0.0709,8,0.3982,1
3.7543,0,2,289.119,216.712,0,0.0,1.0,7.0,111,125,0.8671,0.0844,75,0.6734,3
0.4469,0,1,321.3223,788.9988,0,0.0,1.0,6.0,116,64,0.9577,0.0757,194,0.677,3
0.4304,1,3,17.3525,24.8392,2,0.0,0.0,0.0,167,7,0.1412,0.7981,10,0.0796,2
0.1737,0,0,24.514,2.7097,1,0.0,0.0,0.0,255,398,0.9197,0.0435,18,0.1744,1
0.1693,1,3,727.3858,3445.6354,0,0.0,0.0,0.0,15,16,0.8034,0.0011,146,0.7673,0
0.4922,1,3,59.4237,11.0723,1,0.0,0.0,0.0,223,13,0.1886,0.7704,18,0.1785,2
13.6415,0,0,1748.7407,2599.1559,0,0.0,0.0,0.0,15,15,0.9481,0.0122,64,0.989,0
1.0609,0,0,737.3077,3061.7724,0,0.0,0.0,0.0,18,16,0.8545,0.0327,51,0.9207,0
0.2261,0,3,33.6098,30.1568,2,0.0,0.0,0.0,202,10,0.1207,0.7697,19,0.0976,2
0.0035,0,0,123.0085,7.1691,2,0.0,0.0,0.0,475,337,0.9256,0.0094,49,0.2368,1
11.8975,0,2,340.04,466.0507,0,0.0,0.0,0.0,9,10,0.8503,0.0178,120,0.7047,0
0.7349,0,0,11.323,15.146,0,0.0,0.0,0.0,115,10,0.0938,0.9114,21,0.0274,2
1.0832,2,5,3.3654,30.1536,1,0.0,0.0,0.0,299,12,0.2138,0.9211,6,0.0917,2
1.4611,0,1,472.2807,516.3386,0,0.0,1.0,7.0,88,97,0.9054,0.0263,174,0.8429,3
49.7848,0,4,1034.8859,2312.832,0,0.0,0.0,0.0,9,12,0.9961,0.1392,114,0.8088,0
3.1119,0,3,469.1261,1697.497,1,0.0,0.0,0.0,10,12,0.9029,0.0026,176,0.8597,0
1.1794,1,3,28.0508,16.0038,2,0.0,0.0,0.0,135,5,0.0411,0.83,22,0.1269,2
0.2648,0,0,25.6082,8.2061,1,0.0,0.0,0.0,505,423,0.9811,0.0823,33,0.3219,1
1.6434,0,1,354.216,785.5548,0,0.0,1.0,7.0,110,87,0.8917,0.0886,106,0.6098,3
5.8387,0,1,408.1535,680.6719,0,0.0,4.0,3.0,132,101,0.8808,0.0427,159,0.7682,3
4.1409,0,0,1505.259,3571.491,0,0.0,0.0,0.0,19,9,0.8133,0.0034,104,0.7934,0
0.6107,0,4,26.3029,21.4507,2,0.0,0.0,0.0,228,6,0.0114,0.95,2,0.1138,2
6.2897,0,0,500.1605,2743.3321,0,0.0,0.0,0.0,17,14,0.8421,0.1315,152,0.9855,0
12.9221,0,1,435.6144,4589.9808,0,0.0,0.0,0.0,6,7,0.898,0.0477,226,0.7941,0
2.3923,0,1,551.626,251.5574,2,0.0,3.0,2.0,104,99,0.9593,0.0684,128,0.9479,3
0.8169,0,2,18.9877,10.6855,1,0.0,0.0,0.0,267,6,0.0493,0.982,20,0.0731,2
0.2548,0,0,25.3674,22.3256,2,0.0,0.0,0.0,188,14,0.2334,0.9432,12,0.1934,2
0.716,0,4,53.8917,26.0155,1,0.0,0.0,0.0,211,8,0.1845,0.7659,8,0.1419,2
7.6883,0,0,1093.8555,876.8038,0,0.0,0.0,0.0,11,9,0.7561,0.023,104,0.7351,0
1.0114,0,5,4.0404,29.8957,2,0.0,0.0,0.0,86,4,0.012,0.9011,24,0.1316,2
7.3156,0,2,452.6743,279.1894,0,0.0,2.0,5.0,94,46,0.8349,0.0609,46,0.6011,3
0.4793,1,3,15.9268,0.3349,1,0.0,0.0,0.0,267,331,0.9682,0.0864,35,0.2935,1
0.3979,0,2,18.8783,18.5609,1,0.0,0.0,0.0,197,2,0.0265,0.8011,5,0.1019,2
8.8395,0,0,2954.5436,2089.6637,0,0.0,0.0,0.0,9,14,0.9659,0.0046,84,0.7131,0
2.3728,0,1,169.7539,685.7586,2,0.0,2.0,2.0,148,117,0.8804,0.0915,198,0.859,3
0.3899,2,5,23.5912,3.2299,2,0.0,0.0,0.0,497,474,0.8918,0.017,1,0.1267,1
1.3651,0,1,436.0246,348.3281,0,0.0,2.0,6.0,137,119,0.8593,0.0161,124,0.9288,3
13.5862,0,2,271.9454,480.941,0,0.0,4.0,3.0,43,70,0.8881,0.067,188,0.7211,3
4.5139,0,1,213.4604,538.3563,0,0.0,4.0,2.0,88,76,0.9362,0.0385,103,0.8529,3
0.1181,1,0,12.2434,7.2988,1,0.0,0.0,0.0,484,402,0.9916,0.006,22,0.2943,1
3.3529,0,1,299.6594,385.6942,0,0.0,4.0,7.0,31,71,0.9138,0.0365,42,0.8141,3
36.3904,1,0,1252.9843,1214.8378,0,0.0,0.0,0.0,15,10,0.9678,0.1429,57,0.7245,0
0.0885,0,0,234.4305,1.7515,2,0.0,0.0,0.0,361,391,0.9802,0.0622,4,0.3023,1
1.0467,0,0,2296.6921,1933.4414,0,0.0,0.0,0.0,9,17,0.7629,0.0301,150,0.9911,0
0.1878,0,0,2.915,3.5989,1,0.0,0.0,0.0,276,425,0.8547,0.0584,28,0.1754,1
10.3974,0,1,222.1113,511.335,1,0.0,4.0,4.0,101,138,0.9962,0.0668,120,0.8084,3
0.4878,0,3,48.1611,8.0326,1,0.0,0.0,0.0,288,390,0.9336,0.0908,13,0.3826,1
0.4072,0,0,144.1882,2.5675,1,0.0,0.0,0.0,393,410,0.915,0.0075,33,0.1923,1
0.1848,1,3,72.1936,0.7144,1,0.0,0.0,0.0,362,483,0.8528,0.0763,18,0.334,1
0.393,1,0,48.9633,3.6127,1,0.0,0.0,0.0,411,235,0.9104,0.0428,26,0.326,1
0.3917,0,0,19.5077,0.4085,1,0.0,0.0,0.0,439,224,0.9058,0.028,20,0.1952,1
0.4524,0,0,55.5208,5.0028,1,0.0,0.0,0.0,279,365,0.9547,0.0151,6,0.3426,1
0.0431,0,0,66.0513,4.9884,0,0.0,0.0,0.0,478,482,0.9072,0.0763,36,0.3542,1
5.3975,0,1,346.3788,628.0595,1,0.0,1.0,7.0,114,69,0.9092,0.0205,79,0.8737,3
1.7741,0,2,432.4558,686.1238,0,0.0,5.0,3.0,81,33,0.8069,0.0963,57,0.6449,3
13.7396,0,0,619.7854,3059.8593,0,0.0,0.0,0.0,11,10,0.8506,0.0834,88,0.7897,0
1.2803,0,4,786.9411,2065.449,0,0.0,0.0,0.0,19,9,0.7829,0.1231,243,0.7836,0
1.505,0,1,406.2234,743.3468,1,0.0,3.0,6.0,82,114,0.9417,0.0805,111,0.6645,3
2.3723,0,1,368.8729,216.8656,2,0.0,5.0,6.0,43,100,0.8169,0.0399,51,0.6841,3
5.5753,0,3,716.7253,3896.5923,0,0.0,0.0,0.0,14,13,0.8152,0.0746,251,0.9405,0
2.815,0,2,464.741,2375.354,0,0.0,0.0,0.0,15,12,0.8465,0.074,66,0.8921,0
0.778,0,3,32.3786,31.5087,1,0.0,0.0,0.0,103,13,0.0455,0.9598,2,0.161,2
3.2065,0,3,187.091,2278.1294,0,0.0,0.0,0.0,17,8,0.9875,0.1364,93,0.7643,0
0.752,1,0,62.2863,18.6802,2,0.0,0.0,0.0,200,3,0.0999,0.9307,3,0.1194,2
0.9122,0,0,7.4968,13.9171,1,0.0,0.0,0.0,86,14,0.1653,0.9141,14,0.0825,2
0.6579,0,2,391.8668,637.389,0,0.0,3.0,2.0,91,45,0.8597,0.0811,172,0.7978,3
1.0706,1,2,31.7739,2.057,2,0.0,0.0,0.0,229,1,0.072,0.9013,23,0.0952,2
0.2168,0,3,25.5643,15.6346,2,0.0,0.0,0.0,263,13,0.2258,0.909,20,0.1371,2
19.7584,2,0,1406.8975,2581.1873,0,0.0,0.0,0.0,14,19,0.8256,0.0316,154,0.7357,0
9.4889,1,0,468.9258,11148.6121,0,0.0,0.0,0.0,11,10,0.9845,0.0379,80,0.9239,0
5.0878,0,1,309.4379,701.9144,0,0.0,4.0,2.0,122,26,0.871,0.0675,72,0.8935,3
26.1563,1,2,596.9761,3779.2578,0,0.0,0.0,0.0,16,9,0.8809,0.1171,169,0.9178,0
0.4381,0,2,243.7272,268.2445,2,0.0,2.0,5.0,98,77,0.8003,0.0256,196,0.6701,3
1.2921,0,1,545.1921,644.756,1,0.0,2.0,5.0,40,33,0.9777,0.0719,160,0.7902,3
0.0443,0,0,6.124,13.0878,1,0.0,0.0,0.0,85,5,0.1528,0.8036,2,0.132,2
0.2688,0,0,22.6256,8.5273,1,0.0,0.0,0.0,390,465,0.9636,0.0238,2,0.1545,1
1.0024,0,3,19.8773,20.7761,2,0.0,0.0,0.0,166,8,0.2473,0.755,10,0.0928,2
0.0802,0,3,12.751,25.5721,2,0.0,0.0,0.0,269,9,0.0805,0.8415,13,0.1123,2
0.0488,2,3,48.7275,2.8073,0,0.0,0.0,0.0,156,7,0.0153,0.9488,6,0.1573,2
25.2131,0,0,779.314,6341.0019,0,0.0,0.0,0.0,12,13,0.9054,0.0298,82,0.887,0
3.241,0,1,565.5473,286.8868,0,0.0,4.0,5.0,100,33,0.9475,0.0678,113,0.6036,3
0.6259,0,2,9.347,8.0833,0,0.0,0.0,0.0,254,14,0.2261,0.911,2,0.1196,2
0.4325,0,5,45.3337,18.1276,2,0.0,0.0,0.0,98,6,0.1988,0.7936,19,0.0466,2
0.2516,0,0,47.7265,8.9634,1,0.0,0.0,0.0,414,332,0.9538,0.0656,3,0.3225,1
9.6696,0,0,576.6138,1159.3575,0,0.0,0.0,0.0,14,13,0.8201,0.061,188,0.827,0
5.9643,0,1,204.024,539.6637,0,0.0,4.0,4.0,147,28,0.899,0.0458,133,0.9246,3
5.2825,2,2,386.0589,8607.2806,0,0.0,0.0,0.0,14,7,0.9944,0.0226,88,0.8677,0
22.4079,1,5,1430.3203,4843.4125,0,0.0,0.0,0.0,17,12,0.9981,0.1123,72,0.7665,0
0.0735,0,3,144.5703,4.3033,1,0.0,0.0,0.0,511,351,0.9294,0.0432,44,0.1728,1
4.0186,0,3,1126.0525,4106.731,1,0.0,0.0,0.0,12,8,0.872,0.0045,71,0.7809,0
3.683,0,0,714.4571,4441.9765,0,0.0,0.0,0.0,18,7,0.8507,0.1035,136,0.8769,0
0.0531,2,0,24.1358,3.9487,1,0.0,0.0,0.0,271,409,0.8744,0.067,30,0.3084,1
0.3986,0,0,48.2908,4.9929,1,1.0,0.0,0.0,369,437,0.9492,0.0601,25,0.3349,1
0.6345,2,0,1.2384,3.8723,2,0.0,0.0,0.0,142,14,0.1432,0.794,4,0.1418,2
67.405,0,3,838.3667,2857.128,0,0.0,0.0,0.0,9,17,0.7622,0.1333,91,0.8326,0
0.0958,0,3,97.5317,8.6767,2,0.0,0.0,0.0,468,374,0.9151,0.0407,29,0.1186,1
0.5768,0,1,555.0408,266.558,0,0.0,3.0,7.0,97,135,0.8004,0.0129,101,0.7643,3
0.2901,0,0,34.2342,19.793,2,0.0,0.0,0.0,266,11,0.1995,0.8274,18,0.0174,2
21.1909,1,4,1042.9215,2200.4705,0,0.0,0.0,0.0,16,6,0.9878,0.0966,86,0.9246,0
0.8826,0,0,17.6294,27.315,2,0.0,0.0,0.0,80,8,0.0688,0.8342,4,0.0318,2
9.4611,2,0,877.7691,2511.4369,0,0.0,0.0,0.0,11,10,0.7735,0.0306,132,0.7009,0
0.3624,0,2,6.4814,26.6299,2,0.0,0.0,0.0,184,8,0.1974,0.8604,20,0.0728,2
0.0977,0,5,36.0139,7.8738,1,0.0,0.0,0.0,276,339,0.9903,0.052,5,0.2322,1
1.005,0,3,52.8045,10.8156,1,0.0,0.0,0.0,229,4,0.0771,0.8172,14,0.0908,2
1.0718,0,1,481.8241,591.6323,0,0.0,4.0,2.0,74,74,0.8201,0.0135,88,0.8741,3
3.4484,0,1,322.747,585.7467,0,0.0,1.0,3.0,127,38,0.8251,0.0395,104,0.7009,3
2.4392,0,0,276.7862,3242.1739,0,0.0,0.0,0.0,15,14,0.9492,0.0558,185,0.9618,0
0.2733,0,0,17.9171,3.7883,1,0.0,0.0,0.0,352,481,0.9035,0.0366,4,0.2353,1
0.097,0,0,80.2585,7.335,1,0.0,0.0,0.0,330,290,0.9845,0.0022,35,0.2536,1
10.6714,0,1,162.3344,432.252,0,0.0,4.0,7.0,48,112,0.8153,0.038,110,0.8741,3
0.1328,0,0,28.2813,8.5244,1,0.0,0.0,0.0,351,362,0.9441,0.021,2,0.308,1
12.2408,0,0,241.9413,5484.7691,0,0.0,0.0,0.0,15,16,0.9822,0.0437,72,0.7269,0
2.1414,0,0,575.6571,5832.3156,0,0.0,0.0,0.0,9,8,0.9629,0.132,107,0.9524,0
0.1074,0,0,55.4674,26.8618,2,0.0,0.0,0.0,102,13,0.0559,0.8482,19,0.0572,2
0.4512,0,5,134.817,2.7471,1,0.0,0.0,0.0,323,489,0.9003,0.0302,34,0.2507,1
9.8278,0,0,623.4982,3361.2584,0,0.0,0.0,0.0,13,9,0.7937,0.0965,58,0.9882,0
20.453,0,0,191.6875,4612.9413,0,0.0,0.0,0.0,11,8,0.8047,0.1466,156,0.8473,0
17.2767,1,3,573.6604,2909.0968,0,0.0,1.0,0.0,13,11,0.8691,0.1114,199,0.8333,0
13.699,0,1,1280.009,2803.2124,1,0.0,0.0,0.0,13,13,0.9547,0.0201,88,0.747,0
0.8652,1,2,59.4784,22.7408,1,0.0,0.0,0.0,241,1,0.1994,0.911,1,0.0885,2
7.1,0,1,204.786,682.2564,0,0.0,3.0,5.0,41,55,0.9701,0.0618,185,0.6706,3
0.2392,0,2,549.5806,703.3329,0,0.0,2.0,2.0,57,35,0.9457,0.0924,168,0.8973,3
13.0002,0,0,1677.9218,2785.3534,0,0.0,0.0,0.0,21,9,0.9462,0.1384,141,0.9904,0
0.9338,0,1,353.1583,623.1389,0,0.0,1.0,2.0,35,89,0.9911,0.0352,131,0.919,3
10.9251,0,1,244.0405,433.1563,1,0.0,2.0,5.0,60,122,0.9281,0.0708,82,0.6434,3
12.4376,0,2,1664.3475,2693.3618,2,0.0,0.0,0.0,13,14,0.8647,0.0942,202,0.9003,0
0.5085,1,4,56.2922,23.5815,1,0.0,0.0,0.0,248,3,0.2055,0.9888,22,0.187,2
10.6149,0,0,2043.3128,4144.1646,0,0.0,0.0,0.0,13,9,0.8251,0.0362,134,0.8251,0
3.1169,0,1,402.4828,482.4776,0,0.0,4.0,3.0,43,66,0.9289,0.0879,40,0.6647,3
0.276,0,0,26.5,1.3688,1,0.0,0.0,0.0,405,368,0.9067,0.0506,31,0.3883,1
0.6294,1,0,2248.1743,6204.9505,0,0.0,0.0,0.0,14,9,0.8324,0.0164,71,0.7651,0
1.1919,0,3,26.9487,16.1963,2,0.0,0.0,0.0,157,12,0.0757,0.8702,2,0.036,2
0.0715,0,5,26.2496,31.0948,1,0.0,0.0,0.0,292,11,0.1336,0.9866,24,0.0699,2
0.1387,0,0,167.7245,1.5588,1,3.0,0.0,0.0,470,396,0.9316,0.0782,29,0.3217,1
11.652,0,0,752.6189,6946.8168,0,0.0,0.0,0.0,11,18,0.9719,0.0896,90,0.8578,0
0.2589,0,2,9.4543,0.0055,1,0.0,0.0,0.0,96,9,0.224,0.7803,18,0.0643,2
17.7843,0,1,1880.5527,3245.5037,0,0.0,0.0,0.0,14,9,0.9405,0.0478,208,0.8241,0
1.2925,0,2,318.1521,287.1495,0,0.0,2.0,4.0,81,86,0.9878,0.0903,59,0.7856,3
0.1105,0,1,43.0962,30.5182,1,0.0,0.0,0.0,163,5,0.2232,0.7772,2,0.1815,2
0.6651,0,0,382.278,7803.088,0,0.0,1.0,0.0,14,8,0.9347,0.0994,111,0.9267,0
0.2504,0,1,550.8938,771.4367,0,0.0,5.0,4.0,120,126,0.9814,0.0402,67,0.7718,3
12.4797,0,0,2083.6772,5349.081,0,0.0,0.0,0.0,15,7,0.7774,0.1491,120,0.7584,0
6.485,1,1,709.9675,4270.6119,0,0.0,0.0,0.0,12,8,0.9886,0.1328,108,0.7631,0
0.0868,0,0,209.9061,5.5949,1,0.0,0.0,0.0,434,207,0.9401,0.0372,19,0.1638,1
0.0978,0,0,9.7519,3.1578,1,0.0,0.0,0.0,429,392,0.853,0.0872,45,0.3547,1
0.3194,0,1,177.2808,760.6278,0,0.0,3.0,4.0,60,26,0.8861,0.0469,164,0.9178,3
0.8491,0,2,34.7542,29.5536,2,0.0,0.0,0.0,88,1,0.089,0.9535,19,0.1538,2
1.6322,0,2,592.2036,7517.4804,0,0.0,0.0,0.0,18,7,0.9918,0.0421,122,0.9419,0
0.2665,0,3,88.0514,7.0264,1,0.0,0.0,0.0,424,280,0.9036,0.0003,38,0.3707,1
2.3302,0,1,303.3417,269.8889,0,0.0,5.0,4.0,62,91,0.9096,0.0875,93,0.8176,3
0.4835,0,3,61.0949,4.1608,2,0.0,0.0,0.0,392,321,0.9526,0.0355,10,0.3819,1
37.0627,0,0,737.2655,4999.785,0,0.0,0.0,0.0,7,15,0.9038,0.0918,133,0.8957,0
1.6372,0,1,169.815,698.4409,0,0.0,5.0,2.0,115,36,0.9396,0.0798,51,0.6446,3
0.4445,1,0,106.667,9.3992,1,1.0,0.0,0.0,351,388,0.9967,0.0431,23,0.314,1
1.3333,0,3,677.4649,1992.8731,0,0.0,0.0,0.0,16,16,0.9384,0.0342,225,0.9025,0
0.7274,0,2,150.805,617.079,0,0.0,3.0,5.0,91,55,0.924,0.0231,99,0.802,3
5.2296,0,2,184.3214,650.5502,0,0.0,3.0,6.0,124,98,0.8227,0.0213,65,0.7158,3
0.2666,0,0,8.5946,8.1306,2,3.0,0.0,0.0,263,402,0.9355,0.0236,5,0.3965,1
0.1557,0,5,89.9659,7.5583,1,0.0,0.0,0.0,447,286,0.8687,0.0563,39,0.368,1
0.2798,0,0,18.6495,0.2813,1,0.0,0.0,0.0,309,443,0.9675,0.0269,36,0.1894,1
28.5339,1,0,626.1271,2422.0974,0,0.0,0.0,0.0,14,10,0.8974,0.0321,219,0.8219,0
2.4533,0,2,332.2364,596.5381,0,0.0,2.0,7.0,121,87,0.961,0.0648,62,0.9383,3
0.0027,0,0,39.265,9.551,1,0.0,0.0,0.0,478,248,0.9952,0.049,23,0.3734,1
0.812,0,1,589.0761,399.0438,1,0.0,5.0,4.0,130,118,0.9071,0.0744,197,0.7065,3
0.3221,0,0,55.6424,3.3846,1,0.0,0.0,0.0,253,294,0.9974,0.0855,13,0.2956,1
8.2698,1,0,304.4138,1338.3046,0,0.0,0.0,0.0,5,12,0.9634,0.0257,186,0.8589,0
3.8835,0,1,457.4943,631.336,0,0.0,5.0,3.0,139,42,0.8726,0.0687,178,0.9003,3
8.3422,0,2,519.5194,696.6274,0,0.0,5.0,7.0,95,32,0.9626,0.0534,127,0.6551,3
0.1745,0,0,0.6033,12.2849,2,0.0,0.0,0.0,280,4,0.2029,0.9893,5,0.1489,2
0.3042,0,3,60.6637,8.1398,1,0.0,0.0,0.0,395,336,0.9588,0.0549,42,0.2673,1
0.0164,0,0,37.5972,4.7974,1,0.0,0.0,0.0,275,215,0.9377,0.0505,28,0.1642,1
0.4774,1,1,40.9447,1.9055,1,0.0,0.0,0.0,267,11,0.2479,0.9598,11,0.1317,2
0.4767,0,5,50.5244,8.4923,1,1.0,0.0,0.0,441,439,0.9816,0.0587,40,0.3154,1
0.2866,0,5,20.4645,0.888,2,0.0,0.0,0.0,380,478,0.9136,0.0521,27,0.168,1
28.5189,0,3,162.4936,2454.8295,0,0.0,0.0,0.0,15,11,0.7791,0.0788,155,0.7401,0
0.9516,0,1,375.0765,331.8735,2,0.0,2.0,5.0,149,88,0.8372,0.0907,57,0.7799,3
0.344,0,0,59.0159,2.3907,2,0.0,0.0,0.0,308,472,0.9852,0.0502,32,0.3438,1
0.1499,0,0,56.2604,1.6387,1,0.0,0.0,0.0,287,423,0.907,0.0397,9,0.1947,1
5.9355,1,0,501.7277,2253.1987,0,0.0,0.0,0.0,8,15,0.8946,0.1049,85,0.892,0
26.2047,0,1,470.2165,239.4203,0,0.0,5.0,2.0,112,84,0.8489,0.0882,68,0.9,3
31.087,0,5,143.2532,2385.6051,0,0.0,0.0,0.0,10,14,0.8939,0.0822,59,0.8499,0
2.1681,0,1,490.5073,569.5664,0,0.0,1.0,5.0,124,78,0.999,0.0234,145,0.808,3
3.1002,0,0,1461.6389,5475.6426,0,0.0,0.0,0.0,16,7,0.781,0.012,138,0.8878,0
0.9537,0,3,0.3266,31.8436,1,0.0,0.0,0.0,254,7,0.2463,0.8158,8,0.0145,2
1.9776,0,1,581.2568,645.0381,0,0.0,3.0,6.0,110,66,0.8332,0.0889,68,0.778,3
24.4046,1,2,811.6118,7300.4725,0,0.0,0.0,0.0,9,10,0.7869,0.0818,212,0.7476,0
5.6238,2,2,454.7535,5660.4572,0,0.0,0.0,0.0,12,10,0.852,0.0322,129,0.8774,0
11.9194,0,1,498.7897,734.0732,0,0.0,5.0,5.0,54,79,0.9138,0.0688,160,0.743,3
0.1158,0,0,86.4289,7.664,1,1.0,0.0,0.0,364,267,0.954,0.03,16,0.3721,1
0.693,1,1,923.6235,2879.6028,0,0.0,0.0,0.0,15,10,0.77,0.0458,213,0.8773,0
1.112,0,1,340.4576,503.8564,0,0.0,3.0,2.0,89,54,0.9438,0.0409,50,0.858,3
0.2983,2,3,17.8022,0.14,2,0.0,0.0,0.0,242,2,0.1437,0.8347,22,0.1173,2
0.1109,0,1,36.1476,13.4312,1,0.0,0.0,0.0,178,10,0.0808,0.8878,12,0.0718,2
0.4005,0,0,47.1281,5.9351,2,0.0,0.0,0.0,410,261,0.9686,0.0042,45,0.1939,1
2.5333,0,1,383.6467,398.1211,1,0.0,1.0,4.0,86,115,0.9934,0.0417,119,0.9056,3
15.6558,0,3,649.7115,2774.7882,0,0.0,0.0,0.0,16,8,0.9473,0.0326,162,0.7522,0
3.2944,1,0,782.7412,2746.4044,0,0.0,0.0,0.0,14,14,0.7926,0.0515,72,0.7638,0
6.5574,0,0,497.3364,7071.7241,0,0.0,0.0,0.0,14,14,0.99,0.0254,196,0.757,0
17.3067,0,4,475.7753,2704.6911,1,0.0,0.0,0.0,21,13,0.9602,0.07,106,0.8744,0
0.4985,0,0,71.8519,7.4027,1,0.0,0.0,0.0,392,371,0.8926,0.0366,14,0.1917,1
0.0095,1,3,66.3788,5.2491,1,0.0,0.0,0.0,507,468,0.9937,0.0569,7,0.3135,1
0.3342,0,3,142.27,9.8981,1,0.0,0.0,0.0,440,384,0.9811,0.025,33,0.3017,1
0.4603,0,1,341.5671,651.3703,1,0.0,2.0,2.0,55,26,0.9575,0.029,47,0.6431,3
20.2709,2,0,1142.4852,2154.9545,0,0.0,0.0,0.0,16,9,0.9597,0.1283,57,0.8187,0
10.4223,0,1,364.296,509.1741,0,0.0,2.0,5.0,123,40,0.9364,0.0596,198,0.7932,3
14.3877,0,0,1436.1368,3788.6375,0,0.0,0.0,0.0,16,15,0.9073,0.1136,202,0.8505,0
17.2368,1,0,555.6704,2670.4617,0,0.0,0.0,0.0,6,12,0.8031,0.1305,253,0.7816,0
0.4512,1,3,63.4817,6.2776,1,0.0,0.0,0.0,367,424,0.9393,0.006,38,0.3545,1
0.5129,0,2,11.2372,22.3021,0,0.0,0.0,0.0,265,3,0.236,0.9816,3,0.0447,2
0.24,0,0,48.7745,0.1281,1,0.0,0.0,0.0,357,473,0.8549,0.0884,23,0.3093,1
1.3223,0,1,230.4599,416.014,0,0.0,2.0,6.0,67,57,0.9307,0.0697,104,0.8792,3
0.5468,0,0,1295.8195,2082.9501,0,0.0,0.0,0.0,15,17,0.7873,0.0467,228,0.862,0
0.4113,0,0,202.5218,2.4781,1,0.0,0.0,0.0,395,455,0.8873,0.0848,8,0.3628,1
0.1529,0,4,30.8694,27.2505,0,0.0,0.0,0.0,113,13,0.1721,0.7784,20,0.1891,2
0.2069,2,0,107.7051,1.5619,1,0.0,0.0,0.0,266,354,0.9072,0.0052,13,0.1597,1
3.5561,0,1,1568.2515,5554.3577,0,0.0,0.0,0.0,15,8,0.7753,0.1336,166,0.8459,0
1.5941,1,3,795.7805,6247.7702,0,0.0,0.0,0.0,14,12,0.8503,0.0108,168,0.7405,0
29.7504,0,1,492.3155,2193.335,3,0.0,0.0,0.0,18,10,0.7941,0.1295,136,0.7606,0
0.1594,0,5,983.0303,1752.8145,0,0.0,0.0,0.0,8,15,0.7973,0.0675,180,0.8967,0
6.1429,0,1,553.062,203.4804,0,0.0,2.0,7.0,46,84,0.8048,0.0598,99,0.9138,3
0.3435,0,0,101.5388,7.293,1,1.0,0.0,0.0,499,261,0.9832,0.0623,38,0.1067,1
0.8922,0,1,556.0847,409.8206,2,0.0,3.0,6.0,78,52,0.8643,0.0219,152,0.7926,3
0.1902,0,0,9.3854,8.7588,1,0.0,0.0,0.0,421,300,0.8919,0.0675,3,0.1158,1
2.9779,0,1,372.7404,432.7538,0,0.0,4.0,7.0,129,80,0.8851,0.0193,40,0.8669,3
0.243,0,1,371.6799,676.4515,0,0.0,1.0,5.0,42,38,0.9748,0.0585,97,0.7795,3
5.7226,0,1,169.6785,777.3837,1,0.0,5.0,2.0,96,69,0.8457,0.0576,187,0.9058,3
5.8328,0,1,397.1691,776.5782,0,0.0,1.0,4.0,43,30,0.9334,0.0945,52,0.8295,3
17.69,0,1,279.5618,406.2307,0,0.0,1.0,3.0,51,101,0.8902,0.0615,156,0.7363,3
11.74,0,4,248.3983,1204.8977,0,0.0,0.0,0.0,13,12,0.9389,0.1087,136,0.9867,0
1.8748,0,1,455.6577,567.1858,2,0.0,3.0,2.0,130,42,0.8587,0.0621,125,0.6049,3
1.118,0,5,57.7212,23.9457,2,0.0,0.0,0.0,97,6,0.1447,0.8318,14,0.1463,2
0.1311,0,3,48.5944,20.972,2,0.0,0.0,0.0,198,8,0.0753,0.8841,15,0.1595,2
5.6858,0,0,1484.042,1368.2598,0,0.0,0.0,0.0,7,19,0.8167,0.0494,230,0.7098,0
0.2268,2,0,245.789,9.1491,3,0.0,0.0,0.0,349,467,0.9552,0.0391,5,0.3385,1
2.4438,0,0,712.1273,5185.4714,0,0.0,0.0,0.0,14,12,0.8837,0.0138,228,0.969,0
0.1337,0,1,19.434,6.0785,2,0.0,0.0,0.0,221,11,0.2122,0.8046,13,0.1627,2
1.0808,0,1,555.4873,380.5128,1,0.0,2.0,3.0,122,137,0.995,0.0113,52,0.768,3
0.9001,0,1,421.9573,476.4186,0,0.0,4.0,2.0,52,80,0.8443,0.006,147,0.8074,3
0.4239,0,0,97.129,5.5379,1,0.0,0.0,0.0,489,332,0.88,0.021,28,0.1167,1
0.0574,1,0,11.7468,2.9431,1,0.0,0.0,0.0,377,365,0.8976,0.0082,46,0.1537,1
0.9728,0,3,17.9981,4.6805,1,0.0,0.0,0.0,162,11,0.1046,0.8022,24,0.1447,2
3.9815,0,2,166.1286,641.2411,0,0.0,5.0,3.0,141,72,0.921,0.0761,123,0.7373,3
0.7714,1,3,31.1701,19.6846,2,0.0,0.0,0.0,97,13,0.2202,0.9737,14,0.102,2
14.6467,0,0,1341.7192,6198.2045,0,0.0,0.0,0.0,16,8,0.844,0.0956,84,0.9085,0
2.4355,0,1,382.9446,468.6572,0,0.0,2.0,7.0,74,139,0.8769,0.1,44,0.7256,3
1.8361,0,1,331.1805,645.4314,0,0.0,5.0,3.0,39,132,0.8537,0.0183,40,0.8529,3
1.0716,0,1,18.4201,22.8348,0,0.0,0.0,0.0,223,10,0.0258,0.9627,22,0.181,2
1.0662,1,2,44.8973,16.8215,1,0.0,0.0,0.0,89,8,0.2204,0.8294,4,0.1808,2
0.7075,0,2,35.7696,15.0152,0,0.0,0.0,0.0,196,10,0.1234,0.8575,9,0.0901,2
0.8543,0,1,302.0438,580.7789,0,0.0,4.0,3.0,126,126,0.8184,0.0774,98,0.6126,3
8.4832,0,5,886.0744,2476.5057,0,0.0,0.0,0.0,14,15,0.8885,0.1233,94,0.7815,0
1.03,1,2,35.8063,23.5246,1,0.0,0.0,0.0,168,5,0.1693,0.9306,23,0.154,2
0.434,0,0,46.2225,7.3927,1,0.0,0.0,0.0,504,373,0.9131,0.0305,27,0.2583,1
0.3009,0,1,1.8762,17.1063,3,0.0,0.0,0.0,145,14,0.2405,0.9782,20,0.1427,2
1.0372,0,1,521.1167,520.6566,2,0.0,1.0,4.0,142,58,0.9027,0.0953,111,0.6707,3
1.126,0,2,481.4083,786.5377,0,0.0,2.0,6.0,116,92,0.9723,0.047,90,0.9087,3
2.4106,0,1,174.9929,574.6655,0,0.0,3.0,4.0,45,81,0.9409,0.0638,144,0.6183,3
0.2144,1,0,32.6583,22.0938,1,0.0,0.0,0.0,267,4,0.0654,0.8852,15,0.1276,2
0.039,0,0,15.3564,2.5654,1,0.0,0.0,0.0,336,343,0.9221,0.0478,23,0.1981,1
0.4643,0,2,48.0696,29.9355,2,0.0,0.0,0.0,126,8,0.1578,0.98,3,0.0289,2
1.2171,0,1,363.9852,508.844,0,0.0,1.0,3.0,110,124,0.8608,0.0633,46,0.8695,3
0.342,1,3,9.3716,7.1178,1,0.0,0.0,0.0,493,213,0.9653,0.044,44,0.1323,1
6.8981,0,0,667.2819,3527.2668,0,0.0,0.0,0.0,12,9,0.9255,0.0308,142,0.8038,0
30.0124,0,0,973.5673,3864.2813,0,0.0,0.0,0.0,15,15,0.8046,0.1034,60,0.7695,0
0.5663,0,3,46.4088,8.8408,2,0.0,0.0,0.0,161,5,0.1022,0.8633,15,0.1071,2
0.4964,0,1,13.4677,23.2223,2,0.0,0.0,0.0,267,12,0.1266,0.7799,15,0.1502,2
0.6934,0,1,375.3943,302.7758,0,0.0,1.0,2.0,99,138,0.8732,0.0053,165,0.8025,3
0.9219,0,4,39.0242,1.9148,2,0.0,0.0,0.0,170,2,0.0685,0.8873,13,0.1296,2
0.2065,1,0,5.1928,30.395,1,0.0,0.0,0.0,203,3,0.1812,0.8746,14,0.1799,2
0.1311,0,0,28.8066,8.4286,1,0.0,0.0,0.0,393,421,0.9655,0.0259,40,0.1243,1
2.3275,0,2,459.4951,407.5191,0,0.0,4.0,2.0,53,37,0.9818,0.0877,157,0.6181,3
0.2865,0,3,19.2291,23.9763,1,0.0,0.0,0.0,137,4,0.0402,0.9912,14,0.1644,2
0.5249,2,3,36.9317,16.5152,2,0.0,0.0,0.0,254,5,0.2171,0.9478,22,0.0164,2
34.8467,1,0,680.616,1145.3609,0,0.0,0.0,0.0,11,16,0.8745,0.1136,117,0.8914,0
0.4807,1,0,80.8515,5.0997,1,0.0,0.0,0.0,347,216,0.9202,0.0309,46,0.123,1
11.698,1,0,1202.2138,2651.1321,0,0.0,0.0,0.0,9,10,0.8765,0.0016,101,0.722,0
11.2473,0,1,482.051,689.8781,0,0.0,4.0,2.0,46,50,0.851,0.0598,166,0.6079,3
3.2826,0,0,811.1822,3318.1152,0,0.0,0.0,0.0,18,11,0.8183,0.0588,78,0.7496,0
5.1946,0,0,1069.4972,2321.674,0,0.0,0.0,0.0,17,9,0.9383,0.0995,159,0.8133,0
0.2949,1,2,23.3122,25.3293,2,0.0,0.0,0.0,239,4,0.2298,0.8624,18,0.1204,2
18.2611,0,4,435.689,839.9629,0,0.0,1.0,0.0,13,13,0.8467,0.086,126,0.8495,0
6.0809,0,1,519.4916,356.7132,1,0.0,3.0,4.0,145,34,0.9765,0.0943,128,0.917,3
8.4685,0,1,193.1051,529.9519,0,0.0,5.0,6.0,147,25,0.9619,0.0702,91,0.6197,3
4.8455,0,1,262.5674,243.363,0,0.0,1.0,4.0,107,79,0.9558,0.0608,89,0.8559,3
1.0377,1,2,61.5912,2.4709,1,0.0,0.0,0.0,128,1,0.1119,0.9051,12,0.1751,2
0.9244,0,3,53.2406,9.1774,2,0.0,0.0,0.0,174,14,0.0661,0.9462,10,0.0853,2
8.5927,0,0,122.0447,3906.2337,0,0.0,0.0,0.0,13,12,0.8438,0.0548,220,0.9469,0
0.5769,0,2,225.6989,641.6783,0,0.0,3.0,4.0,32,84,0.9143,0.0921,85,0.8328,3
0.2267,0,1,30.4884,20.5873,1,0.0,0.0,0.0,128,12,0.1715,0.9873,19,0.0906,2
0.3155,1,0,57.0785,27.6881,2,0.0,0.0,0.0,255,10,0.1711,0.9571,11,0.1901,2
3.7039,0,3,621.8863,2352.16,0,0.0,0.0,0.0,15,12,0.9457,0.0634,239,0.7644,0
0.1039,1,3,153.6725,6.2987,0,0.0,0.0,0.0,470,215,0.9049,0.0875,30,0.3647,1
24.1241,0,1,436.2616,676.6139,1,0.0,3.0,4.0,31,41,0.9916,0.0823,46,0.7912,3
3.9271,0,3,1964.2854,4141.8525,0,0.0,0.0,0.0,16,9,0.9977,0.0414,119,0.7091,0
8.4953,0,1,575.4904,719.7035,0,0.0,1.0,4.0,113,101,0.8074,0.0095,196,0.7155,3
3.2132,0,1,157.4337,414.5548,0,0.0,4.0,7.0,54,102,0.8741,0.0201,158,0.8643,3
0.082,0,5,40.4593,5.278,2,0.0,0.0,0.0,307,334,0.9538,0.0336,20,0.3201,1
18.0755,0,0,1128.75,6324.6287,0,0.0,0.0,0.0,12,10,0.878,0.1014,200,0.8566,0
13.3547,0,0,98.3164,2417.991,0,0.0,0.0,0.0,15,13,0.813,0.0819,82,0.9368,0
19.1059,1,3,1395.7638,3425.5154,0,0.0,0.0,0.0,12,16,0.7521,0.003,107,0.8771,0
3.7077,0,1,465.8034,597.3133,0,0.0,1.0,4.0,75,34,0.9093,0.0503,139,0.65,3
7.3779,0,2,1718.0789,3923.8885,0,0.0,1.0,0.0,9,6,0.8702,0.0971,72,0.7742,0
1.5259,0,0,368.9443,3226.9538,0,0.0,0.0,0.0,11,10,0.9764,0.0933,213,0.8467,0
2.0016,0,1,287.1304,389.9913,0,0.0,4.0,3.0,70,112,0.9083,0.0785,77,0.6542,3
0.4148,0,0,20.6053,2.5861,1,1.0,0.0,0.0,395,226,0.9097,0.0478,18,0.2558,1
1.5146,0,1,288.9951,468.4088,0,0.0,3.0,3.0,116,48,0.9155,0.092,59,0.7662,3
35.7843,2,5,852.6577,1980.3585,0,0.0,0.0,0.0,23,10,0.8907,0.1169,216,0.7901,0
0.2982,0,0,156.4982,1.4222,2,0.0,0.0,0.0,272,251,0.9488,0.001,9,0.2733,1
0.6773,1,2,257.2566,4318.8229,3,0.0,0.0,0.0,12,13,0.9586,0.1059,162,0.9283,0
4.6584,0,2,268.2452,273.7956,0,0.0,3.0,2.0,100,30,0.9701,0.0096,129,0.6568,3
5.97,0,2,492.6539,771.2283,0,0.0,5.0,4.0,119,106,0.9024,0.0163,40,0.8309,3
13.2203,0,0,385.5933,3771.2794,0,0.0,0.0,0.0,11,11,0.939,0.1491,70,0.8518,0
1.2531,0,1,472.748,418.7613,1,0.0,1.0,7.0,149,127,0.9326,0.0775,116,0.7912,3
0.2404,2,2,48.6614,1.4501,1,0.0,0.0,0.0,94,11,0.1557,0.7754,14,0.0165,2
0.1801,0,3,79.7974,3.3597,0,0.0,0.0,0.0,432,349,0.8889,0.0193,25,0.2398,1
0.0674,0,3,55.5474,6.434,1,0.0,0.0,0.0,473,218,0.9514,0.064,11,0.1284,1
12.205,0,1,364.6858,242.9314,0,0.0,1.0,2.0,52,29,0.9874,0.0501,151,0.6014,3
3.8987,0,0,746.5243,3083.338,0,0.0,0.0,0.0,13,6,0.9342,0.0498,52,0.9894,0
0.5303,0,4,60.4143,10.384,1,0.0,0.0,0.0,196,6,0.1261,0.7874,4,0.0316,2
2.5577,0,5,140.4621,7392.9568,0,0.0,0.0,0.0,14,8,0.7944,0.0165,62,0.81,0
51.9062,0,0,974.0554,2543.0867,0,0.0,0.0,0.0,11,12,0.9994,0.1328,61,0.8671,0
1.1172,0,1,311.9676,203.3372,0,0.0,5.0,6.0,30,59,0.9813,0.0452,118,0.9134,3
0.0799,0,0,88.4904,4.9519,2,0.0,0.0,0.0,351,295,0.9955,0.0509,17,0.3337,1
0.274,0,0,847.8953,6802.4792,0,0.0,0.0,0.0,13,15,0.847,0.0567,64,0.7055,0
0.2174,0,1,277.4682,367.7456,0,0.0,2.0,2.0,138,61,0.955,0.0311,142,0.8451,3
0.0139,0,0,103.2083,4.8699,3,3.0,0.0,0.0,507,353,0.976,0.0933,12,0.399,1
1.1435,0,2,518.6204,379.0904,0,0.0,5.0,6.0,141,131,0.9236,0.0914,91,0.7512,3
19.2677,0,3,559.463,1876.3044,0,0.0,0.0,0.0,9,10,0.7873,0.0763,207,0.9057,0
0.1453,0,1,16.8374,5.4142,2,0.0,0.0,0.0,269,7,0.1123,0.9503,3,0.0319,2
0.1558,0,1,63.6898,6.0274,2,0.0,0.0,0.0,198,6,0.2373,0.8763,20,0.0747,2
0.6601,1,3,6.7703,11.6293,2,0.0,0.0,0.0,248,14,0.0476,0.8819,10,0.0321,2
6.0798,2,1,1050.8492,3172.0851,0,0.0,0.0,0.0,15,9,0.823,0.0716,66,0.801,0
1.5972,0,2,394.9382,423.7689,2,0.0,4.0,7.0,125,25,0.9258,0.0155,109,0.8009,3
0.3993,0,1,309.3251,507.8418,0,0.0,2.0,3.0,33,128,0.9462,0.0223,180,0.6738,3
0.18,0,0,120.6955,9.4413,0,0.0,0.0,0.0,352,364,0.9107,0.097,36,0.3164,1
0.479,1,0,14.4612,8.989,1,0.0,0.0,0.0,423,453,0.8923,0.0451,18,0.1044,1
0.7366,0,5,35.0208,8.0051,1,0.0,0.0,0.0,231,13,0.1246,0.8624,10,0.1452,2
0.4604,0,5,20.824,5.1191,1,0.0,0.0,0.0,498,501,0.9972,0.0703,38,0.2995,1
1.4046,0,1,599.5123,678.7065,0,0.0,5.0,2.0,33,130,0.8911,0.056,189,0.7647,3
2.101,0,1,151.2897,443.1484,0,0.0,5.0,6.0,74,69,0.8148,0.071,175,0.768,3
5.5661,0,1,448.4592,631.7793,2,0.0,3.0,2.0,60,34,0.9832,0.0974,193,0.626,3
0.0936,0,3,34.0687,4.3286,1,0.0,0.0,0.0,267,315,0.9641,0.0883,26,0.208,1
0.4104,0,0,35.2684,3.8349,1,3.0,0.0,0.0,459,308,0.8718,0.0188,28,0.1562,1
0.3413,0,0,11.9275,1.406,1,0.0,0.0,0.0,511,246,0.9107,0.0167,47,0.3092,1
3.508,1,0,841.4229,1328.2216,0,0.0,0.0,0.0,14,11,0.9783,0.032,75,0.7862,0
0.3203,0,1,395.7822,410.6466,0,0.0,2.0,3.0,94,26,0.8804,0.0254,161,0.7839,3
2.3275,0,1,383.2003,312.9719,2,0.0,4.0,3.0,83,35,0.9734,0.0625,92,0.85,3
7.122,0,1,589.004,614.844,0,0.0,4.0,7.0,76,45,0.9529,0.0081,65,0.6435,3
0.252,0,0,16.8663,9.0563,1,0.0,0.0,0.0,269,479,0.859,0.0321,49,0.1192,1
0.4492,2,0,13.2571,6.8612,2,0.0,0.0,0.0,402,478,0.9404,0.0507,9,0.123,1
0.1312,1,0,58.0773,2.4011,1,0.0,0.0,0.0,342,282,0.9071,0.0071,16,0.1851,1
0.216,0,0,49.971,6.4951,2,1.0,0.0,0.0,477,244,0.9999,0.0756,43,0.2972,1
12.6389,0,1,210.8605,559.2625,0,0.0,1.0,7.0,84,85,0.9811,0.03,81,0.7604,3
3.0337,0,1,301.5355,627.502,0,0.0,3.0,6.0,31,102,0.9616,0.0666,117,0.8216,3
0.8744,0,1,470.8434,271.1643,0,0.0,5.0,7.0,60,95,0.8206,0.0689,115,0.8442,3
3.0547,0,0,772.9291,761.914,0,0.0,0.0,0.0,14,14,0.7738,0.0909,85,0.8589,0
0.1756,0,0,58.0258,8.7289,2,0.0,0.0,0.0,267,505,0.8644,0.0297,36,0.1919,1
16.4279,0,0,389.2822,2815.999,0,0.0,0.0,0.0,10,18,0.7866,0.0917,139,0.9878,0
4.0101,0,1,418.2437,453.0694,0,0.0,1.0,7.0,34,114,0.9287,0.0439,91,0.8457,3
0.2251,0,0,23.3577,6.9278,1,0.0,0.0,0.0,268,451,0.9612,0.0936,30,0.1167,1
0.9845,1,1,17.9918,17.305,1,0.0,0.0,0.0,83,13,0.2388,0.9439,9,0.1744,2
1.5778,1,0,439.4039,954.0999,0,0.0,0.0,0.0,10,7,0.7619,0.1479,150,0.7666,0
0.3929,1,0,141.9132,4.7389,0,0.0,0.0,0.0,274,356,0.9255,0.0678,12,0.1933,1
3.9942,0,2,245.5612,387.8563,1,0.0,3.0,3.0,74,59,0.9704,0.0597,167,0.6541,3
3.9704,0,1,226.9009,616.1421,0,0.0,3.0,2.0,84,78,0.8041,0.0567,164,0.734,3
0.2597,2,0,25.5252,31.4288,2,0.0,0.0,0.0,113,11,0.1567,0.949,4,0.111,2
1.7023,0,1,506.1252,563.4177,0,0.0,4.0,6.0,46,96,0.8755,0.0039,57,0.6629,3
0.9952,0,2,61.2721,14.4114,1,0.0,0.0,0.0,249,4,0.1945,0.8304,1,0.0954,2
0.5753,2,3,9.0396,28.6385,2,0.0,0.0,0.0,275,9,0.0309,0.8815,2,0.0192,2
2.0526,0,0,694.2037,7210.9628,0,0.0,0.0,0.0,16,18,0.8486,0.0636,211,0.9235,0
12.2493,0,0,359.9266,6663.6026,0,0.0,0.0,0.0,12,5,0.8038,0.129,199,0.7852,0
7.3127,1,5,365.6311,3668.9235,0,0.0,1.0,0.0,10,13,0.8145,0.0544,93,0.7915,0
2.6973,1,0,751.8516,1103.646,0,0.0,0.0,0.0,20,13,0.9972,0.1273,200,0.9349,0
0.2907,0,5,30.6932,3.3281,1,0.0,0.0,0.0,277,206,0.9354,0.0024,28,0.1804,1
0.1327,0,5,0.4455,22.5047,2,0.0,0.0,0.0,249,8,0.0182,0.8742,8,0.0888,2
7.8143,0,1,1915.2428,4450.2709,1,0.0,0.0,0.0,13,9,0.8116,0.0588,72,0.8893,0
76.9657,0,0,2623.8628,2429.8352,0,0.0,1.0,0.0,14,10,0.9428,0.0314,240,0.8818,0
0.2901,0,5,114.5571,2.4215,2,0.0,0.0,0.0,413,289,0.9827,0.0409,5,0.2529,1
18.2982,0,0,394.6519,5299.3008,0,0.0,0.0,0.0,14,9,0.8032,0.0819,168,0.7727,0
0.6537,0,4,46.9326,10.0733,1,0.0,0.0,0.0,233,9,0.0934,0.8533,1,0.1737,2
1.6026,0,2,312.0781,338.0626,1,0.0,5.0,3.0,73,31,0.9201,0.0186,55,0.9063,3
1.6058,0,1,173.7568,532.271,0,0.0,4.0,7.0,32,91,0.8059,0.0828,163,0.8322,3
9.826,0,0,160.8817,6344.0712,0,0.0,0.0,0.0,15,8,0.923,0.079,139,0.738,0
11.3438,0,1,323.4308,209.1348,0,0.0,3.0,7.0,130,93,0.8881,0.0423,153,0.6722,3
1.9931,0,2,188.7178,582.3657,1,0.0,3.0,7.0,87,35,0.9287,0.0853,135,0.7481,3
0.6999,1,0,0.9065,0.3615,2,0.0,0.0,0.0,246,14,0.1293,0.8025,16,0.0331,2
0.1297,0,0,55.249,2.2965,2,0.0,0.0,0.0,433,374,0.9564,0.0478,24,0.3179,1
4.0195,1,3,498.8662,3808.6298,0,0.0,0.0,0.0,15,8,0.917,0.0155,77,0.9725,0
0.6703,1,0,29.4785,12.6487,3,0.0,0.0,0.0,96,14,0.1081,0.8807,2,0.0583,2
0.4459,0,5,59.6666,8.8144,1,0.0,0.0,0.0,223,9,0.1698,0.7773,21,0.0397,2
1.7348,0,1,194.5498,532.3083,2,0.0,5.0,6.0,122,104,0.9392,0.0257,96,0.9182,3
9.085,0,2,461.3918,1947.4756,0,0.0,0.0,0.0,15,5,0.9518,0.0272,148,0.8533,0
13.176,0,0,3008.1052,2589.6748,0,0.0,0.0,0.0,11,19,0.7979,0.1367,155,0.972,0
0.458,0,3,135.4579,0.5728,1,0.0,0.0,0.0,473,262,0.8998,0.0973,34,0.1368,1
7.3885,0,0,1619.757,5983.69,0,0.0,0.0,0.0,20,13,0.9026,0.0691,218,0.8704,0
10.8253,0,0,2591.3879,3596.9498,0,0.0,0.0,0.0,12,10,0.8443,0.0784,83,0.8422,0
0.9849,0,0,61.6334,4.0224,2,0.0,0.0,0.0,222,11,0.2095,0.9426,3,0.1037,2
0.1911,1,3,579.2598,1764.1697,0,0.0,0.0,0.0,12,13,0.958,0.0846,154,0.974,0
0.0914,0,0,148.5992,0.8174,2,0.0,0.0,0.0,409,408,0.8534,0.0199,48,0.239,1
6.9635,0,0,275.7538,2700.9081,0,0.0,0.0,0.0,12,12,0.8229,0.1308,228,0.8252,0
13.3853,0,3,601.9034,1557.5363,0,0.0,0.0,0.0,12,10,0.888,0.0521,193,0.8171,0
0.4182,0,3,51.8541,4.4013,2,0.0,0.0,0.0,405,469,0.8761,0.0128,19,0.2279,1
0.5854,0,1,13.9597,26.5176,2,0.0,0.0,0.0,263,9,0.1534,0.8137,21,0.1093,2
0.1379,0,0,45.5915,6.7979,1,0.0,0.0,0.0,244,11,0.1862,0.8673,17,0.0559,2
0.3757,0,3,57.1171,2.3942,1,0.0,0.0,0.0,372,246,0.9935,0.096,39,0.2925,1
1.0197,1,3,63.9892,4.8085,2,0.0,0.0,0.0,285,8,0.1635,0.9712,12,0.0866,2
0.036,2,3,9.5731,8.2215,1,0.0,0.0,0.0,502,216,0.8757,0.0744,43,0.1331,1
8.2395,1,4,603.3577,5401.0395,0,0.0,0.0,0.0,5,16,0.8515,0.0144,53,0.906,0
2.2342,1,5,193.8357,3684.0553,0,0.0,0.0,0.0,10,19,0.9911,0.0337,157,0.8974,0
0.2653,1,0,64.4704,2.8359,1,0.0,0.0,0.0,485,506,0.9269,0.0431,42,0.3446,1
0.2192,0,1,52.648,12.0097,2,0.0,0.0,0.0,138,5,0.132,0.9505,9,0.0554,2
0.5779,1,5,23.7238,21.617,2,0.0,0.0,0.0,90,7,0.198,0.9553,15,0.1375,2
0.3971,1,0,9.7795,9.7339,1,0.0,0.0,0.0,332,463,0.8699,0.0296,2,0.3689,1
0.2594,0,0,27.1367,10.8267,2,0.0,0.0,0.0,180,5,0.0616,0.972,13,0.0138,2
0.3471,0,0,8.8436,7.277,1,0.0,0.0,0.0,267,422,0.9679,0.0242,48,0.1166,1
0.452,0,0,446.9673,6.8519,0,0.0,0.0,0.0,480,419,0.9759,0.0007,26,0.3522,1
0.3221,0,5,156.2321,8.5569,1,0.0,0.0,0.0,261,450,0.9596,0.0388,36,0.115,1
0.1128,0,0,35.6949,28.806,0,0.0,0.0,0.0,150,5,0.0795,0.8411,3,0.0235,2
2.0652,0,0,136.6323,5364.8711,0,0.0,0.0,0.0,18,5,0.8939,0.0012,193,0.9239,0
0.5883,1,3,17.7459,25.7294,2,0.0,0.0,0.0,201,10,0.2105,0.9974,14,0.0509,2
15.6232,1,4,150.9003,3561.5631,0,0.0,1.0,0.0,8,8,0.8067,0.0771,116,0.826,0
1.8656,0,0,411.573,5773.7393,0,0.0,0.0,0.0,8,11,0.8067,0.0485,189,0.9248,0
0.7328,1,3,42.8352,25.5348,2,0.0,0.0,0.0,115,6,0.0811,0.9508,2,0.023,2
0.388,1,0,18.1462,4.5285,2,0.0,0.0,0.0,235,2,0.2242,0.9166,16,0.1633,2
4.1183,0,1,239.0634,597.3583,0,0.0,4.0,6.0,31,38,0.9018,0.0327,119,0.6171,3
7.7946,0,1,462.8407,633.652,0,0.0,1.0,4.0,113,128,0.9272,0.0359,136,0.7413,3
0.1303,0,1,40.9186,3.4164,1,0.0,0.0,0.0,211,6,0.0848,0.9971,8,0.1048,2
1.4147,0,1,432.7264,476.0275,0,0.0,1.0,6.0,32,75,0.943,0.0014,145,0.6491,3
8.3231,0,1,490.7447,778.9874,0,0.0,1.0,4.0,79,78,0.8653,0.0124,160,0.7449,3
0.4307,0,1,51.7066,19.44,1,0.0,0.0,0.0,284,4,0.2372,0.91,8,0.1896,2
7.2859,1,0,653.9174,3641.1134,0,0.0,0.0,0.0,14,10,0.8389,0.1382,53,0.9538,0
0.3184,0,1,255.13,553.661,0,0.0,2.0,5.0,137,102,0.8972,0.0061,183,0.6148,3
0.3537,1,0,44.1106,2.9202,0,0.0,0.0,0.0,392,511,0.9886,0.0454,8,0.365,1
0.5971,0,0,33.7392,26.3451,1,0.0,0.0,0.0,239,9,0.2047,0.9998,16,0.1966,2
0.2922,0,0,34.2098,1.3431,2,0.0,0.0,0.0,406,511,0.9951,0.0083,26,0.3319,1
9.6076,0,1,554.1897,327.9135,0,0.0,3.0,6.0,37,50,0.9968,0.0428,79,0.8215,3
3.1528,0,2,407.4998,2646.5782,0,0.0,0.0,0.0,15,16,0.9997,0.0565,149,0.9629,0
8.5661,1,0,501.0986,3062.0882,0,0.0,0.0,0.0,16,15,0.9311,0.1011,133,0.8977,0
0.6035,0,2,429.1737,645.488,2,0.0,5.0,4.0,42,113,0.8631,0.0433,84,0.6349,3
0.5206,1,0,53.8579,25.487,2,0.0,0.0,0.0,165,11,0.0737,0.9399,13,0.1803,2
4.5597,0,1,340.8341,592.5247,2,0.0,1.0,3.0,112,136,0.9606,0.0294,143,0.8131,3
3.6391,0,1,587.5246,563.6498,0,0.0,3.0,3.0,49,36,0.8501,0.0452,85,0.8725,3
0.207,0,0,21.8438,8.1369,1,1.0,0.0,0.0,394,319,0.9102,0.0014,42,0.1764,1
0.0697,0,5,4.5388,25.6603,1,0.0,0.0,0.0,80,14,0.099,0.8614,23,0.114,2
0.2373,0,0,12.038,0.6288,2,0.0,0.0,0.0,274,392,0.9169,0.1,30,0.1045,1
0.3281,0,0,43.1278,1.0768,2,0.0,0.0,0.0,452,444,0.8588,0.0334,14,0.2397,1
0.045,2,3,2.1549,3.1141,0,0.0,0.0,0.0,209,3,0.0979,0.9404,4,0.1691,2
3.9197,0,1,289.5263,344.919,0,0.0,1.0,2.0,55,55,0.9596,0.086,66,0.9384,3
0.284,0,0,143.6387,1.5029,1,0.0,0.0,0.0,293,452,0.9974,0.0323,32,0.3492,1
18.9349,0,1,462.4573,279.2391,1,0.0,3.0,5.0,112,55,0.8198,0.0685,100,0.9084,3
0.8837,0,4,14.9025,20.2431,2,0.0,0.0,0.0,112,12,0.0222,0.8122,15,0.1714,2
13.0029,1,0,698.3241,3085.2685,0,0.0,0.0,0.0,7,9,0.829,0.0044,59,0.8835,0
1.2151,0,2,517.3213,729.4782,0,0.0,1.0,6.0,34,74,0.8839,0.0641,127,0.7637,3
3.5059,0,0,683.8962,3449.0038,0,0.0,0.0,0.0,12,15,0.7988,0.1222,177,0.8872,0
0.4185,1,1,47.6677,19.1106,2,0.0,0.0,0.0,105,6,0.1454,0.8928,24,0.0568,2
0.7572,0,2,44.202,4.9018,1,0.0,0.0,0.0,124,12,0.1827,0.7853,13,0.1795,2
0.3972,0,0,50.3134,1.2506,1,0.0,0.0,0.0,471,391,0.9448,0.0895,35,0.3094,1
0.5266,0,1,594.6745,765.2955,2,0.0,1.0,2.0,131,91,0.8701,0.0647,68,0.8058,3
28.3949,2,0,1108.6208,3139.7686,1,0.0,0.0,0.0,10,16,0.7633,0.0883,166,0.754,0
41.738,1,0,1324.8619,4654.3384,0,0.0,0.0,0.0,11,10,0.8939,0.0795,205,0.9191,0
4.8578,0,1,576.9272,639.6574,0,0.0,1.0,2.0,131,86,0.9348,0.095,107,0.7738,3
2.4802,0,1,218.0134,418.041,0,0.0,4.0,2.0,56,134,0.9837,0.0483,127,0.7402,3
6.6344,0,1,574.9645,293.1521,2,0.0,2.0,6.0,40,38,0.8319,0.0204,151,0.7101,3
3.0694,0,5,669.0072,5851.5667,0,0.0,0.0,0.0,12,10,0.8623,0.0493,81,0.9654,0
17.5903,0,0,523.3641,1756.7558,0,0.0,0.0,0.0,15,14,0.9799,0.0692,246,0.9934,0
0.2746,0,2,22.7085,24.2252,0,0.0,0.0,0.0,219,8,0.1973,0.9016,23,0.1658,2
0.4276,0,3,98.1044,6.1087,1,3.0,0.0,0.0,287,386,0.9216,0.0958,22,0.1127,1
0.3337,0,0,68.5117,9.3307,1,3.0,0.0,0.0,335,450,0.9418,0.0834,45,0.2108,1
5.8485,0,4,526.4961,1615.5978,0,0.0,0.0,0.0,8,17,0.7669,0.1491,155,0.9232,0
3.9434,0,0,431.8683,1737.1851,0,0.0,0.0,0.0,11,14,0.9469,0.0206,191,0.8814,0
0.2404,1,0,31.7296,6.0474,1,0.0,0.0,0.0,403,387,0.9203,0.0371,47,0.2463,1
2.0364,0,1,583.8011,715.4955,2,0.0,4.0,3.0,68,61,0.8098,0.0632,171,0.8019,3
1.1075,0,2,30.3725,29.7671,1,0.0,0.0,0.0,111,14,0.1381,0.9253,8,0.1826,2
0.2821,0,0,24.4287,5.207,1,0.0,0.0,0.0,435,454,0.9232,0.0618,49,0.2293,1
2.009,2,0,170.6436,2570.7634,0,0.0,0.0,0.0,13,9,0.8309,0.0754,159,0.8973,0
0.1975,0,0,117.4362,5.866,1,0.0,0.0,0.0,471,397,0.9966,0.0416,19,0.1776,1
15.9737,1,1,546.9662,6007.2073,0,0.0,0.0,0.0,15,8,0.8625,0.1083,232,0.7102,0
20.5088,0,3,306.7998,2204.0701,0,0.0,0.0,0.0,15,13,0.769,0.0877,226,0.7765,0
0.3784,0,1,23.5922,9.8826,1,0.0,0.0,0.0,225,5,0.0638,0.7917,1,0.126,2
0.0511,0,3,32.5794,3.1086,1,0.0,0.0,0.0,391,377,0.8505,0.0471,35,0.3821,1
0.1184,1,0,38.1091,2.9739,1,0.0,0.0,0.0,156,1,0.0451,0.7795,16,0.0366,2
5.9675,0,3,1158.4717,2280.9222,0,0.0,0.0,0.0,12,16,0.8817,0.1175,131,0.7826,0
0.2447,0,1,263.4128,341.1527,0,0.0,3.0,7.0,128,25,0.9938,0.0221,141,0.9216,3
17.6956,1,1,607.543,1587.3442,0,0.0,0.0,0.0,7,14,0.9859,0.0399,139,0.8052,0
3.2801,0,1,439.038,253.9229,2,0.0,5.0,3.0,89,113,0.8642,0.0329,192,0.6907,3
20.2822,0,0,577.5655,2730.4224,0,0.0,0.0,0.0,12,14,0.7606,0.0478,218,0.7265,0
0.8563,0,1,15.3077,16.2618,2,0.0,0.0,0.0,290,7,0.2338,0.8187,16,0.103,2
0.6801,2,3,53.2601,3.7769,2,0.0,0.0,0.0,221,4,0.1964,0.7885,12,0.1574,2
0.2422,0,0,62.8887,9.2105,1,0.0,0.0,0.0,476,402,0.9394,0.0543,9,0.3558,1
6.6285,0,0,473.4481,6673.5605,0,0.0,0.0,0.0,12,10,0.92,0.0142,220,0.8683,0
0.1735,0,0,111.6854,0.7373,1,0.0,0.0,0.0,507,458,0.9248,0.041,21,0.3318,1
0.1838,0,0,25.5447,3.1767,1,1.0,0.0,0.0,476,276,0.9759,0.0998,44,0.3947,1
0.7694,0,3,42.6665,9.174,1,0.0,0.0,0.0,247,4,0.1326,0.9269,11,0.099,2
13.6316,0,1,323.4421,641.5917,0,0.0,5.0,7.0,144,105,0.9889,0.0671,55,0.8716,3
0.8604,0,2,395.3954,746.7177,0,0.0,3.0,5.0,141,74,0.9633,0.081,158,0.7879,3
0.437,0,5,42.4373,9.3386,1,0.0,0.0,0.0,324,338,0.9139,0.0227,24,0.2788,1
2.2301,0,1,488.6344,606.3343,0,0.0,4.0,2.0,138,59,0.9935,0.0708,172,0.9013,3
0.9891,0,3,60.1926,5.9082,1,0.0,0.0,0.0,111,4,0.1438,0.9823,7,0.1723,2
0.4255,0,0,22.315,7.5975,1,1.0,0.0,0.0,485,229,0.9168,0.0849,28,0.1285,1
0.4478,1,2,17.3244,22.2298,2,0.0,0.0,0.0,118,3,0.0975,0.8827,4,0.1212,2
0.99,1,2,49.975,23.0504,1,0.0,0.0,0.0,83,6,0.2054,0.9181,15,0.1946,2
2.2698,0,1,345.6322,586.8507,0,0.0,3.0,5.0,76,118,0.9225,0.01,168,0.8794,3
1.4254,0,2,379.7564,7259.065,0,0.0,0.0,0.0,13,11,0.7722,0.1176,133,0.7681,0
1.0614,0,5,46.6305,6.1603,2,0.0,0.0,0.0,116,14,0.2498,0.777,22,0.0877,2
1.0,2,0,36.4672,1.0913,1,0.0,0.0,0.0,290,9,0.1777,0.886,6,0.0888,2
0.7667,0,0,3.2208,24.9388,1,0.0,0.0,0.0,93,11,0.14,0.9878,18,0.0918,2
2.0489,0,1,443.7953,775.9208,0,0.0,2.0,6.0,134,114,0.8286,0.0535,55,0.7607,3
0.5985,0,1,397.4172,273.6608,2,0.0,4.0,6.0,64,91,0.9881,0.0815,139,0.7621,3
1.9689,0,2,163.8427,795.9528,2,0.0,3.0,4.0,148,139,0.9968,0.0945,73,0.8789,3
1.5453,0,2,637.6668,4784.4791,0,0.0,0.0,0.0,13,13,0.8291,0.0252,101,0.9319,0
0.0556,1,1,29.272,15.9951,2,0.0,0.0,0.0,214,1,0.205,0.9103,16,0.04,2
0.7125,2,1,28.0998,0.9944,1,0.0,0.0,0.0,250,3,0.1076,0.8854,21,0.1142,2
0.6831,0,1,282.7132,427.6626,0,0.0,4.0,4.0,127,60,0.8298,0.0323,173,0.7465,3
2.78,0,0,1038.8149,2388.2681,0,0.0,0.0,0.0,12,17,0.9481,0.0041,154,0.9645,0
0.1332,0,0,63.3194,17.487,1,0.0,0.0,0.0,179,11,0.2352,0.8587,15,0.1049,2
0.6848,1,1,30.5245,5.6594,0,0.0,0.0,0.0,228,13,0.0176,0.8335,6,0.024,2
16.6213,0,0,1868.7726,2748.1658,0,0.0,0.0,0.0,11,9,0.9743,0.0681,166,0.8997,0
0.4307,0,0,44.3705,5.9491,1,0.0,0.0,0.0,322,502,0.9996,0.069,31,0.3903,1
0.2271,0,1,514.0603,464.4406,2,0.0,1.0,2.0,144,48,0.9024,0.0007,85,0.6028,3
32.3639,0,4,1113.5637,1462.4735,0,0.0,0.0,0.0,9,10,0.9895,0.0757,251,0.879,0
3.1539,0,2,589.1108,482.7091,0,0.0,4.0,4.0,39,30,0.9744,0.0392,114,0.6077,3
0.4291,0,0,139.0921,3.8486,1,0.0,0.0,0.0,402,207,0.9535,0.064,18,0.3538,1
0.2303,0,0,95.0825,7.2661,1,0.0,0.0,0.0,396,220,0.9798,0.0909,32,0.2243,1
8.3026,0,0,512.6815,1590.7083,0,0.0,0.0,0.0,12,13,0.9785,0.0401,237,0.9071,0
6.2585,0,1,548.8919,339.6571,2,0.0,3.0,7.0,98,104,0.9534,0.0195,182,0.7471,3
1.1302,1,1,57.9388,22.861,1,0.0,0.0,0.0,217,7,0.1786,0.9712,10,0.1176,2
0.3263,0,0,88.606,3.0602,1,3.0,0.0,0.0,340,380,0.8666,0.0629,16,0.1784,1
7.3237,0,2,212.4402,340.7442,0,0.0,4.0,2.0,139,44,0.9239,0.088,72,0.7449,3
16.5683,0,0,505.849,5084.306,0,0.0,0.0,0.0,14,12,0.7538,0.0725,60,0.7153,0
13.0452,1,2,723.0112,2698.687,0,0.0,0.0,0.0,8,8,0.8456,0.074,198,0.7578,0
0.0293,0,3,82.7563,2.0126,2,0.0,0.0,0.0,266,291,0.9463,0.0752,47,0.2946,1
0.4346,1,1,43.671,28.288,1,0.0,0.0,0.0,296,12,0.2034,0.9398,10,0.1713,2
0.3033,1,0,40.6283,2.7579,1,1.0,0.0,0.0,333,262,0.8609,0.0697,36,0.1778,1
0.6136,0,2,557.6873,551.875,0,0.0,1.0,7.0,111,85,0.9476,0.0553,150,0.8714,3
0.2349,1,0,16.354,6.7295,1,0.0,0.0,0.0,131,9,0.046,0.7649,20,0.0673,2
7.7543,0,0,119.6372,3082.5347,0,0.0,0.0,0.0,13,11,0.7947,0.0681,198,0.978,0
9.1902,1,0,497.5456,2125.1066,0,0.0,0.0,0.0,8,9,0.896,0.0641,164,0.8034,0
0.3676,1,0,76.0542,2.1055,2,0.0,0.0,0.0,283,433,0.8797,0.0984,43,0.2562,1
12.2787,0,2,382.2677,4721.4653,0,0.0,0.0,0.0,16,14,0.7753,0.1461,247,0.8387,0
0.2247,0,2,46.6873,13.5172,2,0.0,0.0,0.0,297,13,0.1391,0.9989,20,0.0255,2
4.1427,0,1,581.2404,693.9663,0,0.0,4.0,4.0,46,108,0.8402,0.0572,175,0.7903,3
1.3121,0,1,284.3797,377.7517,0,0.0,2.0,7.0,137,103,0.9223,0.0102,113,0.9122,3
1.0877,0,1,315.1185,599.9772,0,0.0,1.0,5.0,52,67,0.8149,0.046,53,0.8161,3
22.4371,0,0,347.666,4841.0257,0,0.0,0.0,0.0,17,11,0.9963,0.0223,134,0.7937,0
0.4014,0,0,52.8732,3.5485,1,0.0,0.0,0.0,397,297,0.8518,0.0294,23,0.1704,1
0.2204,0,0,126.8162,2.894,1,3.0,0.0,0.0,252,435,0.9142,0.016,43,0.3649,1
14.3899,0,0,135.4891,4927.3922,0,0.0,0.0,0.0,16,13,0.7939,0.1413,244,0.8708,0
12.5499,0,1,586.5928,486.5935,0,0.0,3.0,2.0,70,90,0.995,0.0377,101,0.617,3
0.2677,2,0,16.3695,6.5303,2,0.0,0.0,0.0,390,207,0.9014,0.0827,12,0.1209,1
0.6196,0,1,453.1097,646.8932,0,0.0,3.0,3.0,58,82,0.8552,0.0534,73,0.8821,3
0.7142,0,3,32.7304,14.5776,1,0.0,0.0,0.0,107,8,0.1522,0.8029,7,0.0982,2
0.2381,0,3,49.441,9.0882,1,1.0,0.0,0.0,374,308,0.9891,0.0979,30,0.2689,1
4.7696,0,3,2583.1429,4196.2253,0,0.0,0.0,0.0,9,16,0.9979,0.0887,76,0.8506,0
0.299,0,5,220.9786,2.2462,1,0.0,0.0,0.0,288,431,0.9258,0.0026,16,0.3913,1
9.7839,0,2,1218.548,3283.6442,0,0.0,0.0,0.0,14,13,0.8526,0.0949,214,0.741,0
0.2546,0,1,2.8113,10.0571,1,0.0,0.0,0.0,204,13,0.2194,0.9405,5,0.1598,2
1.1277,0,1,27.648,4.1462,1,0.0,0.0,0.0,212,11,0.0574,0.8338,3,0.0844,2
0.0339,0,0,131.0788,7.3695,1,0.0,0.0,0.0,273,480,0.8859,0.0265,33,0.3941,1
13.466,0,0,873.1753,6980.0077,0,0.0,0.0,0.0,17,14,0.9079,0.068,66,0.9935,0
0.425,0,0,81.0231,6.9727,1,0.0,0.0,0.0,501,303,0.9682,0.0036,3,0.2702,1
0.4766,0,3,67.441,0.1396,1,1.0,0.0,0.0,372,468,0.9858,0.0316,4,0.1031,1
0.7,0,0,26.7229,9.9885,1,0.0,0.0,0.0,230,1,0.1729,0.8201,19,0.1232,2
0.0315,0,5,58.0806,7.5147,2,0.0,0.0,0.0,217,10,0.036,0.9985,21,0.1126,2
4.0944,0,2,421.1667,788.5617,1,0.0,2.0,6.0,50,110,0.817,0.0229,81,0.9407,3
0.3246,0,3,52.8239,1.9578,0,0.0,0.0,0.0,356,463,0.9145,0.0989,22,0.1185,1
19.3405,0,0,523.4596,8682.2063,0,0.0,0.0,0.0,13,16,0.9418,0.1128,253,0.7018,0
1.043,0,2,8.3889,6.9143,1,0.0,0.0,0.0,82,13,0.2183,0.9158,13,0.1511,2
1.5289,0,1,281.9055,401.4934,0,0.0,4.0,2.0,78,74,0.9269,0.0336,90,0.6794,3
14.4179,1,0,403.3263,5470.8139,3,0.0,0.0,0.0,12,12,0.9079,0.0622,134,0.9863,0
1.2119,0,3,1058.642,3236.7715,0,0.0,0.0,0.0,12,11,0.9753,0.1482,128,0.7764,0
52.1098,0,3,786.5394,5824.8897,0,0.0,0.0,0.0,18,13,0.9003,0.014,199,0.8337,0
0.1685,2,0,60.1099,1.6826,2,1.0,0.0,0.0,463,340,0.9951,0.0957,49,0.3065,1
0.2634,0,0,14.738,8.3471,1,1.0,0.0,0.0,418,217,0.938,0.0817,3,0.3201,1
24.392,0,3,490.7698,2280.3598,0,0.0,0.0,0.0,15,14,0.9286,0.0197,179,0.8186,0
8.0292,0,0,1674.2256,2781.0811,0,0.0,0.0,0.0,19,13,0.9075,0.0558,227,0.8467,0
6.4002,0,0,610.7339,3664.6115,0,0.0,0.0,0.0,11,10,0.7855,0.1391,96,0.8638,0
0.3231,0,0,72.6713,3.349,1,0.0,0.0,0.0,383,378,0.9393,0.0996,19,0.2036,1
1.8699,0,1,459.16,332.7206,0,0.0,2.0,7.0,142,136,0.8631,0.0069,77,0.7107,3
0.1092,0,0,12.6982,1.3282,1,0.0,0.0,0.0,334,304,0.9304,0.0255,7,0.3096,1
0.7112,0,1,430.0893,258.1132,1,0.0,4.0,5.0,122,83,0.8774,0.0883,178,0.9143,3
0.1047,0,0,78.3558,6.0086,2,0.0,0.0,0.0,350,480,0.912,0.0106,48,0.1846,1
35.406,0,5,1642.8586,4130.5748,0,0.0,0.0,0.0,17,14,0.9811,0.0955,206,0.8416,0
5.1762,0,1,376.8284,649.4517,0,0.0,2.0,7.0,37,120,0.9611,0.0611,42,0.6143,3
0.3526,0,1,402.5846,513.1944,0,0.0,2.0,5.0,123,70,0.9342,0.0224,90,0.7851,3
0.7143,0,1,45.234,2.9718,1,0.0,0.0,0.0,155,9,0.1966,0.809,5,0.1674,2
14.8408,1,0,675.6112,1954.3173,0,0.0,0.0,0.0,14,10,0.8997,0.1207,211,0.8618,0
0.1991,0,0,50.2648,5.9926,1,1.0,0.0,0.0,481,445,0.9669,0.0474,28,0.3816,1
0.0468,1,0,29.493,3.4556,1,0.0,0.0,0.0,351,269,0.8586,0.0259,23,0.3752,1
6.3762,0,1,175.1752,321.084,0,0.0,3.0,6.0,88,56,0.852,0.0798,116,0.6265,3
3.4179,0,1,499.0042,556.8071,0,0.0,3.0,6.0,120,55,0.9264,0.0324,143,0.8291,3
0.2972,0,0,21.1995,4.7917,1,0.0,0.0,0.0,453,296,0.9712,0.0334,23,0.2453,1
8.4774,0,1,208.0323,686.6174,0,0.0,3.0,3.0,38,86,0.961,0.0915,49,0.8698,3
3.0223,0,2,466.0587,573.8754,0,0.0,2.0,3.0,47,36,0.9117,0.0714,47,0.8385,3
4.2307,0,0,844.0144,2295.4107,0,0.0,0.0,0.0,9,8,0.9801,0.0803,126,0.8584,0
10.7166,0,1,516.2926,306.8654,0,0.0,3.0,6.0,120,95,0.8495,0.0937,184,0.8842,3
0.4194,0,4,49.6782,8.2575,2,0.0,0.0,0.0,256,3,0.1476,0.9913,14,0.1891,2
2.6742,0,2,337.0169,440.6345,0,0.0,1.0,6.0,91,123,0.9859,0.0539,127,0.6922,3
15.2954,0,4,457.7371,2113.1522,0,0.0,0.0,0.0,20,10,0.8083,0.0567,213,0.8257,0
16.1501,0,0,868.633,4259.9169,0,0.0,0.0,0.0,9,8,0.8754,0.0619,75,0.8022,0
1.7057,0,1,274.1859,765.0292,1,0.0,5.0,2.0,128,132,0.8706,0.0175,137,0.6667,3
0.2229,0,2,483.3039,595.7004,0,0.0,5.0,4.0,61,135,0.9821,0.0934,56,0.8187,3
0.272,0,0,42.6125,5.7652,1,0.0,0.0,0.0,154,4,0.0418,0.8596,24,0.1028,2
0.2533,0,2,367.3251,389.8089,0,0.0,1.0,6.0,132,111,0.8486,0.0353,49,0.9316,3
1.0199,0,0,1525.9324,3273.612,0,0.0,0.0,0.0,8,11,0.9541,0.1292,206,0.9988,0
0.4912,0,1,14.6656,28.972,2,0.0,0.0,0.0,108,4,0.1938,0.8607,22,0.1373,2
15.4524,0,1,274.3287,234.8847,0,0.0,4.0,5.0,92,74,0.8414,0.0821,145,0.9332,3
0.1581,0,0,2.3775,1.8307,2,0.0,0.0,0.0,293,251,0.8766,0.0704,48,0.2524,1
3.137,0,4,544.3094,2430.1876,0,0.0,0.0,0.0,15,14,0.8483,0.0729,67,0.8951,0
0.8738,0,1,460.9804,746.8324,0,0.0,1.0,7.0,118,104,0.8006,0.0972,169,0.7606,3
19.1278,0,3,194.086,1727.4719,0,0.0,0.0,0.0,12,8,0.9777,0.1294,227,0.7383,0
10.9404,0,1,581.4338,627.5793,1,0.0,4.0,3.0,59,47,0.8985,0.0367,65,0.8475,3
0.3294,0,3,75.3016,2.9354,1,1.0,0.0,0.0,349,456,0.9561,0.0465,14,0.2321,1
0.542,1,3,1144.2038,2876.068,0,0.0,0.0,0.0,7,6,0.8346,0.0501,144,0.8583,0
0.4524,1,5,45.4703,14.7456,2,0.0,0.0,0.0,88,11,0.1235,0.9322,20,0.1707,2
0.507,1,1,32.6234,15.4592,3,0.0,0.0,0.0,168,3,0.0255,0.757,8,0.1772,2
0.4805,0,4,59.823,1.0185,2,0.0,0.0,0.0,167,9,0.0652,0.8397,4,0.0247,2
2.5471,0,4,3296.3281,3386.8158,0,0.0,0.0,0.0,18,6,0.7572,0.0713,197,0.7339,0
0.9856,0,3,18.0878,0.0048,1,0.0,0.0,0.0,239,6,0.0445,0.9318,24,0.1347,2
1.1219,0,0,19.6572,0.4987,1,0.0,0.0,0.0,122,7,0.1485,0.8211,22,0.1838,2
2.6836,0,1,290.1034,555.9899,2,0.0,1.0,3.0,55,136,0.8126,0.0449,60,0.7485,3
15.1167,0,2,214.2539,212.8842,0,0.0,3.0,2.0,134,34,0.8204,0.091,121,0.7888,3
0.2211,1,1,20.5249,27.8052,1,0.0,0.0,0.0,268,8,0.2399,0.8814,8,0.1849,2
23.9624,0,2,308.0329,1645.4908,0,0.0,0.0,0.0,12,12,0.8875,0.0265,82,0.9146,0
0.3845,0,0,5.9111,4.5128,1,0.0,0.0,0.0,386,248,0.9875,0.0981,34,0.3357,1
4.7647,0,0,179.9562,2468.1498,0,0.0,0.0,0.0,8,10,0.8436,0.11,221,0.9307,0
0.0774,0,0,31.8469,0.6965,1,0.0,0.0,0.0,346,224,0.8877,0.0316,29,0.3155,1
0.3846,0,3,17.5335,4.1256,1,1.0,0.0,0.0,386,387,0.8646,0.076,35,0.1315,1
0.1643,0,0,29.7319,4.4361,2,0.0,0.0,0.0,322,434,0.9547,0.0938,1,0.3095,1
0.0411,0,0,10.6185,4.3703,1,0.0,0.0,0.0,410,415,0.9826,0.0535,4,0.2883,1
17.4721,0,0,596.8704,5861.3426,0,0.0,0.0,0.0,11,7,0.9048,0.0535,187,0.7543,0
2.3838,0,1,211.164,601.4084,1,0.0,2.0,7.0,51,99,0.8312,0.0107,176,0.6811,3
0.1769,1,0,2214.8448,2592.2125,0,0.0,0.0,0.0,18,11,0.9313,0.0234,207,0.8668,0
0.9648,0,2,13.1603,27.8414,2,0.0,0.0,0.0,213,9,0.0776,0.8806,5,0.1976,2
7.8239,1,4,686.6564,1627.4716,0,0.0,0.0,0.0,12,8,0.7889,0.1164,182,0.7672,0
0.8217,0,4,33.6906,12.4355,2,0.0,0.0,0.0,127,6,0.075,0.7693,10,0.0946,2
0.2709,0,0,13.428,8.5388,1,0.0,0.0,0.0,286,375,0.9351,0.0218,16,0.1839,1
0.0444,2,5,55.6068,0.946,1,3.0,0.0,0.0,288,431,0.9821,0.0087,21,0.1916,1
6.9801,0,1,347.0567,776.6113,0,0.0,3.0,3.0,142,95,0.9,0.0115,50,0.6383,3
0.4266,1,3,54.7436,6.5111,2,0.0,0.0,0.0,263,14,0.1019,0.944,9,0.031,2
3.1404,0,2,588.4933,702.1615,1,0.0,5.0,2.0,139,106,0.9403,0.0979,113,0.7913,3
0.1178,0,4,40.385,6.6681,1,0.0,0.0,0.0,138,10,0.133,0.9425,14,0.1902,2
26.8698,0,0,213.5394,8789.9699,0,0.0,0.0,0.0,16,15,0.9276,0.004,189,0.8709,0
0.4336,0,5,145.2558,5.5285,1,1.0,0.0,0.0,490,383,0.8509,0.053,36,0.3429,1
0.004,0,0,103.9083,6.4196,1,3.0,0.0,0.0,278,319,0.8837,0.0325,34,0.331,1
0.2079,1,1,13.8589,26.0281,3,0.0,0.0,0.0,126,7,0.1722,0.904,7,0.0945,2
0.4021,0,4,19.2076,13.4803,1,0.0,0.0,0.0,137,4,0.0151,0.7598,7,0.147,2
0.4067,0,1,18.4616,8.3929,1,0.0,0.0,0.0,131,11,0.108,0.7654,7,0.0104,2
0.9777,2,1,23.7777,2.9628,1,0.0,0.0,0.0,181,9,0.2396,0.8719,22,0.0455,2
1.1771,0,1,6.3712,0.2675,1,0.0,0.0,0.0,141,3,0.1606,0.9526,14,0.1025,2
0.0732,0,3,6.7238,16.8042,1,0.0,0.0,0.0,273,4,0.2308,0.8902,17,0.1536,2
0.9542,0,0,48.9738,29.8372,2,0.0,0.0,0.0,200,14,0.0412,0.9215,13,0.1119,2
0.0505,0,0,65.0693,9.8938,1,0.0,0.0,0.0,268,488,0.9394,0.0295,23,0.3688,1
7.29,0,2,219.8361,292.3969,0,0.0,1.0,7.0,65,118,0.8748,0.0418,145,0.6157,3
4.8863,0,2,173.2616,781.5926,2,0.0,4.0,6.0,98,120,0.9977,0.0172,149,0.844,3
11.561,0,4,260.5927,5098.2691,0,0.0,0.0,0.0,14,5,0.8031,0.1236,50,0.8864,0
0.4828,0,0,70.9168,5.7041,2,0.0,0.0,0.0,366,422,0.897,0.08,9,0.2983,1
0.1073,0,5,13.7539,7.5021,1,0.0,0.0,0.0,446,474,0.8577,0.0734,30,0.2944,1
0.1808,0,0,136.8582,1.4806,1,3.0,0.0,0.0,416,369,0.9413,0.0791,14,0.3294,1
0.3116,0,0,49.5663,2.8995,2,0.0,0.0,0.0,339,401,0.8932,0.0605,49,0.1834,1
6.1975,0,2,233.6655,715.944,2,0.0,2.0,6.0,52,66,0.974,0.0314,131,0.8008,3
9.919,0,1,445.3545,303.6297,0,0.0,5.0,7.0,146,109,0.9345,0.0574,192,0.8021,3
0.2659,0,3,158.1397,0.7132,1,1.0,0.0,0.0,359,483,0.9666,0.0896,1,0.1343,1
9.8165,0,1,360.9045,445.8705,1,0.0,5.0,5.0,90,102,0.9537,0.0887,118,0.8759,3
6.2686,0,0,521.9053,3328.8809,0,0.0,0.0,0.0,9,13,0.7908,0.1427,171,0.8982,0
0.4605,2,3,48.0195,1.6145,1,3.0,0.0,0.0,272,312,0.9359,0.0452,44,0.3706,1
1.0576,2,2,54.8746,0.2238,2,0.0,0.0,0.0,125,12,0.043,0.9289,8,0.1054,2
0.8397,1,1,52.672,11.1195,1,0.0,0.0,0.0,225,6,0.0887,0.9566,11,0.04,2
4.209,0,1,564.0128,210.1542,0,0.0,1.0,2.0,144,44,0.802,0.0825,45,0.8477,3
5.8326,0,1,551.3323,253.2192,0,0.0,3.0,3.0,130,72,0.8277,0.036,79,0.9373,3
0.9391,0,4,46.6457,7.2115,2,0.0,0.0,0.0,101,10,0.2382,0.9096,2,0.1478,2
0.1826,0,0,85.9015,2.1641,0,0.0,0.0,0.0,493,203,0.9777,0.032,30,0.1583,1
0.4897,0,0,33.4397,2.2253,0,0.0,0.0,0.0,421,511,0.9348,0.0991,15,0.1821,1
0.917,1,1,37.6518,31.5173,1,0.0,0.0,0.0,179,11,0.1359,0.9281,16,0.0381,2
0.0656,0,5,39.1311,22.2827,1,0.0,0.0,0.0,91,13,0.2499,0.9806,8,0.1152,2
0.4395,0,0,85.1575,7.9356,2,0.0,0.0,0.0,260,321,0.8517,0.0363,24,0.3042,1
1.2642,0,1,506.0322,714.7435,0,0.0,2.0,4.0,78,107,0.807,0.0382,79,0.6531,3
3.8928,0,2,488.3847,332.2816,0,0.0,3.0,4.0,93,111,0.8421,0.0503,182,0.7646,3
6.28,0,1,410.4428,536.204,0,0.0,5.0,7.0,120,117,0.989,0.0094,138,0.8619,3
6.1758,0,3,453.0702,3716.5148,0,0.0,0.0,0.0,14,8,0.7768,0.0524,122,0.7903,0
4.2565,0,1,393.3149,592.2911,0,0.0,1.0,7.0,52,138,0.8194,0.0089,45,0.6442,3
0.8752,0,1,220.3159,339.3906,0,0.0,1.0,3.0,36,25,0.9362,0.0589,66,0.8236,3
0.4141,0,2,248.6642,776.9608,0,0.0,2.0,5.0,102,34,0.919,0.0601,59,0.6646,3
0.4532,0,0,62.0929,5.1238,1,0.0,0.0,0.0,508,222,0.9793,0.0067,21,0.2994,1
42.0137,0,4,674.8357,7357.5272,0,0.0,0.0,0.0,13,12,0.9051,0.1245,143,0.8419,0
0.8747,0,3,32.9618,21.0283,1,0.0,0.0,0.0,163,9,0.06,0.8202,9,0.1771,2
8.9845,2,4,575.4235,1655.6485,0,0.0,0.0,0.0,10,10,0.9726,0.1036,245,0.9423,0
31.7263,0,4,277.3347,3853.2806,0,0.0,0.0,0.0,12,18,0.7754,0.1404,211,0.9239,0
0.2089,0,1,37.175,16.1268,2,0.0,0.0,0.0,241,11,0.2289,0.7695,16,0.156,2
1.8753,0,0,255.1065,4720.5733,0,0.0,0.0,0.0,15,9,0.9251,0.0774,166,0.7585,0
1.0426,0,1,173.8213,667.5683,2,0.0,5.0,3.0,46,136,0.8257,0.0715,148,0.7093,3
9.0271,1,4,925.4001,1642.4621,0,0.0,0.0,0.0,16,15,0.8803,0.0767,205,0.9961,0
0.305,1,0,132.5574,4.3937,1,0.0,0.0,0.0,461,504,0.8601,0.0702,2,0.2199,1
0.8592,0,4,29.9944,28.2446,1,0.0,0.0,0.0,298,8,0.2263,0.8755,4,0.0459,2
0.3427,0,3,32.2064,9.1588,1,0.0,0.0,0.0,491,215,0.981,0.0074,25,0.3562,1
0.7136,0,1,329.6227,515.3677,0,0.0,1.0,3.0,146,127,0.9322,0.079,187,0.6624,3
2.1173,0,2,502.6868,463.9277,0,0.0,4.0,2.0,129,66,0.8503,0.0851,46,0.9324,3
0.665,1,4,40.6171,15.991,1,0.0,0.0,0.0,228,5,0.1331,0.8448,18,0.1377,2
4.5532,0,2,452.145,668.4391,0,0.0,4.0,5.0,140,40,0.8339,0.0121,82,0.8493,3
0.4724,1,0,52.0572,7.4979,1,0.0,0.0,0.0,119,11,0.2339,0.9995,8,0.1572,2
0.4925,0,0,46.7999,9.2526,2,0.0,0.0,0.0,333,231,0.9973,0.0591,39,0.1213,1
0.1962,1,2,16.9046,19.284,3,0.0,0.0,0.0,119,12,0.193,0.9949,19,0.0449,2
0.1761,0,0,46.2872,1.1303,1,0.0,0.0,0.0,302,335,0.8836,0.0158,26,0.2371,1
8.2339,0,3,1110.47,798.2797,0,0.0,0.0,0.0,11,3,0.9078,0.0953,126,0.9618,0
2.2931,0,0,148.9607,2643.0483,0,0.0,0.0,0.0,12,11,0.9325,0.0565,153,0.8255,0
15.1462,1,4,581.076,3830.0262,1,0.0,0.0,0.0,12,8,0.8561,0.1289,100,0.939,0
0.0439,0,0,78.6115,2.3221,0,0.0,0.0,0.0,430,265,0.9461,0.0531,12,0.3552,1
0.0936,1,0,30.5437,8.9835,0,0.0,0.0,0.0,295,14,0.1046,0.9575,21,0.0874,2
14.3677,0,2,190.6746,7441.7516,0,0.0,0.0,0.0,10,8,0.8492,0.0608,201,0.7906,0
0.4415,0,0,58.7123,28.8886,0,0.0,0.0,0.0,129,9,0.0272,0.7662,10,0.1573,2
0.1684,0,5,25.6767,30.3306,2,0.0,0.0,0.0,140,5,0.1925,0.7509,5,0.0369,2
1.0574,0,0,23.1124,1.4259,2,0.0,0.0,0.0,232,2,0.0103,0.7871,24,0.0371,2
0.3948,0,2,165.4448,372.078,0,0.0,4.0,4.0,110,34,0.8547,0.0352,142,0.7366,3
5.3746,1,0,588.4242,2962.4739,0,0.0,1.0,0.0,19,15,0.9953,0.1175,61,0.7424,0
1.2183,0,2,589.6645,303.9196,1,0.0,2.0,6.0,69,79,0.9548,0.0984,135,0.621,3
0.474,0,2,263.3631,453.1969,0,0.0,4.0,4.0,115,78,0.8677,0.0857,160,0.6032,3
5.4527,0,1,215.1404,343.8316,0,0.0,5.0,5.0,135,134,0.9488,0.0985,144,0.7549,3
3.1553,0,1,305.7101,610.1551,0,0.0,3.0,6.0,73,96,0.8667,0.0227,46,0.8938,3
22.98,0,3,1508.714,1927.6785,0,0.0,0.0,0.0,9,12,0.9863,0.0288,67,0.9676,0
0.9867,1,0,12.7467,17.1348,0,0.0,0.0,0.0,282,8,0.0921,0.8129,19,0.1867,2
13.7818,1,4,890.1839,3665.2037,0,0.0,0.0,0.0,11,8,0.9276,0.0167,67,0.7366,0
0.9444,0,2,0.7794,19.6782,1,0.0,0.0,0.0,118,9,0.0495,0.8724,16,0.0197,2
0.4974,1,0,2.7745,8.9941,2,0.0,0.0,0.0,251,7,0.0275,0.8849,3,0.1192,2
1.1482,1,1,56.1016,20.4823,3,0.0,0.0,0.0,253,3,0.1075,0.9035,2,0.1463,2
1.1713,1,4,52.083,27.8102,2,0.0,0.0,0.0,248,13,0.1511,0.8008,19,0.1753,2
0.9572,0,2,308.8264,435.2184,0,0.0,3.0,5.0,130,48,0.98,0.0893,61,0.8471,3
0.8923,0,1,377.3308,744.9542,0,0.0,2.0,5.0,58,134,0.9341,0.0931,139,0.7109,3
1.0125,0,4,51.7708,3.9391,1,0.0,0.0,0.0,241,10,0.0548,0.8734,18,0.0477,2
0.3738,0,0,25.2522,6.0006,1,0.0,0.0,0.0,464,497,0.8719,0.0303,32,0.2032,1
0.1088,1,1,45.6893,29.3554,2,0.0,0.0,0.0,222,8,0.0894,1.0,10,0.0978,2
0.9301,0,1,431.5797,564.1388,2,0.0,2.0,7.0,104,102,0.945,0.0434,184,0.8263,3
0.5854,2,4,32.3792,14.2567,2,0.0,0.0,0.0,241,6,0.0954,0.9883,17,0.1809,2
0.488,2,3,59.7437,24.991,2,0.0,0.0,0.0,250,14,0.1254,0.9875,12,0.1549,2
0.4014,0,4,38.5137,3.9684,1,0.0,0.0,0.0,233,1,0.1067,0.8304,5,0.13,2
0.9308,0,4,30.8888,14.4554,2,0.0,0.0,0.0,238,3,0.0204,0.8148,19,0.0608,2
0.0101,0,0,5.8729,2.3525,1,0.0,0.0,0.0,266,243,0.9879,0.0369,40,0.2388,1
1.0683,1,3,50.3766,5.5783,3,0.0,0.0,0.0,298,12,0.2404,0.8523,10,0.0165,2
0.4143,1,3,32.1631,12.7923,1,0.0,0.0,0.0,133,6,0.2274,0.822,7,0.1976,2
0.3562,1,3,47.886,25.8893,1,0.0,0.0,0.0,146,5,0.2321,0.8561,6,0.1252,2
12.09,0,0,279.3232,3635.3743,0,0.0,0.0,0.0,16,11,0.9166,0.0205,210,0.8255,0
0.6516,0,1,444.626,362.4924,0,0.0,4.0,2.0,34,27,0.8644,0.0537,88,0.6343,3
0.0486,0,0,113.6583,8.4953,2,1.0,0.0,0.0,385,506,0.8521,0.0428,11,0.3564,1
0.5686,0,1,315.4369,599.5548,2,0.0,1.0,7.0,102,114,0.8532,0.0239,87,0.8408,3
0.2661,1,3,36.465,4.4841,2,0.0,0.0,0.0,489,456,0.9991,0.0522,46,0.1285,1
14.5865,0,0,1093.105,3388.1352,0,0.0,0.0,0.0,13,16,0.8761,0.0618,170,0.8633,0
0.3111,0,0,34.796,7.5486,1,0.0,0.0,0.0,405,311,0.9598,0.02,42,0.1739,1
7.2456,0,4,754.8626,2529.1856,0,0.0,0.0,0.0,11,8,0.8864,0.1098,51,0.7833,0
0.1178,0,0,67.5998,4.5448,1,0.0,0.0,0.0,259,406,0.9091,0.0532,29,0.3713,1
0.7801,0,5,41.2335,21.3302,1,0.0,0.0,0.0,188,1,0.0481,0.7811,8,0.1959,2
1.0401,1,1,37.4278,27.8436,2,0.0,0.0,0.0,252,7,0.0384,0.8514,16,0.1186,2
6.4525,0,3,154.3514,4398.8958,0,0.0,0.0,0.0,10,9,0.8154,0.1222,53,0.8427,0
5.4737,0,0,685.5473,2688.0773,0,0.0,0.0,0.0,8,13,0.9021,0.1013,243,0.7447,0
10.0845,0,4,256.9048,5293.718,2,0.0,0.0,0.0,18,14,0.827,0.114,230,0.8223,0
0.4848,2,3,115.3402,0.7677,1,0.0,0.0,0.0,509,449,0.9364,0.0953,26,0.2689,1
3.9197,0,3,376.0157,1493.3676,0,0.0,0.0,0.0,16,7,0.7552,0.0236,107,0.9248,0
0.5163,0,0,9.1369,12.424,1,0.0,0.0,0.0,153,4,0.1609,0.8314,18,0.1214,2
0.2494,0,0,52.2444,6.8223,1,0.0,0.0,0.0,367,443,0.9098,0.0036,18,0.3873,1
0.3124,0,0,55.6584,5.8571,1,0.0,0.0,0.0,393,264,0.9844,0.0645,46,0.1768,1
0.239,1,2,30.7583,7.4532,0,0.0,0.0,0.0,213,13,0.0703,0.932,22,0.0629,2
6.1291,0,2,187.1806,294.356,0,0.0,5.0,7.0,147,117,0.8173,0.0197,187,0.6847,3
0.7185,1,1,5.8035,2.2893,1,0.0,0.0,0.0,125,11,0.0221,0.7603,20,0.0344,2
7.6025,0,1,286.7191,495.6061,2,0.0,2.0,2.0,128,39,0.8566,0.0922,107,0.8214,3
0.2451,0,0,72.949,3.6389,1,0.0,0.0,0.0,437,349,0.938,0.075,29,0.3175,1
0.6581,0,0,242.1667,2831.9391,0,0.0,0.0,0.0,14,8,0.8182,0.0139,132,0.8858,0
0.305,0,0,50.6331,4.2518,2,0.0,0.0,0.0,291,339,0.9997,0.0976,29,0.1399,1
18.2627,0,2,404.588,2853.6501,0,0.0,0.0,0.0,9,4,0.7721,0.0117,126,0.7371,0
0.8589,0,1,203.2266,727.628,0,0.0,5.0,5.0,63,97,0.8961,0.0351,79,0.741,3
0.3754,1,0,11.0258,3.6381,1,1.0,0.0,0.0,337,294,0.97,0.0639,48,0.1533,1
0.5243,0,1,50.7236,16.795,1,0.0,0.0,0.0,261,11,0.0102,0.8048,22,0.0872,2
7.9714,0,1,383.2435,772.6214,2,0.0,2.0,6.0,102,94,0.9178,0.0252,134,0.6082,3
0.1392,0,0,180.3218,0.491,1,0.0,0.0,0.0,269,503,0.8893,0.0756,22,0.176,1
1.4526,1,2,993.9911,5434.8749,0,0.0,0.0,0.0,13,14,0.909,0.0489,252,0.9931,0
0.4679,0,2,483.9714,550.395,1,0.0,4.0,4.0,118,105,0.8822,0.0274,183,0.8945,3
0.4765,0,5,83.9012,6.3977,1,0.0,0.0,0.0,408,500,0.8544,0.0512,16,0.2706,1
4.4215,0,1,476.8033,268.3873,0,0.0,2.0,2.0,91,118,0.8802,0.0193,118,0.7633,3
0.0292,0,3,59.7097,4.2994,2,0.0,0.0,0.0,363,368,0.8942,0.0256,36,0.1098,1
0.1361,1,2,43.4806,7.5937,1,0.0,0.0,0.0,211,5,0.2072,0.8234,15,0.1874,2
1.0487,1,3,36.2175,26.742,2,0.0,0.0,0.0,192,3,0.1149,0.9374,7,0.189,2
0.6888,0,2,59.4814,16.3535,3,0.0,0.0,0.0,293,11,0.1721,0.7697,7,0.1186,2
0.1577,0,2,36.0241,28.7154,2,0.0,0.0,0.0,269,3,0.2352,0.817,12,0.0725,2
2.5399,0,1,532.7222,217.7689,0,0.0,1.0,5.0,37,91,0.9202,0.0446,57,0.6969,3
5.9228,0,1,306.506,507.7486,0,0.0,2.0,6.0,122,28,0.9167,0.0584,90,0.6163,3
0.4528,0,0,127.4666,4.741,2,0.0,0.0,0.0,263,434,0.8701,0.0147,47,0.3586,1
0.6541,1,2,40.5719,27.7267,1,0.0,0.0,0.0,161,14,0.1528,0.9671,19,0.1884,2
0.6719,1,4,47.4345,30.1111,1,0.0,0.0,0.0,155,5,0.1369,0.8388,8,0.0485,2
7.9283,1,0,553.3756,2936.8534,0,0.0,0.0,0.0,15,8,0.9146,0.028,154,0.7984,0
10.9654,0,0,768.6978,3765.8192,0,0.0,0.0,0.0,14,6,0.9283,0.1416,187,0.7303,0
0.9782,1,1,484.734,7598.6812,0,0.0,0.0,0.0,18,10,0.8047,0.1199,70,0.8902,0
0.0697,0,0,25.295,4.8801,1,0.0,0.0,0.0,441,239,0.947,0.0124,13,0.2175,1
0.586,0,0,24.8423,10.1425,2,0.0,0.0,0.0,117,6,0.0474,0.9699,8,0.073,2
9.5947,0,4,358.3777,6906.9725,0,0.0,0.0,0.0,16,9,0.824,0.1326,107,0.7258,0
0.3992,1,0,91.0021,1.3065,1,0.0,0.0,0.0,498,488,0.9795,0.06,21,0.3986,1
2.9507,1,4,1435.6312,1379.8728,0,0.0,0.0,0.0,14,9,0.8496,0.0777,96,0.8236,0
0.9854,0,3,24.3898,2.4691,2,0.0,0.0,0.0,100,4,0.051,0.9206,21,0.1222,2
11.812,0,2,164.1148,543.2421,1,0.0,2.0,4.0,111,123,0.97,0.0652,86,0.7721,3
14.1906,0,1,695.3525,7543.3566,0,0.0,0.0,0.0,6,17,0.8366,0.0752,149,0.8291,0
2.9821,0,0,338.9632,3146.0648,0,0.0,1.0,0.0,5,10,0.9264,0.1038,228,0.7882,0
0.0642,0,0,47.552,2.2647,1,0.0,0.0,0.0,291,257,0.9498,0.014,49,0.1178,1
10.6073,2,4,628.1037,5620.3234,0,0.0,0.0,0.0,14,8,0.9727,0.043,108,0.8791,0
0.8643,0,1,4.385,10.7619,2,0.0,0.0,0.0,222,8,0.1368,0.993,23,0.1396,2
0.2453,1,0,22.8809,2.5603,1,0.0,0.0,0.0,415,371,0.9623,0.0836,14,0.1812,1
0.4018,0,1,468.3845,303.5425,0,0.0,4.0,4.0,58,63,0.9829,0.0618,132,0.8498,3
4.3209,2,3,395.2913,681.567,0,0.0,0.0,0.0,17,13,0.9358,0.0371,120,0.7271,0
0.4464,0,3,15.9158,1.8642,1,0.0,0.0,0.0,115,7,0.1772,0.946,22,0.1597,2
0.6591,1,0,33.1522,23.3256,3,0.0,0.0,0.0,221,6,0.1681,0.8559,24,0.0345,2
50.0275,0,5,994.0126,1617.9232,0,0.0,0.0,0.0,17,12,0.9851,0.0566,189,0.9786,0
15.0895,2,0,294.283,3420.5986,2,0.0,0.0,0.0,12,7,0.9186,0.0571,234,0.8028,0
0.7404,0,3,201.1255,3159.1289,0,0.0,0.0,0.0,14,11,0.8487,0.1227,251,0.7684,0
0.4427,1,0,48.438,0.1039,1,0.0,0.0,0.0,500,421,0.914,0.0262,49,0.1778,1
2.2933,0,0,296.8761,2014.0826,0,0.0,0.0,0.0,11,9,0.8884,0.0515,222,0.7554,0
0.1141,0,0,42.3965,3.5084,2,0.0,0.0,0.0,268,12,0.0916,0.7625,12,0.02,2
10.5326,0,2,415.7013,244.3675,0,0.0,2.0,7.0,121,63,0.9957,0.0089,116,0.8639,3
0.5673,0,1,62.0306,17.4093,1,0.0,0.0,0.0,272,10,0.0424,0.8652,12,0.1508,2
20.2134,0,0,455.6984,2901.8466,0,0.0,0.0,0.0,13,9,0.8656,0.1081,183,0.9696,0
0.3476,0,0,48.6006,1.1963,2,0.0,0.0,0.0,272,449,0.9697,0.071,30,0.2941,1
0.5497,0,1,171.8729,284.1294,2,0.0,1.0,4.0,79,106,0.9543,0.087,75,0.7833,3
0.7174,0,2,37.7797,20.4945,3,0.0,0.0,0.0,152,11,0.0483,0.8188,3,0.1633,2
0.824,1,0,293.3329,4486.9768,0,0.0,0.0,0.0,15,7,0.9502,0.0274,193,0.9447,0
0.1746,0,3,114.2137,8.0597,1,0.0,0.0,0.0,316,370,0.8813,0.0859,22,0.1161,1
0.4979,0,0,12.9653,28.7699,2,0.0,0.0,0.0,162,10,0.2012,0.7965,22,0.0786,2
0.3738,0,3,34.2444,2.7003,1,0.0,0.0,0.0,469,508,0.9498,0.0526,41,0.2856,1
6.4394,1,5,877.043,972.5111,0,0.0,0.0,0.0,15,7,0.8496,0.0336,213,0.8251,0
0.4146,0,5,47.2117,9.0218,2,0.0,0.0,0.0,89,9,0.0672,0.977,16,0.0404,2
0.4125,0,0,50.8741,9.3872,1,0.0,0.0,0.0,382,457,0.8968,0.0136,5,0.1966,1
0.007,1,0,9.5714,2.6276,1,0.0,0.0,0.0,480,403,0.937,0.0454,35,0.2376,1
0.5504,1,3,4.0079,9.49,2,0.0,0.0,0.0,141,14,0.1975,0.9621,17,0.0555,2
0.4044,0,3,55.0617,2.6207,1,0.0,0.0,0.0,339,402,0.9176,0.0187,20,0.1602,1
3.114,0,0,422.1596,4860.9578,0,0.0,0.0,0.0,13,11,0.9038,0.1104,223,0.82,0
4.0088,0,1,439.5929,473.9389,0,0.0,5.0,5.0,148,70,0.9156,0.0379,195,0.6,3
8.6461,0,0,983.4371,2160.8462,0,0.0,0.0,0.0,15,18,0.8767,0.1452,182,0.9345,0
9.2683,0,1,193.0305,398.0655,2,0.0,1.0,2.0,56,125,0.9995,0.0523,140,0.7087,3
0.2882,0,3,136.0298,5.1843,1,0.0,0.0,0.0,310,311,0.8762,0.0458,42,0.1215,1
5.938,0,1,324.4197,349.4557,1,0.0,5.0,6.0,40,76,0.9567,0.0571,106,0.7092,3
0.4829,1,0,57.125,17.6956,2,0.0,0.0,0.0,226,2,0.0252,0.8086,22,0.1921,2
0.1081,1,0,77.8212,7.031,0,0.0,0.0,0.0,312,451,0.9328,0.0099,6,0.3504,1
2.0038,0,1,230.0547,384.8001,2,0.0,4.0,2.0,70,116,0.8651,0.0969,89,0.9484,3
0.5961,0,5,12.5921,5.0231,2,0.0,0.0,0.0,294,8,0.2205,0.8933,18,0.062,2
4.9172,0,1,224.2946,649.4253,0,0.0,3.0,3.0,37,43,0.8736,0.0321,122,0.8023,3
0.3853,0,0,64.9232,4.6005,2,0.0,0.0,0.0,474,389,0.9754,0.0504,42,0.3827,1
13.1108,1,0,371.2128,1624.1578,0,0.0,0.0,0.0,10,7,0.8768,0.0683,148,0.7358,0
3.8724,0,3,401.2349,2195.2758,0,0.0,0.0,0.0,17,7,0.9904,0.0644,50,0.7437,0
0.8468,0,3,49.1482,15.6965,1,0.0,0.0,0.0,80,9,0.1411,0.763,11,0.1776,2
1.21,0,1,434.9013,262.3681,0,0.0,2.0,4.0,119,47,0.8455,0.0533,117,0.6472,3
6.4752,0,1,189.6492,432.6134,0,0.0,3.0,6.0,115,108,0.95,0.0048,141,0.8513,3
0.5322,0,2,8.6921,28.3008,1,0.0,0.0,0.0,122,6,0.1864,0.9134,21,0.1277,2
0.2254,1,0,12.498,9.8431,1,0.0,0.0,0.0,472,325,0.9884,0.0062,38,0.2414,1
1.5638,2,0,312.6081,2750.5794,0,0.0,0.0,0.0,12,10,0.9808,0.0511,187,0.8085,0
0.9945,0,2,1.8264,17.7744,2,0.0,0.0,0.0,121,5,0.1379,0.9181,21,0.0784,2
0.2777,0,0,27.9821,5.3926,2,0.0,0.0,0.0,274,377,0.9369,0.0887,15,0.1146,1
1.0661,1,3,7.9835,19.9425,1,0.0,0.0,0.0,255,13,0.0538,0.845,19,0.0572,2
31.6319,0,0,1407.834,8324.4072,0,0.0,0.0,0.0,12,8,0.8667,0.1345,184,0.8609,0
2.5772,0,0,1148.7812,5329.7564,1,0.0,0.0,0.0,15,8,0.7961,0.0939,222,0.8215,0
9.9866,0,4,1116.6055,3461.9271,0,0.0,0.0,0.0,11,12,0.9215,0.0725,88,0.8303,0
28.3909,0,0,228.5563,2935.8863,0,0.0,0.0,0.0,10,4,0.7565,0.1281,194,0.8763,0
0.2827,1,0,3.1377,6.7707,1,0.0,0.0,0.0,343,310,0.9438,0.0798,2,0.1863,1
3.3343,0,2,311.7391,517.5842,0,0.0,2.0,4.0,37,47,0.989,0.0689,181,0.618,3
1.9166,0,1,265.649,785.4743,0,0.0,2.0,5.0,142,55,0.9605,0.0736,72,0.7609,3
1.749,0,1,481.5771,726.711,2,0.0,3.0,7.0,69,94,0.978,0.0957,172,0.9302,3
6.6145,1,0,1310.619,2507.3382,2,0.0,0.0,0.0,10,14,0.8681,0.0042,145,0.8395,0
0.1622,1,4,36.3145,8.8749,2,0.0,0.0,0.0,197,11,0.0355,0.9136,11,0.1826,2
1.723,0,1,406.1765,394.8356,0,0.0,3.0,2.0,48,45,0.949,0.0637,198,0.892,3
4.0094,0,1,410.0573,681.286,0,0.0,2.0,5.0,130,36,0.8757,0.0173,187,0.85,3
0.0246,0,0,140.1902,3.8776,1,0.0,0.0,0.0,306,289,0.9562,0.0266,25,0.1288,1
1.1038,0,5,27.7467,5.4264,0,0.0,0.0,0.0,270,7,0.1211,0.8299,24,0.1986,2
6.5552,0,1,582.8577,701.1669,0,0.0,1.0,7.0,71,106,0.8501,0.0685,142,0.6167,3
0.6785,0,4,52.3431,23.2576,0,0.0,0.0,0.0,194,2,0.2371,0.8406,5,0.1494,2
1.3866,0,1,530.143,574.3258,0,0.0,4.0,6.0,79,42,0.9882,0.0932,127,0.6066,3
8.3367,0,1,308.9031,250.368,0,0.0,3.0,5.0,48,114,0.9774,0.0326,63,0.7054,3
0.7584,0,2,13.1802,19.5441,2,0.0,0.0,0.0,253,4,0.1016,0.7546,15,0.0387,2
2.1432,0,1,265.0551,691.4241,0,0.0,2.0,5.0,117,50,0.9016,0.0036,119,0.6572,3
14.1111,0,0,189.516,2336.1105,0,0.0,0.0,0.0,19,12,0.7908,0.1063,166,0.8839,0
0.1746,1,4,9.2452,6.7485,1,0.0,0.0,0.0,200,4,0.0383,0.865,10,0.116,2
0.1683,2,0,78.1693,6.9865,2,0.0,0.0,0.0,487,368,0.9934,0.0448,31,0.2446,1
1.0627,0,1,30.5785,25.9653,1,0.0,0.0,0.0,151,6,0.1928,0.9233,21,0.1762,2
1.1261,0,0,11.6732,18.946,3,0.0,0.0,0.0,177,7,0.2495,0.9748,12,0.1182,2
0.1474,0,5,18.9855,7.4484,1,0.0,0.0,0.0,339,256,0.9883,0.0807,42,0.3459,1
0.5242,0,0,34.9207,21.1457,2,0.0,0.0,0.0,203,10,0.0634,0.9581,22,0.1803,2
0.1625,0,3,118.9506,2.9403,1,0.0,0.0,0.0,368,423,0.8748,0.0329,25,0.2054,1
0.4102,0,1,25.155,6.4591,1,0.0,0.0,0.0,150,1,0.0438,0.9391,24,0.0314,2
15.4647,0,0,1029.3122,1694.2845,3,0.0,0.0,0.0,9,9,0.9778,0.0854,52,0.775,0
1.3659,0,1,590.3378,529.7638,0,0.0,2.0,7.0,58,51,0.9896,0.0984,111,0.8705,3
0.6012,0,0,47.2248,1.0436,1,0.0,0.0,0.0,188,2,0.11,0.9933,15,0.0753,2
0.0879,0,2,13.4834,8.1726,2,0.0,0.0,0.0,294,9,0.1349,0.9389,12,0.0749,2
0.1405,0,5,16.3504,9.6464,0,0.0,0.0,0.0,128,9,0.0558,0.9724,2,0.1006,2
4.4878,0,3,308.5495,6634.6827,0,0.0,0.0,0.0,12,12,0.9233,0.0243,100,0.9622,0
6.6004,1,0,1318.341,4465.4656,0,0.0,0.0,0.0,14,14,0.7522,0.0687,88,0.8804,0
35.4139,2,0,1265.5903,4115.7708,0,0.0,0.0,0.0,11,13,0.762,0.1431,80,0.8268,0
3.9704,0,2,471.3201,501.4555,2,0.0,1.0,4.0,118,50,0.9918,0.0763,74,0.7451,3
4.4924,0,2,236.333,456.5849,0,0.0,4.0,2.0,76,115,0.8297,0.0751,43,0.7063,3
3.3822,0,1,465.8717,592.4423,0,0.0,5.0,2.0,136,82,0.986,0.0312,179,0.6142,3
26.1793,1,5,966.727,2973.1617,0,0.0,0.0,0.0,12,10,0.7881,0.0745,89,0.7004,0
11.8248,0,0,1959.8741,6975.0116,0,0.0,0.0,0.0,12,10,0.9918,0.1379,129,0.9056,0
9.4831,0,2,477.3784,700.0639,0,0.0,2.0,3.0,57,114,0.8773,0.0681,41,0.7087,3
0.4195,0,5,12.9665,5.1459,1,0.0,0.0,0.0,485,227,0.8856,0.0214,45,0.1441,1
1.0072,1,2,39.9536,6.6757,2,0.0,0.0,0.0,256,12,0.2317,0.9235,6,0.104,2
0.3446,0,1,234.3967,578.5226,0,0.0,4.0,6.0,129,25,0.9841,0.0207,59,0.6594,3
0.0518,0,0,51.3353,5.1836,1,0.0,0.0,0.0,279,312,0.8533,0.097,33,0.1043,1
2.4337,0,1,303.5164,567.3405,2,0.0,2.0,2.0,30,74,0.9985,0.0247,189,0.83,3
0.1506,1,0,42.859,3.6327,1,0.0,0.0,0.0,378,435,0.8678,0.0747,22,0.277,1
3.0575,0,1,473.8234,492.9603,0,0.0,1.0,7.0,85,97,0.812,0.0308,118,0.6469,3
27.7338,0,2,253.0677,4729.8221,0,0.0,0.0,0.0,14,11,0.796,0.1061,196,0.7332,0
0.1896,1,3,58.7804,10.6427,2,0.0,0.0,0.0,211,1,0.2104,0.993,4,0.1312,2
0.4003,1,5,65.1196,4.1785,1,0.0,0.0,0.0,287,212,0.9967,0.0977,20,0.1759,1
0.2987,0,3,41.113,5.6446,1,0.0,0.0,0.0,139,14,0.0177,0.9821,6,0.1869,2
2.9134,0,2,246.3431,304.8183,0,0.0,4.0,7.0,141,58,0.8819,0.0038,68,0.8821,3
2.0753,0,1,257.6017,621.8405,0,0.0,3.0,2.0,90,78,0.8825,0.0941,52,0.7061,3
1.0088,0,4,47.781,26.5547,1,0.0,0.0,0.0,87,14,0.2038,0.9472,14,0.1574,2
0.2195,0,0,51.6594,5.3266,1,0.0,0.0,0.0,490,344,0.996,0.0179,38,0.3414,1
1.09,0,3,18.3719,30.0351,0,0.0,0.0,0.0,149,14,0.0464,0.9836,9,0.0129,2
0.438,2,3,125.9458,1.3201,0,0.0,0.0,0.0,419,270,0.8532,0.0885,36,0.3423,1
0.9907,0,1,326.7289,410.0472,0,0.0,5.0,6.0,117,45,0.8356,0.055,181,0.713,3
0.8334,0,5,35.241,0.1933,1,0.0,0.0,0.0,101,10,0.2102,0.9386,23,0.1294,2
0.9825,0,2,23.6624,11.0184,3,0.0,0.0,0.0,127,3,0.2309,0.7624,8,0.0294,2
0.6631,0,1,190.2036,361.3166,0,0.0,4.0,3.0,126,84,0.8917,0.0022,105,0.8185,3
5.1696,0,2,346.2356,238.0946,0,0.0,5.0,5.0,143,108,0.9585,0.0875,96,0.9389,3
7.7466,0,1,420.7608,447.4562,0,0.0,1.0,2.0,123,61,0.9327,0.0748,53,0.9238,3
0.2491,0,1,25.677,15.5062,1,0.0,0.0,0.0,101,6,0.1517,0.9043,21,0.1333,2
17.2816,0,5,636.1335,2507.1887,0,0.0,0.0,0.0,7,13,0.7991,0.1187,254,0.7584,0
20.3788,1,2,364.5893,2525.421,3,0.0,0.0,0.0,12,10,0.891,0.0202,250,0.9326,0
0.1879,0,0,59.217,7.006,2,0.0,0.0,0.0,404,306,0.8839,0.0063,20,0.2493,1
10.5665,1,4,868.7382,3430.6499,0,0.0,1.0,0.0,10,14,0.7753,0.105,80,0.9597,0
12.709,1,4,348.6894,2096.0184,0,0.0,0.0,0.0,13,16,0.8158,0.0964,147,0.7409,0
0.4108,0,1,382.5031,325.144,1,0.0,3.0,6.0,102,125,0.9344,0.0846,51,0.8803,3
1.0667,0,3,46.8741,4.9425,1,0.0,0.0,0.0,177,4,0.1221,0.9511,16,0.0266,2
0.0752,0,0,51.5221,5.3669,3,0.0,0.0,0.0,467,457,0.8998,0.0875,39,0.1976,1
1.6596,0,1,581.4601,361.9943,1,0.0,2.0,2.0,142,59,0.9272,0.0628,115,0.8069,3
0.2828,0,0,55.0018,7.6642,0,0.0,0.0,0.0,365,416,0.8592,0.0696,35,0.2978,1
0.3132,0,1,37.3576,30.2797,1,0.0,0.0,0.0,164,9,0.1334,0.9078,14,0.1351,2
0.1718,0,3,84.0994,4.2843,1,0.0,0.0,0.0,261,273,0.8652,0.0983,43,0.1577,1
38.0344,1,3,443.459,4853.287,0,0.0,0.0,0.0,12,4,0.881,0.1031,159,0.8852,0
0.3542,0,0,165.8068,5.7346,1,0.0,0.0,0.0,304,288,0.9834,0.0106,25,0.3646,1
0.3223,0,0,35.8155,6.5573,1,0.0,0.0,0.0,251,387,0.9752,0.0275,16,0.1638,1
1.6628,0,0,1757.4981,3012.3968,0,0.0,0.0,0.0,9,5,0.7754,0.0941,176,0.846,0
2.3435,0,0,622.5541,3618.9455,0,0.0,0.0,0.0,17,8,0.7809,0.0288,108,0.912,0
0.0384,1,0,135.99,4.5118,1,0.0,0.0,0.0,252,277,0.9434,0.0467,8,0.2606,1
0.2341,0,0,92.5464,6.6973,1,0.0,0.0,0.0,409,203,0.8635,0.062,24,0.3139,1
0.4582,0,1,394.7143,609.4219,0,0.0,5.0,5.0,88,94,0.9175,0.0213,118,0.6578,3
0.5996,0,0,2865.0277,3984.8901,0,0.0,0.0,0.0,14,14,0.8456,0.1455,136,0.8906,0
6.2561,0,1,519.7967,578.9884,0,0.0,2.0,3.0,134,39,0.9729,0.0241,141,0.6083,3
10.6451,0,1,213.2343,320.1111,0,0.0,4.0,2.0,82,25,0.9148,0.0513,62,0.9394,3
0.7549,0,5,53.0526,1.9237,2,0.0,0.0,0.0,225,1,0.2407,0.9168,5,0.0117,2
1.0802,0,2,192.4645,624.2492,0,0.0,5.0,3.0,143,103,0.8901,0.0933,58,0.6508,3
10.7467,0,3,701.335,3466.1172,0,0.0,0.0,0.0,14,12,0.8602,0.0625,207,0.8247,0
0.3609,0,3,53.2035,3.0061,2,0.0,0.0,0.0,473,510,0.9919,0.0364,41,0.2386,1
8.0888,0,2,309.1953,298.4272,0,0.0,2.0,7.0,80,100,0.8923,0.0168,138,0.9248,3
0.4655,0,0,146.7218,8.8939,1,0.0,0.0,0.0,338,224,0.9074,0.0622,2,0.2694,1
1.1159,0,0,24.5023,16.5314,1,0.0,0.0,0.0,112,1,0.1294,0.9957,21,0.1732,2
0.1949,0,0,0.821,2.2182,1,0.0,0.0,0.0,420,278,0.8751,0.068,15,0.2129,1
0.5483,2,5,381.2123,2566.8446,0,0.0,0.0,0.0,16,8,0.8371,0.0245,127,0.9894,0
0.2061,0,5,15.9274,4.1413,1,0.0,0.0,0.0,88,13,0.2189,0.7621,2,0.1681,2
0.0891,1,3,39.2851,6.0948,1,0.0,0.0,0.0,266,10,0.2416,0.7561,3,0.0498,2
9.2526,0,0,89.4598,4180.3135,0,0.0,0.0,0.0,13,13,0.7629,0.0485,53,0.9446,0
2.7728,1,0,861.4194,3236.7273,0,0.0,0.0,0.0,24,9,0.8358,0.1448,206,0.8892,0
0.3869,0,2,23.0365,3.8362,1,0.0,0.0,0.0,156,11,0.2354,0.8501,4,0.106,2
1.2833,0,1,288.0165,690.7223,1,0.0,5.0,2.0,141,117,0.9526,0.001,92,0.8528,3
0.3685,0,0,37.5141,1.884,3,0.0,0.0,0.0,250,310,0.92,0.0048,2,0.297,1
0.4412,0,0,90.7798,4.1685,1,0.0,0.0,0.0,357,337,0.9087,0.0441,22,0.3431,1
0.1053,0,0,35.7006,7.0896,2,1.0,0.0,0.0,489,386,0.8504,0.0286,4,0.1659,1
0.223,0,0,46.8632,4.0017,1,0.0,0.0,0.0,478,432,0.8834,0.0508,45,0.1021,1
14.4744,1,1,392.7299,4882.2482,0,0.0,0.0,0.0,10,8,0.7806,0.117,191,0.7411,0
2.8608,0,1,531.9993,703.2162,0,0.0,2.0,7.0,41,34,0.9175,0.0957,182,0.9207,3
20.8022,0,3,1002.6529,2615.7405,0,0.0,0.0,0.0,12,10,0.9367,0.0905,50,0.8906,0
0.4548,1,2,14.9399,6.7723,2,0.0,0.0,0.0,132,11,0.1798,0.9209,10,0.1414,2
4.6603,1,0,829.1166,2046.5086,0,0.0,0.0,0.0,19,10,0.8987,0.0618,83,0.7388,0
0.3212,0,0,172.3489,1.9091,1,0.0,0.0,0.0,252,436,0.8643,0.0763,33,0.2143,1
8.6088,0,2,287.8393,354.4858,0,0.0,4.0,3.0,91,106,0.8508,0.0158,92,0.8004,3
24.8374,0,1,927.888,7379.6768,0,0.0,0.0,0.0,13,8,0.8207,0.0065,248,0.7013,0
0.3144,1,1,17.4265,28.6416,2,0.0,0.0,0.0,130,8,0.0145,0.8379,2,0.1325,2
0.4604,0,0,83.4988,9.5022,3,0.0,0.0,0.0,493,210,0.9611,0.0398,27,0.1804,1
5.9933,0,1,235.3813,318.035,0,0.0,3.0,6.0,130,106,0.9038,0.053,146,0.8332,3
0.2969,0,4,35.4431,31.7695,1,0.0,0.0,0.0,232,8,0.0566,0.7884,7,0.0334,2
0.6499,0,1,265.2594,207.462,0,0.0,1.0,2.0,136,74,0.8268,0.0616,134,0.7702,3
0.3156,0,0,188.9631,3.0877,1,0.0,0.0,0.0,356,474,0.9634,0.0484,37,0.1946,1
39.6595,0,0,1446.8876,7368.3607,0,0.0,0.0,0.0,18,12,0.8903,0.0884,91,0.7808,0
0.1414,0,3,131.8833,9.5707,2,0.0,0.0,0.0,387,436,0.9016,0.0162,30,0.3778,1
0.0665,0,0,123.0169,8.6292,2,0.0,0.0,0.0,398,413,0.8979,0.0231,29,0.2313,1
4.4739,0,1,307.3882,387.2271,1,0.0,4.0,7.0,82,84,0.8609,0.0096,42,0.7768,3
0.9271,1,4,13.3081,5.7599,2,0.0,0.0,0.0,150,8,0.0389,0.7721,18,0.1207,2
1.0633,0,1,336.7758,372.096,0,0.0,2.0,3.0,111,27,0.9972,0.0959,164,0.8442,3
0.1056,1,5,33.5651,16.1416,2,0.0,0.0,0.0,216,10,0.1898,0.8059,21,0.1855,2
1.4948,0,0,2898.1731,2545.7657,0,0.0,0.0,0.0,14,11,0.9039,0.1457,134,0.77,0
17.6834,1,1,893.0127,2993.3544,0,0.0,0.0,0.0,18,14,0.7786,0.0251,177,0.7273,0
0.1257,1,5,232.9069,9.6953,1,0.0,0.0,0.0,469,506,0.9931,0.0873,34,0.1221,1
3.3955,0,5,652.9385,5305.8631,0,0.0,0.0,0.0,16,9,0.8851,0.0308,189,0.7623,0
1.5294,0,1,150.7497,292.8339,1,0.0,3.0,5.0,72,132,0.9516,0.058,71,0.6637,3
0.2045,0,2,32.4234,30.7059,1,0.0,0.0,0.0,166,14,0.1083,0.9597,17,0.1486,2
4.7918,1,3,411.2709,7672.391,0,0.0,0.0,0.0,10,9,0.9722,0.0503,56,0.8508,0
0.9401,1,4,100.1602,932.6237,0,0.0,0.0,0.0,10,14,0.7618,0.1286,128,0.8498,0
1.9467,0,1,299.794,457.706,0,0.0,3.0,5.0,109,48,0.8975,0.0869,52,0.8008,3
0.0063,0,0,42.9751,6.694,1,0.0,0.0,0.0,332,257,0.937,0.0672,40,0.15,1
11.7152,0,2,755.9398,8235.3267,0,0.0,0.0,0.0,15,11,0.9665,0.1043,73,0.7096,0
1.0184,0,0,25.9795,21.4427,1,0.0,0.0,0.0,264,9,0.0582,0.8412,20,0.13,2
0.4702,0,0,70.2152,4.9833,1,0.0,0.0,0.0,361,420,0.9648,0.0258,10,0.1582,1
0.209,0,3,53.6159,1.6802,1,0.0,0.0,0.0,510,236,0.9267,0.0371,19,0.2424,1
1.3796,0,1,194.4666,529.329,2,0.0,1.0,7.0,39,44,0.968,0.0093,80,0.6627,3
7.2693,0,2,536.9242,443.7946,1,0.0,4.0,3.0,91,127,0.9717,0.0609,61,0.7664,3
0.9407,0,1,320.8937,692.7677,0,0.0,2.0,7.0,73,63,0.9416,0.0664,83,0.825,3
2.9272,0,3,536.5113,2861.9805,1,0.0,0.0,0.0,9,8,0.943,0.0166,154,0.8022,0
4.6348,0,1,267.4135,279.68,0,0.0,1.0,4.0,122,89,0.8285,0.0358,114,0.738,3
0.4108,0,5,33.9187,5.168,2,0.0,0.0,0.0,122,2,0.1109,0.9866,1,0.0355,2
0.053,1,0,99.0917,2.1668,1,0.0,0.0,0.0,453,366,0.9259,0.0236,48,0.2569,1
0.0449,0,5,103.6124,8.0074,1,0.0,0.0,0.0,333,351,0.9995,0.0073,10,0.3723,1
0.5673,0,5,8.496,11.1178,2,0.0,0.0,0.0,98,7,0.2394,0.9409,7,0.0477,2
6.8243,0,0,356.8216,2677.0548,0,0.0,0.0,0.0,13,9,0.7908,0.1065,71,0.8142,0
3.7542,0,2,335.08,352.6349,0,0.0,2.0,7.0,122,97,0.9289,0.0879,79,0.6146,3
14.9027,2,1,1012.7747,3494.8654,2,0.0,0.0,0.0,14,9,0.8458,0.1491,84,0.7767,0
28.0413,0,1,885.9223,7340.0497,0,0.0,0.0,0.0,11,9,0.8412,0.1021,249,0.9786,0
4.1541,0,2,493.0197,353.8808,1,0.0,2.0,5.0,78,70,0.8206,0.0113,54,0.7764,3
1.7972,0,1,322.6843,603.7578,0,0.0,4.0,3.0,141,115,0.9679,0.0658,77,0.8471,3
14.298,0,2,417.3126,298.7955,0,0.0,5.0,7.0,47,36,0.9483,0.0982,148,0.6881,3
0.2083,0,0,82.6472,9.0722,1,0.0,0.0,0.0,430,314,0.942,0.0919,31,0.12,1
0.5562,0,4,13.6821,24.4235,2,0.0,0.0,0.0,112,2,0.2192,0.7547,22,0.0639,2
0.6493,0,2,11.4007,6.0503,0,0.0,0.0,0.0,134,2,0.1769,0.9844,19,0.0816,2
0.1462,1,5,44.7355,19.9613,1,0.0,0.0,0.0,104,11,0.0541,0.9476,18,0.1764,2
1.0334,0,2,6.0097,12.6014,1,0.0,0.0,0.0,104,10,0.0659,0.9614,23,0.0884,2
11.7771,0,3,763.5752,3232.0161,0,0.0,0.0,0.0,12,16,0.941,0.0022,225,0.7776,0
0.3317,0,0,80.7392,7.6065,2,0.0,0.0,0.0,350,385,0.8789,0.0533,30,0.1779,1
0.3672,0,0,7.6463,8.6569,1,0.0,0.0,0.0,415,328,0.8604,0.0183,46,0.3057,1
0.1985,0,3,37.7987,0.7291,1,0.0,0.0,0.0,362,217,0.881,0.0415,12,0.2562,1
15.6631,0,1,407.1566,398.0918,0,0.0,2.0,4.0,118,79,0.8014,0.0715,123,0.8571,3
34.8541,1,1,298.9453,4648.4827,0,0.0,0.0,0.0,15,9,0.9058,0.1005,150,0.8782,0
0.1,1,0,89.7966,3.8704,1,0.0,0.0,0.0,322,353,0.8741,0.0192,35,0.2873,1
0.1746,0,3,212.8525,3.6318,1,0.0,0.0,0.0,377,236,0.992,0.0575,5,0.131,1
3.6513,0,1,568.7991,397.8226,0,0.0,5.0,4.0,121,54,0.9886,0.0957,135,0.7628,3
0.4954,0,0,173.7205,7.9267,0,1.0,0.0,0.0,435,371,0.9956,0.0789,20,0.2301,1
0.321,0,3,6.578,3.1933,1,0.0,0.0,0.0,403,212,0.9728,0.0521,15,0.3161,1
0.7464,0,2,40.673,28.1518,2,0.0,0.0,0.0,146,1,0.0796,0.8156,10,0.1637,2
26.7127,1,0,1386.8111,1355.5964,0,0.0,0.0,0.0,13,10,0.9373,0.0623,144,0.9777,0
0.9254,0,0,12.3514,17.325,2,0.0,0.0,0.0,90,1,0.1813,0.8347,18,0.0453,2
6.8424,0,1,225.1193,730.7892,0,0.0,3.0,5.0,147,67,0.812,0.0299,183,0.6134,3
13.473,1,0,702.704,4445.2258,0,0.0,0.0,0.0,11,12,0.9428,0.0961,171,0.7111,0
0.2347,0,4,42.3475,9.8249,1,0.0,0.0,0.0,224,13,0.1419,0.7963,23,0.0622,2
0.4422,1,3,54.5541,0.7846,1,0.0,0.0,0.0,381,421,0.8862,0.0548,13,0.1491,1
0.6791,1,1,9.2747,4.4667,2,0.0,0.0,0.0,248,1,0.073,0.8019,7,0.1249,2
0.2614,0,0,123.6157,1.8544,1,0.0,0.0,0.0,399,348,0.9621,0.0936,15,0.2386,1
39.7344,0,4,531.3586,2221.8064,0,0.0,0.0,0.0,15,8,0.7752,0.0688,235,0.9217,0
0.1249,0,0,25.5895,1.2055,1,0.0,0.0,0.0,344,476,0.9433,0.04,9,0.2307,1
2.6168,0,1,216.4671,286.0947,0,0.0,1.0,6.0,30,106,0.8742,0.0601,82,0.7466,3
40.9101,1,0,313.5004,2189.2676,0,0.0,0.0,0.0,12,7,0.8107,0.0967,94,0.7852,0
0.4309,0,0,87.2325,8.693,1,0.0,0.0,0.0,338,412,0.9201,0.0497,18,0.3652,1
2.1082,0,1,559.6546,608.0695,1,0.0,2.0,3.0,56,98,0.8789,0.0714,114,0.8141,3
9.942,0,2,1787.1834,1853.8202,0,0.0,0.0,0.0,17,14,0.8792,0.1071,85,0.7894,0
4.5828,0,5,349.8369,3704.3531,0,0.0,0.0,0.0,20,12,0.8224,0.1464,110,0.8631,0
1.4768,0,1,161.0294,587.5446,0,0.0,5.0,7.0,124,52,0.9016,0.0118,88,0.7665,3
0.6759,0,1,44.2838,23.8771,1,0.0,0.0,0.0,97,13,0.1254,0.8596,6,0.1839,2
0.0718,0,0,10.6005,8.0223,2,0.0,0.0,0.0,456,405,0.907,0.0036,5,0.1118,1
5.281,1,0,402.6817,2936.222,0,0.0,0.0,0.0,18,13,0.7504,0.0772,61,0.9535,0
0.5552,1,3,54.5532,4.3394,1,0.0,0.0,0.0,117,6,0.2493,0.8727,12,0.1265,2
9.6695,1,0,954.8333,3776.9129,0,0.0,0.0,0.0,15,9,0.8668,0.0431,172,0.9694,0
0.1345,1,2,38.5377,6.8861,2,0.0,0.0,0.0,208,6,0.0129,0.9498,4,0.0183,2
0.0737,0,0,104.0118,9.884,2,0.0,0.0,0.0,264,488,0.9567,0.051,48,0.3317,1
0.965,1,2,18.5595,22.457,2,0.0,0.0,0.0,97,2,0.0575,0.9743,23,0.0368,2
26.8127,0,0,409.2431,687.455,0,0.0,0.0,0.0,23,11,0.9435,0.0161,184,0.9569,0
0.2501,1,3,55.4962,11.0291,1,0.0,0.0,0.0,263,12,0.0749,0.7973,13,0.1049,2
3.9844,0,1,273.8431,232.5982,0,0.0,3.0,7.0,95,32,0.9841,0.0355,101,0.7306,3
3.4314,0,1,877.7322,9193.793,0,0.0,0.0,0.0,13,8,0.8897,0.0423,245,0.8797,0
18.8692,2,1,1186.7156,3576.7485,0,0.0,0.0,0.0,11,6,0.8339,0.0633,213,0.7716,0
0.357,0,0,41.8087,5.0566,1,0.0,0.0,0.0,344,442,0.8602,0.0489,38,0.3127,1
0.0877,0,0,10.278,1.5353,2,0.0,0.0,0.0,363,460,0.9948,0.0789,32,0.2404,1
10.464,0,0,285.3215,5073.3778,0,0.0,0.0,0.0,10,11,0.7926,0.0443,94,0.801,0
0.3479,1,0,20.8433,4.1546,1,0.0,0.0,0.0,492,354,0.944,0.0316,12,0.3171,1
4.5048,0,1,585.9159,696.4648,0,0.0,3.0,7.0,53,55,0.8089,0.091,137,0.9308,3
0.3233,0,2,539.111,742.3427,0,0.0,5.0,3.0,112,116,0.864,0.0838,94,0.7037,3
13.2899,0,1,404.1298,437.4456,1,0.0,3.0,3.0,90,57,0.9511,0.018,170,0.7198,3
0.8382,1,3,8.7602,3.5487,2,0.0,0.0,0.0,194,2,0.2284,0.9906,4,0.0426,2
5.6957,2,0,101.3952,7627.9477,0,0.0,0.0,0.0,20,9,0.9269,0.083,105,0.9981,0
1.1823,0,4,59.8132,25.1708,1,0.0,0.0,0.0,138,12,0.0861,0.9322,1,0.0242,2
0.299,0,0,92.9655,6.2759,2,0.0,0.0,0.0,382,437,0.8736,0.0384,46,0.1421,1
0.0381,0,2,11.4658,19.3496,1,0.0,0.0,0.0,161,2,0.0972,0.8935,13,0.0954,2
0.6554,0,4,492.8214,5024.8989,0,0.0,0.0,0.0,14,15,0.9151,0.0692,131,0.754,0
0.4993,0,5,62.4239,27.1236,0,0.0,0.0,0.0,214,13,0.2055,0.8664,13,0.0488,2
0.9917,0,0,63.8324,26.2758,2,0.0,0.0,0.0,146,10,0.0703,0.9189,20,0.0854,2
1.7723,0,0,534.4537,1225.0494,0,0.0,0.0,0.0,11,12,0.8174,0.0485,219,0.8606,0
0.1356,0,0,20.4691,5.3756,1,1.0,0.0,0.0,419,217,0.8787,0.0261,35,0.1198,1
0.178,1,2,2.2025,16.7634,2,0.0,0.0,0.0,124,14,0.1225,0.9731,10,0.1526,2
8.9761,0,0,531.8922,2054.6273,0,0.0,0.0,0.0,17,14,0.9751,0.1273,72,0.9903,0
0.8169,2,0,7.4323,21.0315,3,0.0,0.0,0.0,107,7,0.0801,0.7743,11,0.1011,2
1.1371,0,1,487.0651,1668.5172,0,0.0,0.0,0.0,14,9,0.7808,0.1466,62,0.7643,0
31.5368,0,0,397.3836,3148.9447,0,0.0,0.0,0.0,15,8,0.9062,0.1318,77,0.8503,0
6.1526,0,2,316.2818,632.2924,0,0.0,4.0,2.0,89,77,0.8392,0.0461,157,0.9352,3
13.0078,0,2,1072.3939,7829.8954,0,0.0,0.0,0.0,15,6,0.8275,0.0884,161,0.7381,0
6.2074,0,1,298.5711,719.8481,0,0.0,1.0,6.0,107,92,0.8153,0.0636,60,0.7663,3
13.4819,0,1,747.0151,1266.547,0,0.0,0.0,0.0,13,11,0.963,0.0907,152,0.9021,0
0.1926,0,0,73.3897,7.0219,2,0.0,0.0,0.0,427,486,0.9493,0.0761,31,0.2816,1
0.4132,2,0,10.5961,23.2321,2,0.0,0.0,0.0,127,14,0.2325,0.8333,13,0.1562,2
19.3779,0,0,127.5087,7539.1289,0,0.0,0.0,0.0,10,6,0.7846,0.0744,51,0.8988,0
0.3191,1,2,31.9667,5.2294,1,0.0,0.0,0.0,276,14,0.0892,0.8163,20,0.0669,2
22.2369,0,1,786.4859,4115.4118,0,0.0,0.0,0.0,7,15,0.8507,0.1329,157,0.7699,0
4.3966,1,4,613.7461,2804.2312,0,0.0,0.0,0.0,10,12,0.9639,0.1054,85,0.907,0
0.7816,1,3,55.9881,11.3977,1,0.0,0.0,0.0,141,11,0.0906,0.8538,7,0.1704,2
16.8988,0,3,627.2103,7606.3786,0,0.0,0.0,0.0,12,11,0.9299,0.0275,68,0.7237,0
2.8108,0,2,382.1374,210.4484,0,0.0,3.0,4.0,60,38,0.8248,0.053,106,0.6914,3
0.2458,0,0,83.8272,2.2161,0,0.0,0.0,0.0,313,455,0.9177,0.0387,9,0.3412,1
1.0946,0,3,10.1432,26.6804,1,0.0,0.0,0.0,120,7,0.227,0.8506,17,0.1996,2
2.509,0,1,871.0411,3458.4903,0,0.0,0.0,0.0,8,13,0.8365,0.0713,148,0.8557,0
1.5281,0,1,362.6216,697.1467,2,0.0,5.0,3.0,98,100,0.9332,0.0215,132,0.667,3
0.6612,0,2,251.7347,637.1091,1,0.0,3.0,5.0,92,72,0.8567,0.0377,102,0.7935,3
4.3375,0,1,447.1021,371.2363,0,0.0,1.0,3.0,54,84,0.9146,0.0771,73,0.8636,3
2.8051,0,2,338.6448,303.7329,1,0.0,3.0,3.0,107,27,0.9801,0.0012,189,0.6448,3
0.1818,0,2,37.3191,10.3156,2,0.0,0.0,0.0,97,11,0.0203,0.9688,9,0.0439,2
0.063,1,3,24.1914,10.0643,0,0.0,0.0,0.0,159,8,0.0251,0.9076,3,0.1068,2
69.317,0,0,878.8768,1676.7157,0,0.0,0.0,0.0,12,14,0.9372,0.0418,100,0.7891,0
0.7783,0,1,509.1557,699.2735,0,0.0,1.0,5.0,32,131,0.9203,0.0932,76,0.7033,3
11.656,0,4,1563.1451,8459.2833,2,0.0,0.0,0.0,15,22,0.976,0.0334,194,0.9251,0
0.2692,0,0,15.9437,3.9744,1,0.0,0.0,0.0,479,454,0.9531,0.0197,39,0.2201,1
0.3292,0,5,182.4061,8.704,1,0.0,0.0,0.0,307,296,0.8786,0.0262,1,0.119,1
0.4319,0,0,26.6611,0.5686,2,0.0,0.0,0.0,336,313,0.858,0.0451,41,0.2836,1
1.2731,0,1,309.6696,767.4343,0,0.0,5.0,4.0,113,111,0.9011,0.0852,58,0.6175,3
0.3595,1,0,51.852,3.9861,1,1.0,0.0,0.0,453,359,0.8514,0.074,11,0.1174,1
11.7133,0,0,342.9588,3589.3477,0,0.0,0.0,0.0,16,12,0.7712,0.1476,240,0.701,0
1.162,0,2,15.7016,24.349,3,0.0,0.0,0.0,252,9,0.2006,0.8891,24,0.0412,2
20.5341,0,3,1391.8712,7146.2689,0,0.0,0.0,0.0,17,13,0.9773,0.1203,135,0.9477,0
0.2575,1,0,109.8553,5.5232,1,0.0,0.0,0.0,397,330,0.9061,0.0465,23,0.3023,1
0.0742,0,0,71.5021,8.1799,1,0.0,0.0,0.0,343,226,0.9278,0.0235,39,0.151,1
0.0235,0,5,188.6024,3.8448,2,0.0,0.0,0.0,422,238,0.871,0.0508,6,0.3425,1
10.9229,0,1,574.523,325.6078,0,0.0,4.0,3.0,139,35,0.8344,0.0979,143,0.7618,3
1.469,0,1,155.0732,620.0559,0,0.0,4.0,6.0,135,51,0.9159,0.0474,52,0.6361,3
0.4363,0,3,2.7295,27.4928,1,0.0,0.0,0.0,129,14,0.1069,0.9865,13,0.1679,2
0.1688,2,2,46.3527,10.9295,1,0.0,0.0,0.0,146,6,0.0759,0.8006,7,0.1181,2
0.9475,0,1,18.7533,24.3055,2,0.0,0.0,0.0,131,12,0.0685,0.7602,2,0.1119,2
0.4955,0,0,192.6576,1.8412,1,0.0,0.0,0.0,283,423,0.8889,0.0813,44,0.2348,1
0.5093,0,1,649.2834,3426.1382,0,0.0,0.0,0.0,13,8,0.9839,0.1291,197,0.7911,0
0.4653,0,0,29.666,6.0843,3,0.0,0.0,0.0,453,354,0.9008,0.0133,23,0.2343,1
0.9488,1,0,55.8628,27.9111,2,0.0,0.0,0.0,128,7,0.1233,0.8329,5,0.0462,2
21.4839,0,0,2143.5737,6853.2164,0,0.0,0.0,0.0,10,15,0.9009,0.0304,118,0.9159,0
0.2929,0,5,51.3008,8.6033,2,0.0,0.0,0.0,336,430,0.8526,0.0199,35,0.2594,1
0.3648,0,2,211.6492,336.867,1,0.0,3.0,2.0,147,56,0.941,0.079,44,0.6811,3
0.4639,0,0,94.9509,1.2578,2,0.0,0.0,0.0,418,245,0.9265,0.0939,17,0.317,1
1.8886,0,1,256.9164,274.5597,0,0.0,2.0,2.0,48,118,0.9366,0.0488,109,0.6885,3
34.7461,0,4,841.3788,3312.0302,0,0.0,0.0,0.0,11,13,0.8456,0.0324,68,0.7073,0
0.0646,1,0,12.7358,5.2052,2,0.0,0.0,0.0,311,381,0.9129,0.0076,38,0.3446,1
11.9569,0,2,834.396,3682.5987,0,0.0,0.0,0.0,15,6,0.9161,0.1113,189,0.842,0
23.3962,1,1,767.3414,990.455,0,0.0,0.0,0.0,9,15,0.9095,0.004,85,0.7485,0
9.6544,0,1,361.9119,365.6331,0,0.0,3.0,7.0,76,134,0.808,0.0307,107,0.7911,3
20.4988,0,5,1641.5306,5123.7215,0,0.0,0.0,0.0,10,12,0.9219,0.1149,75,0.9946,0
11.068,0,1,444.4609,441.9747,2,0.0,3.0,3.0,90,108,0.9229,0.0516,169,0.7089,3
0.3382,0,0,63.6404,6.1407,1,0.0,0.0,0.0,275,342,0.9178,0.081,28,0.2847,1
0.4888,0,1,165.6483,747.2629,2,0.0,5.0,2.0,93,91,0.9453,0.018,151,0.7832,3
0.3485,1,3,19.2536,11.5028,2,0.0,0.0,0.0,138,10,0.0951,0.9512,19,0.0407,2
0.4711,0,0,207.9856,0.5584,1,0.0,0.0,0.0,294,504,0.9596,0.008,32,0.2562,1
2.9738,1,0,314.2412,3071.1981,0,0.0,0.0,0.0,11,8,0.9562,0.0392,137,0.9291,0
0.4696,1,0,47.292,1.4044,1,3.0,0.0,0.0,343,263,0.9647,0.0918,31,0.2803,1
0.0989,0,5,17.2641,21.3711,2,0.0,0.0,0.0,285,5,0.0759,0.8026,18,0.1152,2
0.1833,0,2,52.4018,1.3469,1,0.0,0.0,0.0,169,8,0.1647,0.8335,21,0.1448,2
2.0582,0,1,536.7997,228.6469,0,0.0,3.0,6.0,95,27,0.8301,0.016,59,0.8584,3
0.5823,1,5,12.8474,17.4083,2,0.0,0.0,0.0,299,14,0.2369,0.9815,21,0.0956,2
0.6136,0,2,188.422,543.482,1,0.0,4.0,5.0,88,120,0.9036,0.0772,106,0.8368,3
0.3964,0,1,422.571,2282.506,0,0.0,0.0,0.0,15,7,0.9847,0.0101,127,0.7552,0
0.3819,0,0,39.868,9.264,1,0.0,0.0,0.0,410,252,0.9949,0.0669,2,0.3233,1
4.8199,1,1,393.9003,2132.5874,0,0.0,0.0,0.0,12,8,0.856,0.1403,193,0.7331,0
12.0908,0,0,480.2892,6337.1665,0,0.0,0.0,0.0,15,11,0.7651,0.0257,197,0.9199,0
0.0249,2,3,5.6193,25.9529,3,0.0,0.0,0.0,89,14,0.2328,0.8606,24,0.1312,2
0.4081,0,0,83.722,0.0864,1,3.0,0.0,0.0,427,355,0.9358,0.0278,19,0.3942,1
0.4863,0,0,162.3336,3.2399,1,0.0,0.0,0.0,502,300,0.9015,0.0502,7,0.2805,1
1.0212,0,1,22.6487,2.6197,2,0.0,0.0,0.0,122,8,0.2142,0.878,16,0.0748,2
0.1993,0,0,28.7244,1.5662,2,1.0,0.0,0.0,465,358,0.9492,0.0494,17,0.1492,1
0.2456,0,2,501.5252,369.6575,2,0.0,2.0,2.0,58,124,0.8091,0.0788,65,0.7111,3
0.4345,0,5,91.1062,2.7076,1,0.0,0.0,0.0,356,383,0.9768,0.0574,2,0.1014,1
0.8726,1,3,17.969,19.7526,1,0.0,0.0,0.0,212,11,0.1073,0.7523,14,0.0163,2
1.107,0,1,318.1614,518.0932,0,0.0,3.0,2.0,71,51,0.9161,0.015,180,0.8521,3
3.5547,0,1,253.5251,231.4473,2,0.0,1.0,4.0,110,94,0.9848,0.0947,164,0.8745,3
0.0351,0,0,89.118,1.2705,1,0.0,0.0,0.0,463,414,0.9946,0.0526,36,0.1723,1
2.4527,1,0,1712.6668,6947.6612,0,0.0,0.0,0.0,14,7,0.9389,0.1337,130,0.7017,0
19.2598,1,2,326.8914,4440.5699,0,0.0,0.0,0.0,14,11,0.973,0.1428,114,0.8366,0
10.5794,1,3,1308.0367,4681.1127,0,0.0,0.0,0.0,13,7,0.9873,0.0061,227,0.9414,0
0.2794,1,3,68.9674,4.6197,1,0.0,0.0,0.0,399,281,0.9941,0.0208,12,0.2284,1
6.8384,0,1,270.2346,662.1757,1,0.0,3.0,4.0,31,71,0.9325,0.0364,113,0.9452,3
1.7049,0,0,934.5167,7012.8569,0,0.0,0.0,0.0,16,13,0.8961,0.0719,133,0.8549,0
0.5542,0,2,6.6759,15.5542,0,0.0,0.0,0.0,270,8,0.0474,0.9656,11,0.0532,2
1.1982,0,1,21.6032,23.128,1,0.0,0.0,0.0,199,12,0.1523,0.9695,23,0.1757,2
0.6441,0,2,366.0434,372.2767,2,0.0,5.0,7.0,104,34,0.8687,0.0965,54,0.7181,3
1.0645,0,1,204.0157,380.7818,1,0.0,4.0,2.0,43,45,0.8828,0.0939,116,0.7694,3
0.8439,0,3,42.9369,28.9441,0,0.0,0.0,0.0,130,14,0.2468,0.8996,7,0.105,2
0.3417,0,4,2.3393,22.2631,1,0.0,0.0,0.0,215,8,0.1932,0.9829,4,0.1173,2
20.3144,0,0,1494.5425,2633.2349,0,0.0,0.0,0.0,9,7,0.9433,0.0379,142,0.7322,0
0.6938,0,0,10.963,23.3025,2,0.0,0.0,0.0,116,13,0.1815,0.7881,12,0.0535,2
10.0259,0,1,340.7704,446.1507,2,0.0,4.0,2.0,45,137,0.8509,0.0458,90,0.6741,3
4.1763,0,2,587.9508,589.7088,1,0.0,3.0,6.0,68,138,0.9519,0.0852,113,0.8333,3
0.6381,0,1,42.0034,11.0085,1,0.0,0.0,0.0,238,9,0.1927,0.8131,20,0.0145,2
0.4428,0,2,48.3278,1.6076,1,0.0,0.0,0.0,244,3,0.1518,0.8085,19,0.0914,2
11.8347,2,0,123.4705,314.5858,0,0.0,0.0,0.0,14,16,0.9565,0.0295,193,0.9092,0
0.7726,1,2,27.297,27.0281,2,0.0,0.0,0.0,104,8,0.1658,0.8793,1,0.1922,2
0.4854,0,0,26.4956,5.8983,1,0.0,0.0,0.0,508,353,0.9254,0.0999,37,0.1909,1
0.1242,0,0,8.4936,8.1812,1,0.0,0.0,0.0,305,216,0.9264,0.0535,27,0.2266,1
0.0623,1,0,45.735,7.8559,1,3.0,0.0,0.0,356,331,0.9913,0.0462,7,0.1928,1
0.0496,1,1,33.0018,25.6401,2,0.0,0.0,0.0,236,9,0.2469,0.9901,2,0.1532,2
0.7137,0,2,57.3479,13.8266,2,0.0,0.0,0.0,117,12,0.1185,0.8547,24,0.0381,2
0.2982,1,3,4.2607,1.65,2,0.0,0.0,0.0,178,9,0.2433,0.7626,14,0.0515,2
0.3013,0,0,211.1841,0.3831,1,3.0,0.0,0.0,458,269,0.947,0.0915,39,0.1358,1
0.4819,0,0,122.8803,2.4613,1,0.0,0.0,0.0,506,265,0.897,0.0528,20,0.3789,1
0.323,0,2,33.88,4.6946,2,0.0,0.0,0.0,148,11,0.2059,0.8039,20,0.1973,2
0.0561,0,5,59.8643,0.1623,2,0.0,0.0,0.0,255,1,0.0631,0.8715,6,0.1535,2
0.3613,0,1,217.6077,438.7567,0,0.0,3.0,7.0,52,48,0.9485,0.0048,76,0.6142,3
0.1476,0,3,19.3677,7.2803,1,1.0,0.0,0.0,303,481,0.8897,0.0977,40,0.2486,1
0.4703,1,3,1073.2894,5469.4403,0,0.0,0.0,0.0,12,8,0.9762,0.1457,129,0.8363,0
0.3332,0,0,218.5841,2.7961,1,0.0,0.0,0.0,258,218,0.8602,0.0401,31,0.151,1
0.4844,0,5,13.0145,4.2638,1,0.0,0.0,0.0,257,270,0.9699,0.02,9,0.3004,1
1.1455,0,4,62.5883,13.7676,1,0.0,0.0,0.0,126,8,0.0889,0.8039,12,0.188,2
0.4443,1,0,19.1247,6.5327,1,0.0,0.0,0.0,412,344,0.8894,0.0627,23,0.2303,1
9.418,0,3,2019.3638,9500.6577,0,0.0,0.0,0.0,16,11,0.8731,0.1205,79,0.7993,0
0.1139,0,1,11.3225,27.0029,2,0.0,0.0,0.0,217,8,0.2495,0.9412,9,0.1599,2
2.8056,1,0,307.0687,2541.3104,0,0.0,0.0,0.0,19,12,0.8402,0.0605,213,0.8093,0
0.1311,0,0,20.7813,7.9045,1,0.0,0.0,0.0,406,462,0.9547,0.0084,36,0.3571,1
12.9387,0,2,526.5337,2568.2691,0,0.0,0.0,0.0,12,12,0.7533,0.1017,176,0.9357,0
0.4139,0,0,111.1854,0.0322,2,0.0,0.0,0.0,413,321,0.9714,0.0292,16,0.382,1
0.0352,0,1,29.0237,3.7433,1,0.0,0.0,0.0,275,12,0.1123,0.9708,8,0.0582,2
1.0981,0,1,299.0166,793.0358,2,0.0,5.0,2.0,37,50,0.9691,0.0125,94,0.8696,3
13.4613,0,2,934.0673,2707.7368,0,0.0,0.0,0.0,10,9,0.8804,0.1231,69,0.9072,0
0.0724,1,3,23.246,25.3172,0,0.0,0.0,0.0,112,5,0.2032,0.758,24,0.0811,2
0.4907,0,0,73.1926,7.1371,3,1.0,0.0,0.0,324,342,0.9033,0.0004,5,0.1799,1
0.3038,0,3,29.2306,7.9524,1,0.0,0.0,0.0,361,217,0.9036,0.0782,2,0.3303,1
3.3439,1,5,722.172,3152.8412,0,0.0,0.0,0.0,18,11,0.874,0.0135,50,0.7292,0
8.7116,0,0,159.0055,3232.745,0,0.0,0.0,0.0,19,5,0.9197,0.1235,185,0.8841,0
0.2435,0,2,48.4511,24.0704,2,0.0,0.0,0.0,87,13,0.0715,0.8623,12,0.1931,2
0.1561,1,5,29.7696,0.1254,1,0.0,0.0,0.0,278,420,0.8863,0.0194,39,0.1062,1
0.206,0,0,33.9693,1.8603,1,0.0,0.0,0.0,368,434,0.9895,0.0356,23,0.1522,1
1.1422,0,5,13.5016,0.833,1,0.0,0.0,0.0,129,5,0.1031,0.9909,22,0.0268,2
1.4192,0,5,1339.7294,5093.8888,0,0.0,0.0,0.0,11,15,0.7517,0.0436,61,0.7685,0
0.6043,0,4,41.819,13.998,2,0.0,0.0,0.0,84,10,0.0659,0.7719,7,0.158,2
12.2368,2,0,302.0352,2396.3631,0,0.0,0.0,0.0,14,5,0.885,0.0585,245,0.723,0
1.3477,0,1,259.1863,739.8667,0,0.0,4.0,2.0,65,47,0.9555,0.0361,134,0.9454,3
3.2716,0,1,290.1852,239.4763,1,0.0,1.0,4.0,112,122,0.8172,0.0567,85,0.6759,3
0.4005,2,2,6.2461,2.6832,1,0.0,0.0,0.0,206,9,0.2454,0.8379,17,0.1881,2
5.1409,0,2,260.8479,576.8188,0,0.0,1.0,6.0,49,127,0.8342,0.0158,139,0.8346,3
0.0488,1,2,30.1223,1.5339,2,0.0,0.0,0.0,119,5,0.166,0.795,10,0.0611,2
4.0483,0,2,234.5853,369.0504,0,0.0,3.0,5.0,60,122,0.9696,0.0392,106,0.7655,3
3.1554,0,2,185.5619,502.5228,0,0.0,4.0,2.0,92,104,0.9027,0.0962,166,0.7023,3
0.9111,0,3,808.4249,2594.3055,0,0.0,0.0,0.0,12,13,0.9105,0.0484,194,0.9026,0
4.0409,0,0,599.1431,4793.2452,0,0.0,0.0,0.0,14,13,0.8137,0.0153,128,0.8144,0
0.2407,1,0,4.6425,26.9569,2,0.0,0.0,0.0,233,14,0.1529,0.7903,18,0.0206,2
0.1137,0,5,31.4772,17.1691,0,0.0,0.0,0.0,240,14,0.1101,0.8189,3,0.1419,2
0.3042,1,3,4.6187,6.4937,2,0.0,0.0,0.0,101,4,0.0771,0.9409,18,0.1509,2
6.1737,0,0,625.0014,5689.1399,0,0.0,0.0,0.0,9,11,0.9694,0.0312,58,0.894,0
0.2685,0,5,57.3404,5.1589,0,0.0,0.0,0.0,267,399,0.8791,0.0171,1,0.2892,1
1.0856,0,3,29.8423,27.6383,2,0.0,0.0,0.0,275,2,0.2396,0.9532,18,0.1101,2
37.2772,1,3,828.7434,1126.8155,0,0.0,0.0,0.0,9,5,0.9993,0.0822,105,0.9788,0
3.0934,0,2,1271.3647,2626.7734,0,0.0,0.0,0.0,15,13,0.7534,0.0631,180,0.892,0
1.7882,0,1,192.818,542.9903,1,0.0,4.0,2.0,96,103,0.9329,0.0588,144,0.7117,3
0.2452,0,0,81.8552,8.8813,2,0.0,0.0,0.0,443,311,0.9814,0.0956,22,0.3221,1
0.9472,0,0,41.982,26.0994,2,0.0,0.0,0.0,199,6,0.121,0.8417,15,0.1444,2
1.9328,0,1,354.6608,464.708,0,0.0,2.0,5.0,122,72,0.8081,0.0873,55,0.7291,3
5.9421,0,1,443.7346,668.8489,0,0.0,2.0,2.0,147,50,0.9486,0.0993,113,0.8201,3
3.7093,1,4,943.8797,2174.0765,0,0.0,0.0,0.0,20,8,0.9707,0.0671,209,0.8696,0
0.6971,0,0,27.4755,6.003,2,0.0,0.0,0.0,298,3,0.0644,0.9884,8,0.1485,2
1.0644,1,2,46.3998,19.8776,2,0.0,0.0,0.0,215,14,0.0259,0.7767,16,0.171,2
1.1895,0,1,502.1397,561.8639,0,0.0,2.0,2.0,68,59,0.9712,0.0419,58,0.6315,3
1.3881,0,3,230.7513,1912.5929,0,0.0,0.0,0.0,16,8,0.9047,0.1353,225,0.8078,0
0.0155,0,0,53.8115,0.65,1,3.0,0.0,0.0,362,225,0.9776,0.0022,30,0.2257,1
19.7078,0,1,251.804,588.9054,0,0.0,3.0,7.0,44,108,0.8357,0.0421,64,0.607,3
0.1609,0,0,935.4418,4672.9136,0,0.0,0.0,0.0,13,16,0.7681,0.1379,124,0.7759,0
8.3156,0,1,262.8418,365.5327,0,0.0,4.0,4.0,102,65,0.8489,0.0113,146,0.7237,3
9.5114,0,0,686.0545,4192.1746,0,0.0,0.0,0.0,15,11,0.959,0.1234,197,0.7886,0
6.5159,0,0,895.0878,3680.6255,0,0.0,0.0,0.0,16,17,0.9273,0.0151,203,0.9969,0
14.4144,2,0,1338.7861,2261.2377,0,0.0,0.0,0.0,14,17,0.8514,0.0331,222,0.7417,0
26.287,1,3,1931.0749,7912.5752,0,0.0,0.0,0.0,14,9,0.8669,0.0686,66,0.7588,0
5.4335,1,0,1262.2325,4820.883,0,0.0,0.0,0.0,14,8,0.9977,0.0686,191,0.7463,0
0.2861,0,0,35.079,16.4665,2,0.0,0.0,0.0,273,1,0.0826,0.941,20,0.1709,2
0.0316,0,5,49.3273,7.5491,1,0.0,0.0,0.0,314,280,0.9915,0.0846,33,0.3806,1
0.3241,0,0,65.3896,0.8804,1,0.0,0.0,0.0,293,484,0.9864,0.043,36,0.2238,1
12.1617,0,0,718.2693,1112.996,0,0.0,0.0,0.0,11,8,0.9154,0.0312,184,0.7736,0
0.1171,0,0,82.6728,8.0959,2,0.0,0.0,0.0,495,462,0.9188,0.0143,6,0.3242,1
0.5345,0,2,1.8407,0.2627,2,0.0,0.0,0.0,155,7,0.0273,0.8668,13,0.1199,2
13.7785,0,3,103.214,2842.0098,0,0.0,0.0,0.0,9,10,0.7947,0.0448,186,0.9189,0
26.2736,0,0,401.8971,3723.3133,0,0.0,0.0,0.0,12,5,0.7643,0.1029,219,0.9601,0
7.6363,0,2,395.9398,493.8042,0,0.0,5.0,2.0,56,102,0.906,0.0686,139,0.8478,3
3.0104,0,1,258.4521,346.5522,2,0.0,1.0,4.0,118,30,0.8348,0.0101,154,0.7849,3
2.576,0,0,586.0062,2974.9911,0,0.0,0.0,0.0,9,10,0.7705,0.0367,226,0.882,0
8.9153,0,2,967.4103,6695.5109,0,0.0,0.0,0.0,17,12,0.9295,0.0045,91,0.7625,0
3.9791,0,1,226.4087,416.5448,0,0.0,2.0,7.0,35,35,0.9646,0.095,98,0.7071,3
0.8802,0,1,191.1077,611.3926,0,0.0,3.0,2.0,32,112,0.929,0.0382,90,0.8691,3
0.6265,0,1,203.2622,552.0942,0,0.0,4.0,7.0,67,35,0.8114,0.0021,170,0.6926,3
0.9871,0,3,42.7043,8.3658,2,0.0,0.0,0.0,282,1,0.1545,0.99,23,0.0126,2
2.1857,0,0,718.6566,2056.2717,0,0.0,0.0,0.0,11,8,0.9439,0.0846,209,0.7105,0
0.3312,0,3,7.2137,20.1631,1,0.0,0.0,0.0,98,9,0.0679,0.8425,3,0.1639,2
0.4673,0,1,502.9097,420.2607,0,0.0,5.0,4.0,106,125,0.8348,0.0828,172,0.8616,3
0.3553,0,0,200.3488,2.9367,1,0.0,0.0,0.0,457,285,0.9334,0.0206,14,0.3377,1
0.3895,0,1,37.497,15.4259,1,0.0,0.0,0.0,83,14,0.0891,0.9674,20,0.0787,2
0.2938,0,0,26.9625,0.908,2,0.0,0.0,0.0,150,11,0.0584,0.9229,15,0.1188,2
0.5856,2,3,22.0356,0.5577,2,0.0,0.0,0.0,182,12,0.1128,0.8113,3,0.0388,2
4.5262,0,1,530.288,754.2719,0,0.0,1.0,6.0,73,81,0.8425,0.0033,58,0.7166,3
1.1934,0,2,397.2625,753.0311,0,0.0,3.0,3.0,81,31,0.9386,0.042,147,0.7544,3
0.6752,1,1,13.2639,23.5891,1,0.0,0.0,0.0,135,12,0.0718,0.9992,16,0.0503,2
0.3373,0,1,592.4906,535.6502,0,0.0,4.0,5.0,107,62,0.9866,0.0943,155,0.8802,3
0.696,0,1,224.0884,265.3126,0,0.0,3.0,5.0,135,78,0.9697,0.0134,59,0.9184,3
0.0874,0,0,54.0556,2.6419,2,0.0,0.0,0.0,410,427,0.9144,0.0534,27,0.1801,1
25.3423,0,0,1380.3551,2014.989,0,0.0,0.0,0.0,11,8,0.7883,0.0839,107,0.9795,0
29.5827,0,1,1006.0263,5058.6024,3,0.0,0.0,0.0,10,8,0.9387,0.1146,74,0.8738,0
3.0657,0,1,356.7347,595.1182,1,0.0,1.0,7.0,88,83,0.986,0.0793,194,0.7216,3
0.2506,1,0,45.2707,8.5004,2,0.0,0.0,0.0,343,203,0.973,0.0282,30,0.332,1
0.4647,0,0,88.1559,2.7818,1,0.0,0.0,0.0,422,506,0.9839,0.0443,21,0.2274,1
0.0484,0,3,114.0252,8.532,1,0.0,0.0,0.0,345,483,0.9072,0.0309,41,0.3682,1
0.8075,1,3,45.6099,29.9241,1,0.0,0.0,0.0,195,7,0.0834,0.9542,14,0.1418,2
1.1267,1,5,20.8615,17.9012,1,0.0,0.0,0.0,167,3,0.03,0.8106,1,0.111,2
0.53,1,3,6.7154,4.8764,2,0.0,0.0,0.0,92,7,0.1043,0.7553,5,0.0683,2
0.4912,1,2,27.7362,4.8052,1,0.0,0.0,0.0,170,9,0.1821,0.7753,1,0.1814,2
1.1728,1,5,25.016,1.2175,1,0.0,0.0,0.0,186,13,0.2373,0.9495,17,0.0404,2
0.959,0,4,5.1927,12.1998,1,0.0,0.0,0.0,90,10,0.2393,0.9737,9,0.024,2
0.5242,0,1,10.244,28.0666,2,0.0,0.0,0.0,90,12,0.0317,0.9893,1,0.1957,2
0.0727,0,5,122.7422,7.0682,2,0.0,0.0,0.0,320,488,0.8624,0.0758,20,0.2346,1
13.9744,0,1,254.9302,616.5521,0,0.0,2.0,5.0,57,93,0.9465,0.0595,76,0.6031,3
2.5478,1,4,318.2564,6405.5283,0,0.0,0.0,0.0,10,8,0.8763,0.0719,206,0.9547,0
24.482,0,0,126.9069,1056.0741,0,0.0,0.0,0.0,12,9,0.9506,0.0481,161,0.9219,0
0.8412,0,1,499.0798,308.4541,0,0.0,4.0,2.0,33,135,0.9196,0.0601,98,0.7864,3
1.1051,1,4,46.9911,13.9499,2,0.0,0.0,0.0,297,14,0.2308,0.812,10,0.0101,2
0.6512,0,2,59.4297,14.176,2,0.0,0.0,0.0,84,9,0.1263,0.8146,7,0.1096,2
41.9029,0,1,388.232,4111.7649,0,0.0,0.0,0.0,8,11,0.8273,0.0154,164,0.9562,0
7.0282,1,0,1127.9803,1934.4556,0,0.0,0.0,0.0,14,13,0.7605,0.0459,216,0.9659,0
0.2454,0,2,37.3464,26.1575,1,0.0,0.0,0.0,282,3,0.154,0.7915,23,0.0947,2
9.8185,1,0,584.536,1570.8424,0,0.0,0.0,0.0,20,13,0.9984,0.0554,69,0.8278,0
0.7575,0,0,51.3937,14.9519,2,0.0,0.0,0.0,127,3,0.0618,0.8527,21,0.1028,2
49.4836,0,0,2250.8027,2455.7525,0,0.0,0.0,0.0,10,16,0.9167,0.1083,109,0.7786,0
0.4194,1,0,40.0163,8.36,1,0.0,0.0,0.0,449,230,0.9464,0.0567,38,0.3018,1
5.7571,0,0,2484.649,10394.5562,0,0.0,0.0,0.0,12,8,0.9545,0.149,230,0.7499,0
1.6417,0,2,237.8785,2534.7208,0,0.0,0.0,0.0,15,16,0.9899,0.0306,123,0.9495,0
0.0328,0,0,29.4549,1.9665,1,0.0,0.0,0.0,500,228,0.9127,0.0165,20,0.223,1
7.6193,2,4,321.9661,1642.85,0,0.0,0.0,0.0,13,10,0.8501,0.123,82,0.7923,0
8.9117,0,4,506.7776,3203.1893,0,0.0,0.0,0.0,9,5,0.9433,0.1218,101,0.8762,0
4.1499,0,1,332.7394,780.252,0,0.0,5.0,4.0,74,139,0.8127,0.0199,47,0.7414,3
4.1129,0,2,193.343,498.8986,1,0.0,4.0,5.0,116,131,0.8769,0.0161,105,0.6333,3
0.8548,1,3,44.6951,10.422,1,0.0,0.0,0.0,80,7,0.0951,0.9775,22,0.1621,2
1.0695,0,0,39.9239,26.4537,0,0.0,0.0,0.0,284,5,0.0548,0.8586,22,0.0327,2
0.144,0,0,33.7912,4.4542,1,0.0,0.0,0.0,414,487,0.9097,0.0371,22,0.37,1
12.2669,1,0,669.7464,2662.9477,0,0.0,0.0,0.0,11,11,0.7626,0.1439,196,0.7413,0
40.3697,0,1,647.7309,2956.3664,0,0.0,0.0,0.0,15,12,0.8867,0.0267,214,0.997,0
0.311,0,2,452.3937,732.3191,0,0.0,3.0,7.0,63,112,0.9914,0.0463,181,0.8738,3
0.3358,0,0,35.3267,0.7876,0,0.0,0.0,0.0,403,254,0.9704,0.0155,42,0.3816,1
0.8293,1,3,39.2372,1.618,3,0.0,0.0,0.0,135,13,0.1517,0.9141,15,0.037,2
0.2816,0,5,8.3989,16.4825,1,0.0,0.0,0.0,196,3,0.1155,0.7993,2,0.1836,2
12.5413,0,2,334.678,670.3578,0,0.0,1.0,7.0,53,40,0.895,0.0937,116,0.6205,3
0.7358,1,5,12.1905,27.5745,2,0.0,0.0,0.0,141,14,0.1488,0.7618,10,0.1194,2
61.774,0,4,1021.378,3059.7234,1,0.0,0.0,0.0,12,12,0.9881,0.0551,87,0.7612,0
0.3301,1,2,11.9496,17.3681,2,0.0,0.0,0.0,151,2,0.2248,0.8338,23,0.1431,2
5.039,0,2,518.7809,567.9353,2,0.0,1.0,7.0,119,66,0.9976,0.0546,67,0.7191,3
3.8877,0,2,241.9669,746.0468,0,0.0,4.0,5.0,120,114,0.8569,0.0665,136,0.6211,3
0.3165,2,0,23.7794,8.8479,1,0.0,0.0,0.0,315,251,0.9053,0.0038,7,0.2205,1
0.3819,0,0,59.8869,2.7863,1,0.0,0.0,0.0,475,303,0.9623,0.0218,47,0.1195,1
0.1506,0,0,182.535,8.9784,1,0.0,0.0,0.0,291,353,0.9046,0.0942,6,0.2002,1
13.0229,1,0,2235.5882,5415.8748,0,0.0,0.0,0.0,16,11,0.7591,0.085,191,0.8741,0
1.3073,0,0,297.4665,3146.9618,0,0.0,0.0,0.0,17,14,0.9211,0.0762,228,0.876,0
0.1022,0,3,42.5059,6.1466,1,0.0,0.0,0.0,81,2,0.0203,0.8538,21,0.1682,2
0.481,1,0,40.5871,31.0712,1,0.0,0.0,0.0,194,13,0.0291,0.9842,13,0.022,2
0.7386,2,0,1239.1478,3426.4609,0,0.0,0.0,0.0,12,6,0.8061,0.0761,67,0.9852,0
0.5384,0,2,59.5156,8.0901,1,0.0,0.0,0.0,176,9,0.0711,0.8532,20,0.1235,2
0.5311,0,1,16.1137,18.1852,1,0.0,0.0,0.0,221,6,0.0544,0.8929,18,0.1773,2
3.1887,0,1,556.6806,669.8702,0,0.0,4.0,5.0,77,95,0.8467,0.0089,182,0.6315,3
0.0269,2,0,54.2174,13.4963,1,0.0,0.0,0.0,273,1,0.2147,0.8762,18,0.0314,2
9.247,0,1,191.8588,345.1273,0,0.0,3.0,4.0,134,96,0.9325,0.0207,151,0.9039,3
0.4036,0,5,16.9477,4.6107,2,3.0,0.0,0.0,410,496,0.8938,0.0968,41,0.3045,1
0.6835,1,4,2.1407,0.3388,2,0.0,0.0,0.0,94,12,0.2169,0.9148,5,0.0655,2
0.0347,0,3,29.9625,2.7539,2,1.0,0.0,0.0,255,304,0.9262,0.0451,33,0.2827,1
0.3487,2,3,52.4172,22.8147,0,0.0,0.0,0.0,117,3,0.1686,0.9238,18,0.1277,2
2.4287,0,0,910.6577,3040.0436,0,0.0,0.0,0.0,18,15,0.9625,0.0099,160,0.8043,0
0.3622,0,0,78.245,5.0984,2,0.0,0.0,0.0,442,202,0.9211,0.0364,30,0.1301,1
0.7024,0,4,24.2778,25.1707,2,0.0,0.0,0.0,205,3,0.1613,0.7876,22,0.046,2
17.8577,0,3,580.4251,1163.2641,0,0.0,0.0,0.0,13,13,0.9741,0.0443,59,0.9158,0
14.4449,0,2,1499.5339,4420.5786,0,0.0,0.0,0.0,18,5,0.8112,0.0955,156,0.8332,0
39.8648,0,1,235.1095,1614.2334,0,0.0,0.0,0.0,9,18,0.8202,0.0207,112,0.9208,0
0.4983,0,3,8.8885,5.15,2,3.0,0.0,0.0,317,490,0.966,0.029,43,0.3323,1
0.0497,0,0,97.967,3.1258,3,0.0,0.0,0.0,342,213,0.9235,0.0171,48,0.3354,1
17.7358,0,0,227.4111,8147.0928,0,0.0,0.0,0.0,9,7,0.7793,0.0168,248,0.8759,0
0.3958,1,3,69.0294,2.8592,1,0.0,0.0,0.0,457,406,0.9241,0.0759,5,0.3173,1
0.2207,0,0,189.4944,1.6278,2,0.0,0.0,0.0,447,302,0.908,0.0962,41,0.2073,1
7.1942,0,1,168.4745,581.7575,2,0.0,4.0,7.0,87,109,0.9491,0.0372,64,0.6739,3
0.1226,0,3,80.8687,8.171,1,0.0,0.0,0.0,459,337,0.9088,0.0877,46,0.1962,1
0.9642,0,1,467.2726,220.1371,0,0.0,1.0,5.0,30,58,0.9997,0.0431,179,0.8612,3
0.4832,1,2,1651.9282,6162.8484,0,0.0,0.0,0.0,19,7,0.8034,0.1454,133,0.8837,0
0.758,0,1,35.0591,11.7711,2,0.0,0.0,0.0,247,8,0.0856,0.907,15,0.1564,2
0.272,0,0,56.1873,6.8686,2,0.0,0.0,0.0,156,10,0.0469,0.7881,21,0.0693,2
0.4606,0,0,88.4595,4.0528,3,0.0,0.0,0.0,293,351,0.9407,0.0468,11,0.1518,1
0.0709,0,0,24.3965,3.3789,2,0.0,0.0,0.0,273,296,0.9531,0.0807,46,0.2342,1
0.1784,0,5,137.2893,4.0707,1,0.0,0.0,0.0,387,253,0.8614,0.0448,2,0.315,1
68.4385,0,0,242.8235,3454.4562,0,0.0,0.0,0.0,8,10,0.9492,0.1199,226,0.8276,0
0.1657,1,1,63.5001,29.9452,1,0.0,0.0,0.0,129,10,0.0912,0.8348,16,0.1304,2
1.127,0,1,58.2867,3.8948,0,0.0,0.0,0.0,262,6,0.0809,0.752,21,0.1328,2
0.0321,0,0,45.4767,7.737,1,0.0,0.0,0.0,501,299,0.8502,0.0212,46,0.3052,1
42.7501,0,0,700.4667,4848.2169,3,0.0,0.0,0.0,8,14,0.9638,0.0663,121,0.7717,0
1.826,0,1,197.3216,425.9586,0,0.0,3.0,6.0,64,43,0.8462,0.0766,95,0.7434,3
12.1974,0,3,796.9975,1527.5366,0,0.0,0.0,0.0,15,8,0.9881,0.0837,120,0.8527,0
0.3698,0,2,270.2573,208.2531,1,0.0,5.0,7.0,41,66,0.8822,0.0069,51,0.7067,3
0.1642,0,5,163.8142,9.3605,0,0.0,0.0,0.0,360,416,0.8968,0.0107,38,0.2702,1
0.221,1,0,104.5717,5.8903,1,0.0,0.0,0.0,302,473,0.904,0.0247,33,0.2095,1
2.2961,0,2,569.2226,226.4735,0,0.0,4.0,4.0,102,55,0.9666,0.0174,177,0.7726,3
3.6793,1,0,445.2176,1239.4524,0,0.0,0.0,0.0,17,10,0.8406,0.1305,97,0.9576,0
1.4809,0,1,396.1939,408.1665,0,0.0,5.0,3.0,110,101,0.8896,0.0475,120,0.8503,3
0.1164,0,0,28.1187,7.5402,1,0.0,0.0,0.0,264,408,0.9898,0.0425,48,0.3214,1
3.1627,0,1,473.2674,448.4866,1,0.0,2.0,5.0,35,135,0.8407,0.0345,50,0.6698,3
7.7836,0,1,189.1805,233.5492,1,0.0,1.0,2.0,71,45,0.9045,0.0148,137,0.6325,3
7.2505,0,2,364.3891,649.8416,0,0.0,2.0,7.0,123,107,0.863,0.0982,63,0.9201,3
13.3152,0,2,1528.6489,3931.1749,0,0.0,0.0,0.0,16,10,0.8462,0.1376,219,0.9206,0
1.0463,0,3,63.8917,17.5514,1,0.0,0.0,0.0,236,4,0.1139,0.8288,8,0.1242,2
1.7768,0,1,570.5137,380.7232,0,0.0,5.0,6.0,147,26,0.9297,0.0666,155,0.6494,3
0.0706,0,4,21.5084,5.5877,2,0.0,0.0,0.0,194,9,0.0122,0.9658,2,0.1035,2
0.3812,0,1,372.8988,208.8131,0,0.0,1.0,6.0,96,59,0.9486,0.0207,69,0.8442,3
0.3181,2,3,41.227,19.0071,2,0.0,0.0,0.0,162,5,0.2495,0.7968,13,0.0658,2
2.0483,0,1,246.4312,629.7168,0,0.0,5.0,5.0,85,125,0.866,0.0922,140,0.8183,3
5.1203,0,3,371.0622,2375.2112,0,0.0,0.0,0.0,12,15,0.9873,0.1075,173,0.7292,0
24.6521,1,3,1156.8177,1859.3071,0,0.0,0.0,0.0,23,13,0.967,0.0379,242,0.7312,0
1.8305,0,2,441.4824,512.5272,1,0.0,2.0,2.0,45,42,0.9037,0.0814,174,0.7954,3
39.6384,1,2,1207.1812,969.2547,0,0.0,0.0,0.0,9,6,0.9554,0.1128,220,0.872,0
11.4062,1,0,505.9523,7964.8526,0,0.0,0.0,0.0,15,12,0.8292,0.0587,230,0.8223,0
7.8262,0,1,374.817,613.743,0,0.0,5.0,3.0,113,38,0.8497,0.0002,73,0.6331,3
0.2428,0,2,17.9307,19.5242,2,0.0,0.0,0.0,242,1,0.0643,0.8142,15,0.1851,2
0.2222,1,0,22.6323,1.3268,0,0.0,0.0,0.0,428,216,0.9105,0.034,37,0.1013,1
0.6771,2,2,56.3093,24.1537,1,0.0,0.0,0.0,166,3,0.14,0.8125,12,0.1254,2
1.1044,0,2,6.2357,23.2293,1,0.0,0.0,0.0,208,9,0.1607,0.9219,12,0.1289,2
3.3608,0,1,537.4292,529.7212,0,0.0,4.0,6.0,75,98,0.9108,0.0074,117,0.8777,3
4.5699,0,0,1697.5997,1223.7096,0,0.0,0.0,0.0,12,14,0.7836,0.1427,176,0.7506,0
0.6345,0,0,7.9671,20.5825,2,0.0,0.0,0.0,188,10,0.0603,0.7715,18,0.1609,2
22.0806,0,0,538.1866,6010.9698,0,0.0,0.0,0.0,14,14,0.854,0.1341,89,0.8382,0
0.1635,0,0,69.7516,9.7667,1,0.0,0.0,0.0,308,438,0.9662,0.0146,20,0.2414,1
0.0306,0,0,54.5184,4.065,1,1.0,0.0,0.0,472,438,0.974,0.0296,12,0.1918,1
0.0888,0,3,94.118,7.7174,1,0.0,0.0,0.0,489,240,0.8843,0.0287,42,0.2117,1
1.2309,0,1,495.1683,311.743,0,0.0,2.0,3.0,78,122,0.991,0.0137,130,0.8603,3
13.4959,0,0,1450.4461,2245.8081,0,0.0,0.0,0.0,20,16,0.8188,0.0053,97,0.7658,0
0.4157,1,2,54.9401,1.0334,2,0.0,0.0,0.0,115,9,0.0685,0.8564,24,0.0972,2
7.5271,0,1,478.7516,1818.0847,0,0.0,0.0,0.0,17,11,0.8733,0.1297,123,0.7706,0
0.3643,0,0,132.235,5.5495,2,0.0,0.0,0.0,284,335,0.925,0.028,27,0.1949,1
6.6026,0,1,243.1257,621.859,0,0.0,2.0,6.0,83,45,0.9746,0.0257,194,0.6377,3
0.6362,0,1,13.2596,24.2947,1,0.0,0.0,0.0,228,10,0.2488,0.7663,14,0.1048,2
4.1664,0,2,547.8846,678.0843,0,0.0,2.0,7.0,52,48,0.9707,0.0996,196,0.6905,3
5.459,0,4,946.3166,1946.6422,0,0.0,0.0,0.0,18,12,0.9618,0.0419,232,0.7473,0
0.7492,2,3,47.2955,29.2415,0,0.0,0.0,0.0,224,1,0.1814,0.9267,5,0.0476,2
0.2451,0,0,15.4707,5.1025,2,0.0,0.0,0.0,464,471,0.9288,0.0323,5,0.1983,1
4.588,0,1,231.8388,542.3558,0,0.0,3.0,2.0,42,58,0.9244,0.001,161,0.6355,3
8.2395,0,2,158.5345,296.2173,1,0.0,1.0,6.0,133,26,0.8626,0.0914,131,0.7946,3
0.867,0,3,51.6181,15.8213,2,0.0,0.0,0.0,232,10,0.0302,0.8313,1,0.1885,2
0.5304,0,2,504.1757,372.4105,0,0.0,5.0,2.0,120,134,0.8079,0.0078,122,0.644,3
0.2438,0,0,24.2017,3.7319,1,0.0,0.0,0.0,407,422,0.9847,0.0927,37,0.2568,1
24.3354,0,0,643.437,1772.0358,0,0.0,0.0,0.0,13,15,0.8613,0.1189,135,0.8756,0
19.5058,0,0,620.4846,2838.356,0,0.0,0.0,0.0,12,12,0.9591,0.0567,120,0.8481,0
1.8714,0,1,181.2333,731.0685,0,0.0,5.0,7.0,73,62,0.8364,0.0577,152,0.9467,3
1.6529,1,0,449.0012,4196.3207,0,0.0,0.0,0.0,10,9,0.8789,0.0921,135,0.9368,0
7.8183,0,2,399.0689,278.8061,0,0.0,1.0,4.0,85,81,0.8839,0.0267,165,0.8686,3
3.0782,0,2,350.3179,612.4584,2,0.0,3.0,2.0,69,104,0.8954,0.0607,91,0.8048,3
0.3831,0,0,116.9728,6.6853,2,0.0,0.0,0.0,382,354,0.8751,0.0684,37,0.2189,1
0.1761,0,5,111.4013,2.1927,0,0.0,0.0,0.0,502,259,0.9327,0.0202,14,0.1568,1
0.4938,0,0,15.6305,2.1521,1,0.0,0.0,0.0,431,217,0.9658,0.092,19,0.3074,1
0.2706,0,0,75.9933,0.8095,1,0.0,0.0,0.0,311,447,0.9247,0.0206,23,0.2441,1
0.8766,1,5,18.7469,16.9276,3,0.0,0.0,0.0,285,10,0.2039,0.9673,8,0.1054,2
0.86,0,2,41.9736,28.6187,2,0.0,0.0,0.0,163,2,0.0261,0.9924,7,0.0242,2
0.2053,0,0,53.3002,7.8697,1,0.0,0.0,0.0,462,490,0.9549,0.0979,46,0.1982,1
1.9254,0,1,438.7399,355.0165,0,0.0,2.0,2.0,141,94,0.8284,0.0337,85,0.6297,3
1.1528,0,2,171.9287,387.8765,0,0.0,3.0,2.0,97,112,0.8464,0.0494,80,0.7176,3
0.4178,0,3,11.6246,12.4668,2,0.0,0.0,0.0,82,2,0.0666,0.8119,12,0.0872,2
2.9587,0,1,304.9441,523.9522,0,0.0,4.0,3.0,117,117,0.9442,0.0369,133,0.8728,3
0.2847,1,1,11.9433,16.5188,2,0.0,0.0,0.0,142,6,0.2387,0.9488,20,0.1085,2
7.0555,0,1,189.3646,306.1288,2,0.0,3.0,4.0,147,109,0.8968,0.0971,96,0.6694,3
0.4129,1,2,5.4676,21.2766,3,0.0,0.0,0.0,109,13,0.1128,0.9274,18,0.0557,2
13.8865,0,0,129.1072,2953.6424,0,0.0,0.0,0.0,21,9,0.8573,0.0038,61,0.7223,0
1.0478,0,1,586.2909,673.3721,0,0.0,4.0,7.0,128,112,0.857,0.0103,155,0.9119,3
0.8568,2,5,40.3997,25.716,1,0.0,0.0,0.0,188,8,0.1004,0.9785,24,0.1797,2
2.2612,0,0,575.3908,4574.1338,0,0.0,0.0,0.0,14,10,0.9536,0.1339,227,0.7256,0
1.6803,0,1,535.8694,514.6179,0,0.0,1.0,2.0,90,134,0.8676,0.0633,129,0.6603,3
0.3594,0,0,23.7224,1.9668,1,0.0,0.0,0.0,178,7,0.2082,0.7657,4,0.1,2
1.0817,1,0,16.3213,26.4971,1,0.0,0.0,0.0,205,4,0.1925,0.7758,11,0.053,2
0.3325,0,2,978.5193,6201.9679,0,0.0,0.0,0.0,17,8,0.9508,0.1266,246,0.8505,0
0.328,0,0,102.5486,2.994,1,0.0,0.0,0.0,427,487,0.9188,0.0728,41,0.1667,1
0.5576,0,0,59.0232,14.1076,0,0.0,0.0,0.0,134,3,0.1365,0.7945,20,0.0502,2
0.1255,0,4,53.4032,22.1426,1,0.0,0.0,0.0,213,4,0.1024,0.8402,19,0.0473,2
0.6608,1,4,61.5289,18.8932,1,0.0,0.0,0.0,89,5,0.1248,0.7729,7,0.0923,2
0.0242,1,0,54.2913,3.2907,1,0.0,0.0,0.0,342,241,0.9299,0.0217,20,0.3065,1
0.223,0,3,75.8259,9.2761,1,1.0,0.0,0.0,323,274,0.9488,0.0319,31,0.2147,1
0.3883,0,0,20.454,0.1802,1,3.0,0.0,0.0,359,283,0.8758,0.0068,6,0.3162,1
8.902,0,1,421.826,4503.6151,0,0.0,0.0,0.0,14,10,0.9924,0.105,105,0.9836,0
1.6978,0,0,2728.7401,2199.8702,0,0.0,0.0,0.0,14,11,0.7907,0.0069,89,0.7388,0
0.6495,0,0,58.9094,24.1137,1,0.0,0.0,0.0,160,13,0.1855,0.9695,22,0.1697,2
22.2418,0,0,123.9061,2813.94,1,0.0,0.0,0.0,10,11,0.8522,0.1043,204,0.8305,0
15.6346,0,1,862.6713,1235.0625,0,0.0,0.0,0.0,10,10,0.866,0.0333,152,0.9676,0
0.7305,0,1,350.1638,773.1122,0,0.0,4.0,7.0,33,89,0.8852,0.0348,85,0.8337,3
0.1811,0,5,246.1053,8.7724,3,1.0,0.0,0.0,286,384,0.8634,0.0259,41,0.3345,1
0.9058,0,1,26.7806,18.5194,1,0.0,0.0,0.0,235,3,0.0687,0.9952,11,0.1331,2
0.2313,0,0,61.7663,27.7888,2,0.0,0.0,0.0,284,4,0.1129,0.9369,14,0.0546,2
13.1069,0,2,219.1899,277.0973,0,0.0,1.0,7.0,121,66,0.9767,0.0865,103,0.9175,3
1.9543,0,1,571.9613,266.4435,0,0.0,4.0,7.0,54,62,0.9404,0.0398,160,0.8782,3
0.1587,0,0,58.8471,2.1843,2,0.0,0.0,0.0,408,331,0.9655,0.0711,42,0.1195,1
1.9413,0,0,539.9736,4512.1034,0,0.0,0.0,0.0,14,14,0.8158,0.0191,173,0.8756,0
0.171,1,2,34.2028,21.8994,2,0.0,0.0,0.0,223,5,0.1067,0.9646,16,0.0826,2
0.3461,0,0,148.4055,7.0256,1,3.0,0.0,0.0,429,258,0.9437,0.0279,9,0.1484,1
1.7591,0,1,162.8756,367.6959,0,0.0,5.0,7.0,84,54,0.9636,0.0216,115,0.9036,3
8.1198,1,3,238.7736,4331.1402,0,0.0,0.0,0.0,11,16,0.9402,0.009,194,0.8703,0
13.0527,0,2,191.4018,2872.8424,0,0.0,0.0,0.0,14,11,0.9606,0.0152,70,0.8204,0
1.4542,0,1,465.7509,201.4641,0,0.0,1.0,4.0,86,122,0.9813,0.0149,68,0.8639,3
18.7586,0,1,495.7807,496.1425,0,0.0,5.0,2.0,67,139,0.8546,0.0616,88,0.8189,3
25.8858,0,1,546.5731,434.343,1,0.0,5.0,6.0,142,127,0.8735,0.0744,199,0.8643,3
0.2286,0,0,69.5895,5.4608,2,0.0,0.0,0.0,477,390,0.9401,0.032,29,0.1161,1
0.8399,0,3,19.0939,3.5409,2,0.0,0.0,0.0,136,6,0.1968,0.8598,18,0.1293,2
5.3888,0,2,468.5838,511.2168,1,0.0,5.0,6.0,137,93,0.9017,0.0827,183,0.9065,3
2.1615,0,1,163.1342,720.2975,2,0.0,3.0,3.0,97,97,0.8684,0.0106,96,0.7174,3
0.812,0,1,15.3282,16.3398,2,0.0,0.0,0.0,213,2,0.2159,0.9275,10,0.0112,2
8.4812,0,1,517.6154,2789.3301,0,0.0,1.0,0.0,14,8,0.9336,0.0042,74,0.9756,0
4.9819,1,0,197.91,904.0711,0,0.0,0.0,0.0,12,13,0.9738,0.0162,116,0.759,0
11.6652,0,2,356.7231,703.7447,0,0.0,1.0,5.0,43,135,0.8877,0.0494,155,0.6153,3
2.1507,0,2,588.543,441.7566,0,0.0,4.0,5.0,102,77,0.9112,0.0121,91,0.7527,3
36.0395,1,0,1316.2827,4668.8014,0,0.0,0.0,0.0,19,22,0.7558,0.0023,230,0.8576,0
1.5098,0,1,280.202,339.7834,0,0.0,5.0,4.0,105,119,0.8348,0.0312,170,0.7204,3
10.5125,1,2,156.0294,2373.383,0,0.0,0.0,0.0,12,19,0.9403,0.0614,57,0.8868,0
19.8297,0,1,378.9517,540.9342,0,0.0,1.0,7.0,100,80,0.8682,0.0089,192,0.6263,3
1.534,0,1,229.8136,799.0262,0,0.0,4.0,2.0,106,91,0.8989,0.0554,85,0.6646,3
6.3689,0,4,651.5272,7083.1735,0,0.0,0.0,0.0,11,15,0.8277,0.0177,136,0.7536,0
0.3885,1,0,0.2768,1.7624,2,0.0,0.0,0.0,164,13,0.0159,0.8331,10,0.1887,2
0.8221,2,2,18.0133,15.8098,2,0.0,0.0,0.0,286,8,0.1578,0.7668,23,0.0956,2
11.3102,1,4,877.2969,6388.7355,0,0.0,0.0,0.0,14,14,0.8303,0.1123,101,0.9792,0
0.5969,0,2,371.9055,247.651,0,0.0,2.0,3.0,90,35,0.8796,0.0281,198,0.9469,3
0.4629,0,1,492.5115,340.3757,0,0.0,4.0,4.0,123,122,0.9765,0.0082,118,0.8988,3
0.4939,2,5,99.2313,7.6576,0,0.0,0.0,0.0,358,236,0.9019,0.0607,37,0.245,1
6.6258,0,1,266.4019,531.9562,0,0.0,2.0,5.0,119,29,0.9679,0.0162,71,0.6651,3
8.3502,0,0,478.22,2047.4396,0,0.0,0.0,0.0,14,8,0.7695,0.0369,150,0.8864,0
0.6341,1,2,49.7511,16.2544,2,0.0,0.0,0.0,82,14,0.0958,0.8178,23,0.0229,2
0.0217,0,0,209.653,7.9703,1,0.0,0.0,0.0,282,293,0.9371,0.0417,44,0.2303,1
1.0367,0,2,11.0882,2.195,1,0.0,0.0,0.0,229,10,0.0692,0.9416,9,0.1327,2
0.9532,1,2,41.1272,2.0539,1,0.0,0.0,0.0,175,5,0.023,0.8031,10,0.1032,2
4.9379,0,1,502.0536,552.8462,0,0.0,4.0,5.0,132,53,0.8401,0.0478,106,0.8017,3
7.5516,0,2,311.9303,432.855,0,0.0,4.0,5.0,56,47,0.9118,0.0619,160,0.8902,3
3.5534,0,1,521.6022,696.6189,0,0.0,3.0,2.0,32,113,0.9369,0.0657,50,0.6904,3
0.8586,1,3,56.1181,5.9888,2,0.0,0.0,0.0,142,8,0.0651,0.83,19,0.1391,2
6.0032,0,2,1088.398,4478.9866,0,0.0,0.0,0.0,11,8,0.9768,0.0981,244,0.8519,0
6.3497,0,1,365.0858,552.7998,0,0.0,2.0,5.0,46,121,0.8838,0.0984,130,0.6763,3
0.6055,1,0,22.2546,1.6711,1,0.0,0.0,0.0,179,9,0.0252,0.955,7,0.1868,2
0.0566,0,1,45.4494,14.0576,0,0.0,0.0,0.0,258,8,0.0438,0.8324,11,0.1598,2
10.3175,0,2,236.1916,258.8933,2,0.0,4.0,5.0,142,99,0.9418,0.0893,145,0.8296,3
0.4038,0,1,9.6916,5.3611,1,0.0,0.0,0.0,174,6,0.0124,0.7581,20,0.0277,2
0.0869,0,0,109.1427,0.4297,2,0.0,0.0,0.0,288,395,0.9115,0.0661,38,0.1524,1
2.7146,1,0,974.2369,6161.7896,0,0.0,0.0,0.0,9,12,0.8193,0.1173,220,0.7396,0
16.3004,0,0,763.5545,3566.9336,0,0.0,0.0,0.0,21,11,0.9121,0.067,232,0.8332,0
5.7312,0,1,299.2303,3773.7262,0,0.0,0.0,0.0,19,17,0.9865,0.1004,52,0.898,0
11.6432,0,0,523.4365,4514.5588,0,0.0,0.0,0.0,14,9,0.8362,0.0229,188,0.922,0
0.3284,0,0,26.5947,3.4679,3,0.0,0.0,0.0,400,491,0.9498,0.032,27,0.1414,1
0.5017,0,3,19.6194,30.7374,2,0.0,0.0,0.0,106,10,0.1055,0.8969,6,0.026,2
0.1446,0,3,129.1298,0.8193,1,0.0,0.0,0.0,415,507,0.9577,0.0966,32,0.136,1
2.0684,0,1,481.4679,603.737,1,0.0,2.0,3.0,91,108,0.8042,0.0184,139,0.9405,3
10.5268,1,0,158.6808,4081.0189,0,0.0,0.0,0.0,13,7,0.9192,0.0759,71,0.8643,0
2.5081,0,2,418.7012,542.9113,0,0.0,0.0,0.0,12,13,0.9554,0.1169,55,0.9511,0
0.3574,0,3,53.695,5.9121,1,0.0,0.0,0.0,357,371,0.9098,0.0026,5,0.3766,1
0.9028,1,0,57.2825,25.7693,2,0.0,0.0,0.0,157,9,0.1398,0.8246,5,0.0114,2
0.8102,0,1,258.3245,214.9176,2,0.0,2.0,3.0,119,128,0.9764,0.0144,56,0.8619,3
0.535,0,2,181.4502,546.4982,0,0.0,3.0,7.0,87,121,0.8257,0.0374,80,0.7461,3
11.129,0,2,351.3041,5395.9394,0,0.0,0.0,0.0,18,8,0.9383,0.0091,253,0.887,0
0.9727,0,1,328.8056,759.6176,0,0.0,5.0,4.0,134,34,0.8075,0.0505,112,0.6575,3
0.2074,0,0,33.6946,9.759,1,0.0,0.0,0.0,458,348,0.991,0.0881,13,0.1345,1
0.1886,0,0,41.3007,9.5601,1,1.0,0.0,0.0,407,418,0.9267,0.0404,28,0.3597,1
4.6451,0,4,1124.3234,2028.9628,0,0.0,0.0,0.0,15,5,0.7546,0.0598,176,0.7356,0
0.4415,0,0,110.1492,0.2041,0,0.0,0.0,0.0,423,392,0.9285,0.0277,43,0.1445,1
2.6781,0,2,426.8239,250.8372,0,0.0,1.0,2.0,79,134,0.8103,0.0355,84,0.7913,3
0.2785,1,3,95.7145,3.8749,2,0.0,0.0,0.0,328,221,0.9064,0.0573,23,0.3473,1
14.5097,0,1,381.7539,285.2748,0,0.0,2.0,7.0,34,70,0.8917,0.025,168,0.7141,3
0.3896,0,5,9.9616,5.6397,1,0.0,0.0,0.0,501,326,0.9916,0.0478,2,0.3868,1
1.3355,0,0,952.891,3262.2931,0,0.0,0.0,0.0,15,8,0.8665,0.0779,107,0.753,0
27.2709,0,1,392.9728,5824.6378,0,0.0,0.0,0.0,8,16,0.7774,0.1184,97,0.8428,0
0.5773,0,2,62.47,5.3171,2,0.0,0.0,0.0,83,14,0.1329,0.806,16,0.1842,2
15.6532,0,2,325.3905,663.1224,0,0.0,4.0,4.0,67,66,0.9792,0.0612,65,0.8851,3
34.4201,0,0,405.5773,1430.5226,0,0.0,0.0,0.0,19,13,0.9002,0.0356,175,0.9977,0
0.9735,0,1,343.8821,612.6356,0,0.0,3.0,5.0,115,50,0.8645,0.0998,52,0.6449,3
23.2215,0,0,793.1146,6964.0594,0,0.0,0.0,0.0,10,7,0.839,0.0522,153,0.9487,0
0.6275,0,1,481.7039,346.8108,0,0.0,3.0,4.0,40,47,0.8012,0.027,106,0.8612,3
15.8829,0,5,360.0149,1102.0588,1,0.0,0.0,0.0,14,10,0.8082,0.0868,96,0.8805,0
5.6534,0,0,473.3274,2803.4457,0,0.0,0.0,0.0,12,12,0.8461,0.0903,136,0.8695,0
32.6945,0,0,320.0745,3568.798,0,0.0,0.0,0.0,7,7,0.8455,0.0422,205,0.9864,0
9.938,0,1,227.384,496.4642,0,0.0,1.0,3.0,111,124,0.9417,0.0601,75,0.916,3
0.5012,0,1,460.1382,728.4722,0,0.0,4.0,4.0,120,50,0.9164,0.0352,97,0.8976,3
0.0363,0,3,98.5649,4.7614,2,0.0,0.0,0.0,277,272,0.9511,0.0846,36,0.2845,1
0.1837,1,1,60.2411,22.7225,2,0.0,0.0,0.0,88,4,0.179,0.9389,24,0.1703,2
0.2446,0,0,5.0682,6.9647,2,0.0,0.0,0.0,432,407,0.8815,0.0325,16,0.2026,1
0.1088,0,3,11.7,9.8444,1,0.0,0.0,0.0,264,10,0.1441,0.9839,21,0.0451,2
0.2588,1,5,14.0871,8.2899,2,0.0,0.0,0.0,362,311,0.9282,0.0133,14,0.3919,1
2.8657,0,2,771.8061,4846.1506,0,0.0,0.0,0.0,16,7,0.8875,0.0726,76,0.903,0
0.2943,0,1,63.4341,10.4383,2,0.0,0.0,0.0,138,3,0.182,0.9165,3,0.1069,2
0.4737,0,0,104.7256,2.7566,1,3.0,0.0,0.0,291,255,0.9792,0.0517,25,0.3176,1
3.4434,1,2,502.3399,4373.1279,0,0.0,0.0,0.0,12,12,0.9096,0.1436,89,0.8196,0
9.5435,0,1,396.7145,481.4457,2,0.0,1.0,5.0,51,76,0.8314,0.0404,177,0.6862,3
7.7313,0,2,564.4926,649.5592,0,0.0,4.0,4.0,46,53,0.8463,0.0935,107,0.8739,3
0.3351,0,1,553.0004,314.2958,0,0.0,5.0,5.0,116,27,0.8673,0.0822,114,0.7708,3
9.0026,0,1,366.5027,406.6676,0,0.0,4.0,2.0,60,125,0.8092,0.0403,170,0.6807,3
1.3058,0,2,388.9607,263.9449,0,0.0,4.0,5.0,70,88,0.9711,0.0242,167,0.7815,3
0.6673,1,3,62.5376,6.7218,2,0.0,0.0,0.0,216,1,0.1502,0.9408,3,0.0657,2
15.6336,0,0,2771.8345,3908.8079,0,0.0,0.0,0.0,12,9,0.8328,0.0178,178,0.7425,0
10.3447,0,1,296.0345,449.938,2,0.0,1.0,6.0,103,115,0.8427,0.0382,78,0.6869,3
0.7569,2,0,48.6675,0.2851,3,0.0,0.0,0.0,266,8,0.012,0.7658,21,0.1062,2
7.2402,2,0,622.7457,9089.6941,0,0.0,0.0,0.0,10,13,0.9544,0.0085,105,0.7049,0
0.4091,2,0,28.264,0.1789,2,0.0,0.0,0.0,346,454,0.98,0.0804,33,0.1633,1
2.6434,0,1,523.6601,551.2158,1,0.0,2.0,2.0,130,30,0.9631,0.0407,129,0.6181,3
0.5605,0,5,13.4875,26.8504,3,0.0,0.0,0.0,220,6,0.2154,0.8283,13,0.1629,2
11.6549,2,0,1242.6846,1417.9844,0,0.0,0.0,0.0,17,5,0.9811,0.1482,242,0.763,0
0.4913,0,2,592.6924,207.8352,0,0.0,5.0,6.0,79,85,0.9852,0.0119,71,0.8618,3
0.2077,0,5,45.5517,3.4104,1,1.0,0.0,0.0,504,332,0.8626,0.0658,3,0.3785,1
0.4721,1,0,80.7066,9.5797,1,0.0,0.0,0.0,454,421,0.9352,0.0875,32,0.2679,1
2.8122,0,1,290.1389,788.8719,0,0.0,3.0,2.0,96,126,0.9157,0.0386,172,0.692,3
0.2375,1,0,45.6756,2.0831,1,0.0,0.0,0.0,504,485,0.9293,0.0741,44,0.2303,1
0.0526,0,5,164.4413,9.2722,2,0.0,0.0,0.0,321,268,0.9772,0.0627,5,0.2821,1
0.3324,0,2,59.9612,17.1203,3,0.0,0.0,0.0,159,14,0.1467,0.9916,13,0.0775,2
14.3895,0,3,1535.666,7226.3847,0,0.0,0.0,0.0,20,11,0.996,0.0936,131,0.8366,0
0.6207,1,1,2.2063,21.2963,2,0.0,0.0,0.0,282,8,0.1445,0.9719,14,0.0241,2
1.0314,0,2,537.0323,759.5981,1,0.0,1.0,2.0,103,28,0.9426,0.0311,79,0.7622,3
0.4795,1,0,87.5513,3.197,1,1.0,0.0,0.0,407,201,0.928,0.0662,4,0.3671,1
4.846,0,1,283.0219,481.333,0,0.0,5.0,3.0,149,40,0.8619,0.0722,162,0.6789,3
1.9229,0,1,447.4607,223.0657,2,0.0,2.0,3.0,104,84,0.9025,0.037,148,0.6194,3
0.392,0,5,113.8862,8.8637,1,1.0,0.0,0.0,402,243,0.8718,0.001,6,0.2571,1
24.7254,0,3,399.6245,2806.6716,0,0.0,0.0,0.0,7,13,0.9786,0.1342,221,0.8379,0
0.2428,1,0,84.2009,5.5706,1,0.0,0.0,0.0,422,220,0.8681,0.0578,27,0.1554,1
0.5254,0,3,41.6756,21.0205,2,0.0,0.0,0.0,246,5,0.0607,0.8497,16,0.1038,2
1.6427,0,3,1535.4385,1422.826,1,0.0,0.0,0.0,11,12,0.8907,0.1088,134,0.9465,0
0.4409,0,0,105.5478,7.0315,1,1.0,0.0,0.0,449,260,0.8573,0.0429,20,0.2679,1
3.2531,0,0,1567.9658,941.813,0,0.0,0.0,0.0,11,12,0.7919,0.0574,144,0.9866,0
3.9302,1,0,1628.5172,4383.4665,0,0.0,0.0,0.0,11,8,0.8357,0.0089,168,0.7457,0
0.2931,2,0,99.8604,1.9338,2,0.0,0.0,0.0,497,385,0.865,0.0678,7,0.1221,1
0.3825,0,0,36.533,3.8477,1,1.0,0.0,0.0,510,469,0.9376,0.069,42,0.2175,1
4.5154,0,1,568.4108,200.7988,0,0.0,4.0,4.0,126,81,0.8497,0.077,121,0.924,3
0.9518,0,0,33.5936,4.7189,1,0.0,0.0,0.0,195,10,0.1659,0.8766,23,0.076,2
0.6848,0,2,45.6974,8.232,1,0.0,0.0,0.0,243,6,0.1614,0.9317,24,0.1667,2
0.1206,0,5,10.5132,12.1389,2,0.0,0.0,0.0,238,3,0.0215,0.8597,19,0.0946,2
0.6352,0,1,529.6052,597.7733,2,0.0,4.0,3.0,98,63,0.97,0.0358,144,0.9245,3
0.5205,1,4,36.9071,21.346,2,0.0,0.0,0.0,266,14,0.0355,0.9247,15,0.1349,2
2.5994,1,0,1037.9259,3547.1705,2,0.0,0.0,0.0,15,14,0.832,0.0902,98,0.71,0
0.4986,0,3,24.1599,7.136,2,0.0,0.0,0.0,339,325,0.9294,0.0319,9,0.3292,1
12.3874,1,4,423.9552,6187.2388,0,0.0,0.0,0.0,10,12,0.9707,0.1292,246,0.8741,0
24.754,1,0,1173.2784,1703.1504,0,0.0,0.0,0.0,11,10,0.753,0.1194,79,0.8896,0
2.0007,0,2,497.4214,218.4733,1,0.0,3.0,7.0,122,59,0.8178,0.0529,67,0.6652,3
0.7836,0,0,22.0679,30.0573,0,0.0,0.0,0.0,104,4,0.0834,0.8183,24,0.1621,2
6.7232,0,2,329.0846,200.3803,0,0.0,3.0,3.0,120,54,0.944,0.0646,50,0.6114,3
0.2469,1,5,34.6815,5.2745,0,0.0,0.0,0.0,247,8,0.2248,0.8367,8,0.015,2
0.174,0,0,86.0209,5.0306,2,0.0,0.0,0.0,277,342,0.966,0.0133,3,0.3208,1
0.9623,0,1,455.4829,701.3335,0,0.0,3.0,4.0,35,83,0.8409,0.0856,129,0.884,3
0.3673,0,2,35.7609,16.1692,2,0.0,0.0,0.0,104,4,0.0757,0.9353,4,0.0716,2
0.323,0,1,50.7395,4.7369,2,0.0,0.0,0.0,244,6,0.1557,0.797,21,0.0884,2
20.5308,0,0,2171.3912,3164.7225,0,0.0,0.0,0.0,12,9,0.895,0.134,90,0.8134,0
0.6296,0,3,2.0891,24.8633,2,0.0,0.0,0.0,148,4,0.1553,0.9148,2,0.0169,2
50.2351,0,3,699.4769,4942.4074,0,0.0,0.0,0.0,15,11,0.9099,0.0914,124,0.7298,0
0.0996,1,4,41.2264,30.8656,2,0.0,0.0,0.0,151,2,0.1237,0.7909,2,0.0916,2
12.59,0,1,499.0147,725.7059,0,0.0,4.0,7.0,141,39,0.8513,0.02,169,0.8801,3
0.1129,1,0,90.616,3.911,0,3.0,0.0,0.0,357,345,0.9178,0.0434,41,0.3623,1
6.6662,0,4,587.3789,2825.5332,0,0.0,0.0,0.0,5,5,0.9394,0.0508,239,0.7318,0
14.2563,1,0,1111.4498,3148.4515,0,0.0,0.0,0.0,9,7,0.7968,0.1399,189,0.749,0
2.1044,0,1,374.2961,668.7855,0,0.0,4.0,6.0,88,53,0.9988,0.0968,67,0.9114,3
0.5944,1,1,47.3099,14.6102,1,0.0,0.0,0.0,189,9,0.1762,0.8847,17,0.0155,2
0.2125,1,1,3754.0192,1961.0678,0,0.0,0.0,0.0,12,5,0.7582,0.1402,125,0.8596,0
11.4004,0,1,278.1074,562.9997,0,0.0,5.0,3.0,33,49,0.8175,0.0846,96,0.822,3
0.545,1,0,61.3397,24.5378,2,0.0,0.0,0.0,254,11,0.1858,0.8218,6,0.0299,2
1.0437,1,3,37.9411,5.1286,2,0.0,0.0,0.0,179,1,0.0232,0.948,17,0.109,2
6.7143,1,0,207.5396,3318.5074,0,0.0,0.0,0.0,13,7,0.7654,0.119,230,0.7633,0
0.3284,1,0,17.4131,4.8235,1,0.0,0.0,0.0,420,466,0.8892,0.0323,31,0.3988,1
3.2416,0,1,365.5493,613.4024,2,0.0,3.0,3.0,99,117,0.8142,0.0037,183,0.7682,3
0.2221,1,1,57.994,13.4693,1,0.0,0.0,0.0,296,9,0.1931,0.9681,24,0.0837,2
0.1892,0,3,2.4012,6.1075,1,1.0,0.0,0.0,390,442,0.9839,0.0387,49,0.3119,1
10.4454,0,1,415.1311,575.7711,1,0.0,2.0,6.0,98,112,0.8139,0.0797,89,0.9103,3
0.3766,0,0,55.2807,2.5615,1,0.0,0.0,0.0,447,321,0.9543,0.0699,39,0.2981,1
0.3768,0,5,42.0236,2.0776,1,0.0,0.0,0.0,452,384,0.9497,0.082,45,0.3687,1
0.3046,0,3,1.4676,8.4396,1,0.0,0.0,0.0,429,404,0.9882,0.0889,26,0.1175,1
0.9015,0,0,55.1392,11.7468,3,0.0,0.0,0.0,229,1,0.0452,0.7804,9,0.0651,2
0.1638,0,0,43.0311,8.6554,1,0.0,0.0,0.0,360,249,0.9237,0.0308,40,0.3821,1
0.296,1,3,4.2842,28.9758,0,0.0,0.0,0.0,202,11,0.1391,0.9315,1,0.0292,2
0.439,0,0,12.3882,8.5103,1,0.0,0.0,0.0,487,478,0.8838,0.0451,33,0.1069,1
0.1318,0,5,23.6605,27.8145,1,0.0,0.0,0.0,186,6,0.186,0.8334,15,0.0671,2
0.2268,0,2,29.6035,20.5261,1,0.0,0.0,0.0,275,4,0.0364,0.812,11,0.1807,2
0.945,0,5,32.5032,31.6187,1,0.0,0.0,0.0,85,5,0.1844,0.7576,14,0.0996,2
0.3428,0,1,326.6515,603.4717,2,0.0,3.0,2.0,123,52,0.9877,0.0099,84,0.9328,3
0.888,1,1,63.342,11.8343,2,0.0,0.0,0.0,272,10,0.0643,0.7713,21,0.1324,2
2.3286,1,0,823.2844,6967.7121,0,0.0,0.0,0.0,8,11,0.8148,0.1402,115,0.9249,0
0.7344,1,1,9.4777,5.4398,2,0.0,0.0,0.0,152,2,0.1703,0.957,1,0.0361,2
9.3397,0,3,1219.8156,3694.6976,0,0.0,0.0,0.0,13,11,0.944,0.0136,226,0.7847,0
0.402,2,0,6.645,8.6616,1,0.0,0.0,0.0,281,411,0.8695,0.0057,40,0.2493,1
10.1805,0,2,699.3246,6100.6725,0,0.0,0.0,0.0,11,10,0.9264,0.0722,238,0.7826,0
14.6475,1,0,910.628,3572.7892,0,0.0,0.0,0.0,10,8,0.9424,0.0214,58,0.9745,0
17.005,1,0,965.4157,4173.4305,0,0.0,0.0,0.0,11,13,0.9979,0.1059,245,0.8382,0
0.1497,0,5,60.4283,25.6483,3,0.0,0.0,0.0,235,9,0.2076,0.8316,10,0.1307,2
6.1819,0,1,417.628,2155.6493,0,0.0,0.0,0.0,18,9,0.819,0.0981,199,0.9047,0
0.1577,0,0,92.1568,4.0957,1,1.0,0.0,0.0,360,236,0.8762,0.0797,21,0.3595,1
0.2332,2,1,25.6569,14.3968,1,0.0,0.0,0.0,171,6,0.192,0.8563,6,0.0726,2
9.4307,0,1,213.8213,239.4833,0,0.0,5.0,4.0,83,71,0.9083,0.004,59,0.9256,3
0.5046,0,1,8.1612,16.6497,1,0.0,0.0,0.0,196,11,0.0994,0.93,7,0.1035,2
37.4536,2,4,558.1498,5619.2865,0,0.0,0.0,0.0,5,11,0.9117,0.0736,232,0.8094,0
0.5584,0,3,7.7533,24.8772,1,0.0,0.0,0.0,137,1,0.2438,0.9944,23,0.1424,2
0.3371,0,0,57.3208,7.7324,1,0.0,0.0,0.0,497,442,0.9937,0.0751,10,0.1213,1
12.2744,0,1,1108.1996,2747.1652,0,0.0,0.0,0.0,11,9,0.8379,0.066,250,0.736,0
1.1385,0,0,33.1172,6.5175,2,0.0,0.0,0.0,286,10,0.2329,0.9309,11,0.1974,2
0.6653,0,0,52.9302,16.2553,1,0.0,0.0,0.0,194,2,0.0283,0.9005,16,0.134,2
0.3767,0,0,159.0219,3.5531,1,0.0,0.0,0.0,268,492,0.972,0.0601,33,0.1616,1
0.6216,0,1,7.5871,15.0933,2,0.0,0.0,0.0,163,10,0.2439,0.7988,1,0.1906,2
2.0651,0,1,513.7636,501.2172,0,0.0,5.0,5.0,110,30,0.8729,0.0501,170,0.8664,3
6.7653,0,4,400.6624,2437.1371,0,0.0,0.0,0.0,14,13,0.8843,0.084,53,0.8932,0
0.1576,2,0,53.3941,30.1473,1,0.0,0.0,0.0,297,14,0.2124,0.8726,3,0.1111,2
0.1666,0,3,35.3583,6.2334,1,0.0,0.0,0.0,342,411,0.8653,0.0237,31,0.3718,1
3.4319,0,2,263.9677,390.4283,0,0.0,2.0,5.0,126,50,0.8716,0.0103,196,0.7846,3
4.5168,0,0,942.8279,5150.7266,0,0.0,0.0,0.0,11,9,0.9419,0.0798,69,0.7784,0
0.8782,0,1,31.7346,23.1208,1,0.0,0.0,0.0,157,1,0.0495,0.8546,18,0.0444,2
1.3183,0,2,241.518,565.7094,0,0.0,4.0,6.0,95,31,0.8821,0.0505,113,0.8247,3
1.0359,1,3,33.1636,21.9262,1,0.0,0.0,0.0,89,7,0.1513,0.9844,5,0.1471,2
22.4623,0,0,754.8223,3374.1542,0,0.0,0.0,0.0,11,11,0.8689,0.1123,142,0.9743,0
0.2643,1,0,25.2683,0.036,1,0.0,0.0,0.0,296,384,0.8731,0.004,24,0.3292,1
0.4422,1,0,73.8248,3.2956,1,0.0,0.0,0.0,285,464,0.9475,0.0848,9,0.2859,1
18.6915,0,1,580.0288,685.0043,0,0.0,5.0,4.0,39,132,0.9032,0.0081,175,0.6757,3
19.06,0,4,832.9852,2441.1739,2,0.0,0.0,0.0,15,8,0.9645,0.0969,166,0.8576,0
0.5568,0,0,2391.5274,1133.5797,0,0.0,0.0,0.0,16,13,0.9589,0.0538,130,0.7393,0
0.2705,0,0,164.2054,5.4357,3,0.0,0.0,0.0,318,251,0.9558,0.0419,20,0.351,1
0.2268,1,0,19.0563,29.0973,1,0.0,0.0,0.0,167,8,0.1196,0.8156,7,0.1804,2
3.6577,0,3,686.2605,5205.3049,0,0.0,0.0,0.0,15,12,0.9007,0.0497,137,0.925,0
0.7668,1,0,44.9827,31.6838,1,0.0,0.0,0.0,193,2,0.0935,0.85,12,0.1639,2
9.1514,1,2,599.5422,4735.9198,0,0.0,0.0,0.0,10,12,0.8256,0.1322,170,0.8773,0
0.0735,1,4,26.7983,21.7555,1,0.0,0.0,0.0,282,6,0.2221,0.8793,18,0.1999,2
0.3987,0,5,353.9996,4766.3343,0,0.0,0.0,0.0,18,9,0.8718,0.0345,208,0.8332,0
2.8999,0,2,393.1235,258.682,0,0.0,1.0,7.0,63,36,0.8019,0.0046,185,0.8573,3
13.0587,0,1,331.1764,224.8261,1,0.0,5.0,4.0,80,123,0.9148,0.0071,184,0.9377,3
2.4982,0,0,1592.7339,5499.7738,0,0.0,0.0,0.0,12,19,0.8499,0.149,177,0.7639,0
2.3096,0,1,248.8833,577.0247,2,0.0,3.0,2.0,137,97,0.8389,0.0145,189,0.8597,3
1.1838,1,0,33.0197,31.6685,0,0.0,0.0,0.0,298,14,0.159,0.9807,6,0.1172,2
9.3169,1,1,1260.4055,4214.9305,0,0.0,0.0,0.0,15,12,0.8233,0.0291,119,0.753,0
0.6214,0,2,43.1889,9.8574,1,0.0,0.0,0.0,139,3,0.1399,0.9697,2,0.1802,2
0.4161,0,0,79.8335,8.4848,1,0.0,0.0,0.0,286,349,0.94,0.0159,25,0.3639,1
0.3644,0,0,90.422,7.1936,1,0.0,0.0,0.0,292,432,0.9319,0.0547,36,0.1317,1
9.0374,0,0,291.1679,5042.4894,0,0.0,0.0,0.0,10,11,0.9018,0.0331,61,0.7046,0
0.3948,0,0,40.3146,1.0751,1,0.0,0.0,0.0,438,410,0.9,0.0986,25,0.2151,1
0.8783,0,2,37.6107,19.0942,1,0.0,0.0,0.0,229,8,0.1027,0.8481,11,0.1519,2
0.7299,1,2,32.5773,30.6027,2,0.0,0.0,0.0,267,8,0.0673,0.784,20,0.1542,2
4.3186,0,1,515.4995,259.2351,0,0.0,1.0,5.0,145,103,0.8218,0.0603,81,0.8265,3
3.9757,0,2,185.9021,413.8211,0,0.0,4.0,5.0,42,65,0.8942,0.0644,54,0.7113,3
1.1036,1,3,400.871,2727.0867,0,0.0,0.0,0.0,7,15,0.9842,0.0405,117,0.7389,0
2.0001,0,2,252.3261,675.8874,0,0.0,2.0,4.0,57,92,0.8774,0.0699,108,0.8869,3
5.3688,0,1,273.1236,617.1438,0,0.0,3.0,2.0,46,109,0.9187,0.0463,159,0.9136,3
0.6409,0,1,520.236,621.6951,2,0.0,3.0,4.0,85,31,0.9719,0.0308,125,0.6847,3
0.1416,0,5,189.8343,1.4126,1,0.0,0.0,0.0,311,491,0.9208,0.0978,8,0.376,1
0.3502,0,0,38.4248,4.8352,2,0.0,0.0,0.0,235,9,0.0597,0.7995,19,0.0203,2
2.4432,0,1,159.2818,677.881,0,0.0,2.0,5.0,94,25,0.8246,0.0992,79,0.7415,3
0.4653,0,2,499.303,623.5622,0,0.0,1.0,7.0,69,65,0.9004,0.0306,184,0.7236,3
9.2834,0,1,497.4183,351.4351,2,0.0,3.0,2.0,145,108,0.999,0.0441,168,0.8056,3
3.2002,0,2,244.7275,263.4151,0,0.0,4.0,3.0,37,25,0.9971,0.0449,116,0.873,3
5.1936,2,3,4693.9946,1371.1398,0,0.0,0.0,0.0,14,13,0.7748,0.0097,105,0.7035,0
1.3,0,1,153.4195,652.8587,0,0.0,3.0,2.0,134,106,0.9316,0.0868,141,0.6346,3
10.8044,0,1,553.1017,447.106,0,0.0,5.0,7.0,121,71,0.8175,0.0696,120,0.895,3
1.2573,0,1,309.7919,644.0586,0,0.0,4.0,6.0,87,30,0.9131,0.0556,182,0.8596,3
0.3768,0,1,380.3281,472.4719,1,0.0,1.0,5.0,98,56,0.86,0.0316,70,0.7855,3
0.3208,1,3,1563.8855,4064.3084,0,0.0,0.0,0.0,7,14,0.9711,0.08,106,0.8046,0
4.8236,1,0,217.6712,3403.8997,0,0.0,0.0,0.0,7,10,0.9588,0.0812,187,0.8438,0
1.1751,0,4,20.4791,17.544,0,0.0,0.0,0.0,285,9,0.2024,0.9824,12,0.0357,2
0.987,0,2,58.2984,23.5934,2,0.0,0.0,0.0,142,4,0.1725,0.8137,23,0.1956,2
18.806,0,5,778.3777,2593.0656,0,0.0,0.0,0.0,18,14,0.7795,0.0196,125,0.9958,0
2.2297,0,0,833.5631,8855.7354,0,0.0,0.0,0.0,13,9,0.9521,0.0711,135,0.982,0
1.1081,0,0,29.2085,4.0146,2,0.0,0.0,0.0,94,11,0.049,0.7805,24,0.0951,2
0.357,0,2,330.8883,679.1872,2,0.0,3.0,2.0,96,87,0.991,0.0515,138,0.7196,3
0.9067,1,3,22.2237,11.5132,1,0.0,0.0,0.0,174,9,0.073,0.8996,10,0.0712,2
0.3909,0,0,142.6714,3.541,1,0.0,0.0,0.0,293,498,0.9614,0.038,15,0.1085,1
10.9309,0,3,370.5253,2739.3347,0,0.0,0.0,0.0,7,13,0.9006,0.1066,187,0.9349,0
29.1196,1,3,1200.8041,1719.5846,0,0.0,0.0,0.0,14,16,0.9485,0.1457,121,0.8972,0
0.1545,1,5,72.8897,1.3881,1,0.0,0.0,0.0,271,246,0.9347,0.04,44,0.3524,1
3.1177,0,1,521.6237,227.6042,1,0.0,1.0,7.0,89,49,0.8698,0.0375,56,0.8999,3
6.8766,0,1,179.8562,738.6692,0,0.0,3.0,6.0,58,132,0.8724,0.0831,181,0.8984,3
0.0566,0,2,29.7836,14.8421,3,0.0,0.0,0.0,110,5,0.1792,0.9627,1,0.1709,2
0.4921,0,2,304.1763,255.4993,2,0.0,3.0,5.0,141,82,0.8474,0.0259,54,0.7428,3
1.2882,0,1,278.639,609.5159,0,0.0,4.0,6.0,111,61,0.9606,0.0772,160,0.7363,3
10.7341,1,4,340.7361,9106.1743,0,0.0,0.0,0.0,12,10,0.806,0.148,145,0.7938,0
0.0239,0,0,39.3938,13.1775,2,0.0,0.0,0.0,245,3,0.2114,0.9987,21,0.1916,2
0.4464,0,5,84.1239,6.0692,2,0.0,0.0,0.0,485,291,0.941,0.0019,22,0.2038,1
0.4074,0,2,55.8636,26.922,1,0.0,0.0,0.0,270,3,0.0625,0.904,16,0.1011,2
0.306,0,0,57.0263,8.135,3,1.0,0.0,0.0,374,276,0.8961,0.0633,18,0.2157,1
1.6034,0,1,471.3301,429.4737,0,0.0,4.0,5.0,63,128,0.9613,0.0147,134,0.6361,3
0.9481,2,3,55.0597,19.9881,2,0.0,0.0,0.0,257,10,0.0101,0.9734,14,0.1803,2
0.3078,2,0,24.3837,4.6399,1,0.0,0.0,0.0,509,401,0.9586,0.0189,19,0.2596,1
0.6563,0,1,1504.9849,3935.9912,0,0.0,0.0,0.0,11,15,0.937,0.1259,238,0.8671,0
2.2827,0,1,541.4425,523.9211,0,0.0,4.0,4.0,107,48,0.8396,0.0752,164,0.7054,3
1.1497,0,2,408.4542,563.2139,1,0.0,1.0,5.0,144,57,0.9131,0.0115,95,0.814,3
1.5806,0,2,1532.2552,2878.4049,0,0.0,0.0,0.0,12,9,0.9642,0.1491,225,0.8312,0
1.1858,0,3,31.8465,10.612,1,0.0,0.0,0.0,268,3,0.1612,0.782,13,0.0615,2
7.2859,0,2,376.6536,281.9412,0,0.0,5.0,2.0,76,54,0.8807,0.0186,127,0.8249,3
4.8931,0,1,401.2974,381.1401,2,0.0,5.0,7.0,131,86,0.9453,0.073,86,0.9354,3
0.3576,0,0,78.9247,4.9857,1,0.0,0.0,0.0,432,337,0.8612,0.0647,41,0.2392,1
0.8274,0,1,483.783,276.5452,0,0.0,1.0,6.0,38,51,0.8482,0.0484,71,0.8413,3
19.2557,0,1,528.2837,601.6158,1,0.0,3.0,5.0,107,129,0.8526,0.0604,180,0.6169,3
4.5138,0,1,514.724,596.7145,0,0.0,3.0,7.0,99,116,0.8938,0.0211,191,0.8112,3
2.4661,0,1,208.2089,293.8688,2,0.0,3.0,3.0,44,121,0.8924,0.0685,180,0.712,3
0.1511,0,0,17.2039,2.9438,3,0.0,0.0,0.0,393,417,0.91,0.0635,10,0.3815,1
0.8322,0,1,19.9069,25.2296,2,0.0,0.0,0.0,274,2,0.1989,0.8661,20,0.1259,2
5.912,0,0,852.6497,1427.6321,0,0.0,0.0,0.0,14,11,0.9578,0.0142,198,0.7197,0
3.9558,0,0,213.7169,363.623,0,0.0,0.0,0.0,14,12,0.9182,0.1027,190,0.779,0
6.7038,0,1,392.4929,532.8168,0,0.0,1.0,6.0,62,108,0.8133,0.0589,85,0.6186,3
0.0017,1,0,130.1012,1.0826,0,0.0,0.0,0.0,406,400,0.9487,0.0266,4,0.2591,1
0.1807,0,0,116.4628,0.1589,0,0.0,0.0,0.0,344,374,0.8786,0.0367,37,0.2403,1
0.2018,0,0,29.7085,4.493,1,0.0,0.0,0.0,167,14,0.0665,0.9333,14,0.0911,2
0.3993,0,2,194.6491,595.482,0,0.0,5.0,2.0,144,44,0.9881,0.04,130,0.6163,3
0.3042,0,3,50.9854,9.9967,1,0.0,0.0,0.0,253,502,0.892,0.0422,1,0.1065,1
1.0911,0,2,261.9958,786.4559,0,0.0,2.0,2.0,56,42,0.8646,0.0364,48,0.8053,3
0.1912,0,3,7.222,4.3879,1,0.0,0.0,0.0,406,416,0.9773,0.0555,15,0.1769,1
0.031,0,3,77.1929,3.4613,1,0.0,0.0,0.0,448,209,0.981,0.0485,17,0.2728,1
0.7887,0,3,62.7631,1.5269,2,0.0,0.0,0.0,128,9,0.0195,0.849,21,0.1502,2
26.1153,0,1,533.2908,260.819,0,0.0,1.0,6.0,50,82,0.8474,0.0613,70,0.7562,3
7.8956,0,2,286.6399,319.0427,0,0.0,3.0,5.0,78,31,0.9383,0.0807,43,0.682,3
0.2706,0,0,22.5206,1.2877,1,0.0,0.0,0.0,489,212,0.9949,0.0258,1,0.223,1
1.3267,0,0,358.1376,2055.7981,0,0.0,0.0,0.0,11,14,0.8115,0.0626,83,0.9227,0
3.9927,0,1,308.2538,238.2229,0,0.0,5.0,5.0,68,43,0.8004,0.0768,147,0.8283,3
0.1912,0,2,56.0566,10.7611,2,0.0,0.0,0.0,144,3,0.2234,0.9944,16,0.1078,2
0.0374,0,0,42.4247,21.1629,0,0.0,0.0,0.0,246,5,0.0638,0.9246,16,0.1024,2
0.8022,0,1,520.4674,612.9493,0,0.0,4.0,7.0,31,113,0.8192,0.0118,123,0.6899,3
1.609,1,0,471.197,4560.3921,0,0.0,0.0,0.0,11,15,0.7938,0.1427,202,0.9545,0
1.0241,0,0,42.6134,12.6682,1,0.0,0.0,0.0,82,14,0.0981,0.9621,3,0.0448,2
0.478,0,0,151.6128,0.7072,1,3.0,0.0,0.0,401,467,0.9739,0.0558,3,0.2741,1
0.4821,0,3,47.3765,0.8576,1,0.0,0.0,0.0,273,281,0.9622,0.0502,2,0.2491,1
0.6007,0,0,1762.9134,5088.3344,0,0.0,0.0,0.0,16,15,0.7879,0.0327,156,0.7233,0
34.4924,0,4,472.2048,4459.8644,0,0.0,0.0,0.0,8,14,0.7553,0.0432,199,0.7595,0
13.1351,1,0,586.7375,4284.925,1,0.0,0.0,0.0,15,10,0.8151,0.0152,196,0.8302,0
24.4124,2,0,594.3249,2902.483,0,0.0,0.0,0.0,14,12,0.766,0.0412,167,0.9151,0
3.7638,1,0,926.3418,1379.6856,0,0.0,0.0,0.0,11,15,0.9706,0.0013,76,0.7677,0
14.355,0,0,372.2683,3206.8855,0,0.0,0.0,0.0,6,7,0.7612,0.0523,57,0.8416,0
1.1865,0,0,17.6708,19.2486,2,0.0,0.0,0.0,195,14,0.1525,0.7971,16,0.0966,2
2.8384,0,0,1178.988,1251.4914,0,0.0,0.0,0.0,19,11,0.9037,0.0106,69,0.9644,0
0.0929,0,2,21.9235,6.6963,1,0.0,0.0,0.0,125,4,0.0309,0.9875,5,0.0156,2
0.557,0,0,59.4819,22.1432,2,0.0,0.0,0.0,232,5,0.1446,0.9622,20,0.1155,2
1.1672,0,3,13.4747,23.9665,0,0.0,0.0,0.0,121,14,0.1113,0.8939,24,0.1188,2
0.8741,1,3,15.7212,21.6681,2,0.0,0.0,0.0,100,5,0.1147,0.8516,13,0.0134,2
0.3856,1,5,47.5898,30.1986,2,0.0,0.0,0.0,183,7,0.0854,0.8934,5,0.1539,2
1.6295,0,1,561.6927,474.6141,1,0.0,1.0,5.0,120,90,0.8856,0.0814,40,0.6002,3
0.4928,0,3,15.1571,7.9399,3,0.0,0.0,0.0,486,254,0.9152,0.0409,35,0.2923,1
0.1189,0,5,78.5664,4.2808,0,0.0,0.0,0.0,461,317,0.9409,0.0699,18,0.2905,1
0.454,0,0,23.978,0.4619,2,0.0,0.0,0.0,486,333,0.8594,0.0001,32,0.3992,1
2.1038,0,1,342.3162,207.5739,1,0.0,4.0,4.0,135,27,0.8289,0.0063,179,0.7845,3
10.4534,0,2,255.3014,490.6435,0,0.0,5.0,7.0,109,55,0.9856,0.0707,152,0.753,3
0.4682,0,3,20.1379,9.6634,1,0.0,0.0,0.0,259,474,0.8856,0.0917,22,0.125,1
0.0927,0,5,12.8198,0.0291,2,0.0,0.0,0.0,205,7,0.0664,0.9776,23,0.0709,2
2.6563,0,0,460.096,2195.324,0,0.0,0.0,0.0,13,6,0.7881,0.0488,167,0.8733,0
0.8283,0,1,362.0316,538.2894,0,0.0,4.0,7.0,119,36,0.8726,0.0449,140,0.7826,3
0.7938,0,0,18.3066,9.6112,2,0.0,0.0,0.0,245,11,0.144,0.7503,19,0.1204,2
0.4417,1,0,11.0236,1.2872,0,0.0,0.0,0.0,284,209,0.9378,0.0771,10,0.2307,1
5.4565,0,1,382.4588,510.1841,1,0.0,2.0,4.0,100,125,0.807,0.0282,92,0.9195,3
0.2755,0,0,53.3217,0.1929,1,0.0,0.0,0.0,337,235,0.9247,0.0943,16,0.1333,1
0.605,0,1,5.9314,16.4018,1,0.0,0.0,0.0,147,8,0.038,0.8277,5,0.0916,2
0.8108,0,5,39.3703,31.1869,2,0.0,0.0,0.0,86,8,0.2036,0.8665,24,0.0878,2
12.2414,0,0,423.515,1712.8559,0,0.0,0.0,0.0,19,11,0.77,0.1051,101,0.8054,0
7.0907,0,0,241.066,2755.9345,0,0.0,1.0,0.0,11,11,0.8304,0.0731,244,0.9098,0
0.1234,0,0,39.6023,6.315,1,0.0,0.0,0.0,320,486,0.8568,0.0973,11,0.2508,1
16.1019,2,1,290.9943,2343.0359,0,0.0,0.0,0.0,11,13,0.8599,0.0342,181,0.7791,0
0.1263,0,5,88.3966,0.2354,1,0.0,0.0,0.0,342,221,0.8552,0.0457,43,0.3682,1
4.7158,0,0,695.756,4830.1945,0,0.0,0.0,0.0,19,12,0.9505,0.0038,92,0.8005,0
9.6176,0,2,462.5306,503.8358,0,0.0,5.0,4.0,122,69,0.9568,0.0166,127,0.944,3
2.0907,0,3,1189.6259,1613.5143,0,0.0,0.0,0.0,13,13,0.7589,0.0008,52,0.9824,0
0.4639,0,0,4.8037,6.479,1,3.0,0.0,0.0,386,413,0.9519,0.0055,5,0.246,1
14.8,0,5,1085.3721,6451.1792,0,0.0,0.0,0.0,12,11,0.8991,0.1109,123,0.7129,0
0.1788,0,5,57.3703,29.6535,2,0.0,0.0,0.0,285,6,0.0885,0.9931,13,0.0463,2
1.3935,0,1,567.508,332.022,1,0.0,2.0,4.0,44,69,0.9757,0.0189,128,0.6119,3
1.1543,2,0,636.1101,1593.7805,0,0.0,0.0,0.0,11,13,0.8598,0.057,248,0.8548,0
0.7698,1,1,61.6787,30.3277,0,0.0,0.0,0.0,287,14,0.2374,0.7918,5,0.0895,2
33.8274,0,0,752.8658,1206.6424,0,0.0,0.0,0.0,18,12,0.9825,0.0719,233,0.9154,0
11.0424,2,3,305.4319,10857.6609,0,0.0,0.0,0.0,4,9,0.7733,0.1333,200,0.7552,0
0.3383,0,3,64.7384,8.197,1,0.0,0.0,0.0,339,501,0.991,0.0524,40,0.1676,1
0.5043,0,0,28.7154,31.8304,2,0.0,0.0,0.0,94,11,0.2063,0.9506,7,0.1349,2
0.4753,0,0,26.6029,6.6988,1,0.0,0.0,0.0,487,358,0.929,0.006,13,0.1526,1
0.5892,0,2,26.7123,2.9636,1,0.0,0.0,0.0,84,3,0.1836,0.9809,12,0.1577,2
3.8646,0,1,328.7236,722.6537,0,0.0,3.0,3.0,60,62,0.9009,0.0857,198,0.8492,3
5.8349,0,2,255.3169,672.1503,1,0.0,4.0,6.0,63,93,0.9512,0.0826,173,0.7737,3
0.4161,1,0,261.8878,7.4776,1,1.0,0.0,0.0,250,358,0.901,0.0673,30,0.2901,1
0.358,0,1,918.7604,1867.1447,3,0.0,0.0,0.0,10,7,0.7666,0.0543,243,0.9235,0
7.5507,0,0,442.4152,2572.306,0,0.0,0.0,0.0,21,17,0.9951,0.0086,226,0.8344,0
4.6472,1,0,1918.5575,3503.3659,0,0.0,0.0,0.0,11,11,0.8746,0.0414,227,0.9398,0
0.2902,0,0,146.0452,6.1105,1,0.0,0.0,0.0,474,404,0.9302,0.0997,25,0.2578,1
0.165,0,0,38.3654,5.7042,1,0.0,0.0,0.0,432,311,0.9534,0.0216,2,0.1557,1
34.6068,0,0,534.2081,2165.6904,0,0.0,0.0,0.0,16,10,0.9191,0.0822,140,0.9808,0
9.6484,1,0,291.72,2421.0435,0,0.0,0.0,0.0,14,13,0.8465,0.1401,78,0.8391,0
0.5655,0,2,536.5078,240.3542,0,0.0,4.0,7.0,144,66,0.9602,0.0867,88,0.7067,3
0.0582,0,0,121.7463,9.3221,0,0.0,0.0,0.0,394,451,0.8978,0.0078,37,0.1792,1
1.3874,0,1,210.1215,799.2086,0,0.0,2.0,7.0,86,82,0.8329,0.067,69,0.8749,3
4.2057,0,1,635.3908,1729.4532,0,0.0,0.0,0.0,13,12,0.7629,0.1308,191,0.9782,0
18.0069,0,2,839.1633,4331.3828,0,0.0,0.0,0.0,14,10,0.8558,0.0252,187,0.921,0
23.9826,1,2,263.8733,4822.3553,0,0.0,0.0,0.0,7,8,0.8385,0.0435,99,0.7246,0
2.1054,0,5,299.5839,3177.5475,0,0.0,0.0,0.0,12,7,0.8691,0.1304,161,0.8958,0
89.4007,0,0,137.0247,2054.1601,0,0.0,0.0,0.0,7,8,0.9314,0.1492,90,0.8265,0
1.4434,0,1,395.6549,365.6257,1,0.0,5.0,5.0,41,86,0.8977,0.0921,186,0.844,3
0.3104,0,3,16.7261,9.1252,1,1.0,0.0,0.0,319,206,0.9349,0.0288,13,0.3895,1
10.7071,0,0,1098.9184,9069.8842,1,0.0,0.0,0.0,14,15,0.7943,0.0015,217,0.7744,0
0.1402,0,0,97.5916,3.8828,2,0.0,0.0,0.0,421,324,0.8585,0.0599,40,0.1005,1
0.0911,0,0,94.1332,2.9164,2,3.0,0.0,0.0,337,335,0.9368,0.0468,5,0.2285,1
1.0972,0,1,58.1791,21.5052,2,0.0,0.0,0.0,99,12,0.133,0.9822,19,0.1912,2
0.1246,0,2,19.5857,7.74,1,0.0,0.0,0.0,91,1,0.0238,0.9953,5,0.0444,2
0.329,0,0,26.8344,4.9631,1,0.0,0.0,0.0,283,321,0.88,0.0982,1,0.2877,1
7.8922,0,1,488.8583,469.0632,1,0.0,4.0,5.0,73,39,0.8402,0.011,72,0.6996,3
1.1632,0,3,689.7575,4646.632,0,0.0,0.0,0.0,9,17,0.8484,0.0847,80,0.9514,0
4.5844,0,1,674.713,6542.3963,0,0.0,0.0,0.0,11,11,0.9887,0.0915,137,0.9211,0
2.0669,0,1,577.9028,661.8349,0,0.0,3.0,5.0,40,130,0.9719,0.0182,119,0.6806,3
0.3596,0,0,10.223,3.1731,1,0.0,0.0,0.0,444,394,0.8946,0.0264,35,0.3687,1
0.4197,1,1,12.9999,22.9353,2,0.0,0.0,0.0,239,7,0.2407,0.9761,3,0.0407,2
0.1316,0,0,93.0588,0.3477,2,0.0,0.0,0.0,486,340,0.9101,0.0218,19,0.3862,1
0.5404,0,0,48.6392,4.0007,1,0.0,0.0,0.0,258,11,0.0793,0.8105,4,0.1083,2
0.1432,0,3,12.3656,3.929,1,0.0,0.0,0.0,417,347,0.9449,0.0943,5,0.2137,1
5.8323,0,1,224.7352,1723.9717,0,0.0,0.0,0.0,15,10,0.9957,0.1396,162,0.838,0
0.3176,0,0,162.7921,4.9564,2,0.0,0.0,0.0,256,291,0.8977,0.0126,32,0.3858,1
1.2887,0,1,262.7215,788.8753,0,0.0,1.0,2.0,134,54,0.964,0.0785,96,0.7146,3
10.1358,0,1,160.9145,471.839,0,0.0,4.0,3.0,58,74,0.9477,0.04,95,0.6284,3
5.2849,0,1,221.8306,536.3652,1,0.0,3.0,5.0,44,44,0.9583,0.0692,75,0.7632,3
4.9229,0,1,562.5409,360.0178,0,0.0,2.0,5.0,126,129,0.835,0.0831,42,0.6471,3
0.7832,0,1,32.6294,6.937,2,0.0,0.0,0.0,173,10,0.1005,0.7967,15,0.1433,2
0.467,0,1,21.0675,10.7722,2,0.0,0.0,0.0,289,6,0.0928,0.9282,8,0.1248,2
1.0504,0,2,34.4868,18.1136,1,0.0,0.0,0.0,223,14,0.2011,0.9207,20,0.0404,2
0.0315,0,0,10.0079,2.893,0,0.0,0.0,0.0,479,508,0.9515,0.016,40,0.2644,1
0.3327,0,4,43.6603,3.469,1,0.0,0.0,0.0,193,14,0.0643,0.8791,3,0.0951,2
0.4859,0,3,57.1693,7.7772,1,0.0,0.0,0.0,500,368,0.9077,0.0889,17,0.1977,1
0.1284,2,3,41.4735,6.335,1,0.0,0.0,0.0,258,375,0.8621,0.0204,37,0.1677,1
55.3144,1,0,1446.3618,4818.4052,0,0.0,0.0,0.0,15,10,0.8705,0.0148,183,0.7796,0
8.5591,0,2,1069.8158,2244.9014,0,0.0,0.0,0.0,8,10,0.8527,0.0158,127,0.9032,0
0.2561,0,0,50.0787,4.8645,1,1.0,0.0,0.0,399,340,0.8972,0.0514,25,0.3922,1
0.7899,0,3,32.6838,13.185,1,0.0,0.0,0.0,89,8,0.2341,0.9053,13,0.1715,2
0.3116,0,2,54.4113,9.4055,2,0.0,0.0,0.0,82,12,0.2099,0.807,14,0.1841,2
2.7176,0,0,1080.64,8973.7366,0,0.0,0.0,0.0,16,11,0.8775,0.0051,206,0.9343,0
6.0616,0,0,2592.1912,4006.6352,0,0.0,0.0,0.0,6,12,0.9131,0.0076,56,0.7128,0
6.0978,0,2,391.4403,296.7668,0,0.0,5.0,5.0,47,105,0.807,0.014,160,0.7149,3
0.0027,1,0,58.0141,1.042,1,1.0,0.0,0.0,452,299,0.9674,0.04,27,0.3838,1
0.2644,0,0,71.3639,2.5976,1,0.0,0.0,0.0,333,254,0.9049,0.0093,47,0.3334,1
0.4603,0,2,183.3892,501.7501,0,0.0,2.0,3.0,122,30,0.8427,0.0677,178,0.7076,3
0.0644,1,0,38.8738,11.8945,1,0.0,0.0,0.0,101,7,0.0312,0.8335,24,0.0622,2
3.9327,2,4,1670.4849,2301.0943,0,0.0,0.0,0.0,15,11,0.8031,0.1307,69,0.7496,0
8.6656,0,1,418.3099,350.1989,1,0.0,2.0,2.0,52,70,0.9696,0.0649,147,0.8343,3
7.6787,0,1,530.1876,488.4332,0,0.0,2.0,4.0,65,61,0.8159,0.0213,57,0.602,3
0.226,0,3,17.011,5.4849,1,0.0,0.0,0.0,381,345,0.876,0.0222,29,0.3354,1
0.4244,0,1,457.2177,606.3066,1,0.0,5.0,7.0,35,113,0.8358,0.0065,135,0.8096,3
0.649,0,0,26.145,29.491,0,0.0,0.0,0.0,249,13,0.104,0.9097,17,0.0948,2
10.7968,0,4,683.5694,4717.3724,0,0.0,0.0,0.0,14,6,0.8798,0.0876,147,0.7613,0
9.0661,0,1,530.5281,207.2775,0,0.0,1.0,6.0,142,84,0.8104,0.0143,43,0.9271,3
0.3333,1,0,73.0335,9.4002,1,0.0,0.0,0.0,357,257,0.9635,0.0296,22,0.1856,1
0.8328,0,1,436.9783,605.8486,0,0.0,3.0,6.0,129,52,0.8638,0.0176,164,0.9258,3
0.1202,0,0,230.866,8.0553,1,0.0,0.0,0.0,476,229,0.9204,0.0621,22,0.2131,1
7.4414,0,1,492.2569,252.8314,0,0.0,3.0,5.0,117,103,0.8511,0.0498,73,0.6095,3
0.2837,0,3,145.8144,3.5087,1,0.0,0.0,0.0,343,315,0.987,0.0929,37,0.3521,1
0.3433,0,4,189.4409,5191.2151,0,0.0,0.0,0.0,15,4,0.9569,0.1491,246,0.7611,0
0.4882,0,3,61.2082,6.5425,3,0.0,0.0,0.0,446,376,0.9264,0.0898,30,0.1415,1
0.249,0,0,74.1248,9.9148,3,0.0,0.0,0.0,285,239,0.9135,0.0817,49,0.1271,1
1.0397,1,4,20.9231,3.3921,3,0.0,0.0,0.0,180,12,0.0504,0.8712,18,0.0435,2
2.2533,1,0,732.4654,3312.8499,0,0.0,0.0,0.0,7,7,0.7818,0.034,124,0.8799,0
0.6799,0,0,54.6248,0.9227,2,0.0,0.0,0.0,180,13,0.0893,0.8118,10,0.1366,2
0.4819,0,0,28.7551,3.9296,2,0.0,0.0,0.0,284,10,0.2026,0.754,20,0.0415,2
10.28,0,0,2261.2092,4287.706,0,0.0,0.0,0.0,8,6,0.8598,0.0338,85,0.9325,0
0.2583,0,1,12.6332,25.6988,2,0.0,0.0,0.0,241,13,0.2264,0.821,7,0.1129,2
0.4136,0,0,55.5394,9.9307,0,0.0,0.0,0.0,304,279,0.9892,0.0936,13,0.1468,1
0.0091,0,0,34.3832,3.7517,1,0.0,0.0,0.0,296,338,0.9217,0.0035,37,0.3589,1
3.9735,0,1,492.3008,319.4587,0,0.0,2.0,2.0,116,37,0.8139,0.0578,65,0.6371,3
0.9175,0,1,528.9737,275.5529,0,0.0,2.0,3.0,104,33,0.9385,0.0536,46,0.672,3
16.1682,2,5,259.5554,4463.8943,0,0.0,0.0,0.0,15,10,0.8388,0.0978,147,0.9053,0
2.8633,0,3,1202.8,3455.1679,1,0.0,0.0,0.0,16,13,0.8296,0.0886,206,0.8876,0
0.1853,0,3,20.6319,25.0995,2,0.0,0.0,0.0,113,14,0.1423,0.938,13,0.1856,2
0.4235,0,1,20.5813,20.7754,2,0.0,0.0,0.0,245,7,0.1204,0.8414,21,0.1194,2
0.4717,0,1,170.0135,4964.881,0,0.0,0.0,0.0,20,19,0.8498,0.1116,236,0.7637,0
3.7102,0,5,1638.3195,6078.5331,0,0.0,0.0,0.0,11,11,0.8557,0.1348,104,0.7085,0
0.0269,0,3,225.4608,2.2033,2,0.0,0.0,0.0,253,336,0.9357,0.0353,18,0.3705,1
4.3219,0,1,164.8395,531.4777,1,0.0,2.0,5.0,54,105,0.9191,0.0359,40,0.6888,3
0.0149,0,0,135.5855,3.0619,3,0.0,0.0,0.0,436,289,0.9877,0.0033,20,0.3611,1
0.1745,0,5,33.0481,8.5942,1,0.0,0.0,0.0,480,472,0.9044,0.0695,37,0.3305,1
0.1615,0,5,46.5107,7.283,2,0.0,0.0,0.0,241,7,0.1028,0.9281,9,0.1828,2
4.8227,0,2,511.7209,619.2928,0,0.0,2.0,6.0,142,112,0.8714,0.0789,104,0.7116,3
0.2049,0,5,123.3371,1.9968,1,0.0,0.0,0.0,332,346,0.9348,0.0331,47,0.1383,1
0.4744,1,3,33.2348,9.0211,1,0.0,0.0,0.0,252,13,0.1037,0.8236,12,0.0222,2
0.4644,0,0,82.888,3.5617,1,0.0,0.0,0.0,367,432,0.9889,0.0216,38,0.2639,1
0.8026,1,0,53.6407,3.6006,2,0.0,0.0,0.0,292,1,0.0926,0.9447,14,0.113,2
1.3588,0,1,558.7299,295.3805,0,0.0,5.0,5.0,88,94,0.8969,0.0059,176,0.8026,3
4.4528,0,1,263.517,516.8903,2,0.0,1.0,5.0,72,135,0.8689,0.0522,193,0.8416,3
3.6479,0,1,197.0798,509.8054,0,0.0,3.0,6.0,40,41,0.9075,0.0699,152,0.7816,3
1.175,0,2,12.9503,22.7934,1,0.0,0.0,0.0,281,6,0.1489,0.8685,4,0.053,2
6.2452,0,0,589.6028,6585.2265,0,0.0,0.0,0.0,9,11,0.7626,0.0549,241,0.9337,0
0.2674,0,1,228.0279,453.8136,0,0.0,5.0,2.0,87,35,0.838,0.0665,98,0.9274,3
10.881,0,1,261.7822,240.5388,0,0.0,1.0,5.0,72,109,0.8229,0.0016,105,0.6654,3
0.0874,0,0,11.8049,3.4442,1,0.0,0.0,0.0,259,297,0.9644,0.094,15,0.3446,1
2.9037,0,1,280.9519,715.9921,2,0.0,1.0,7.0,93,32,0.918,0.0938,142,0.8481,3
0.3207,1,0,211.2368,954.2848,0,0.0,0.0,0.0,16,8,0.9878,0.0164,108,0.8649,0
0.235,0,0,67.7039,4.5773,1,0.0,0.0,0.0,465,225,0.8591,0.0862,6,0.168,1
0.0075,0,3,30.6127,2.6393,1,0.0,0.0,0.0,507,423,0.9061,0.0349,4,0.1395,1
10.0621,0,1,418.0754,511.2447,0,0.0,5.0,6.0,97,65,0.8606,0.0122,170,0.6079,3
4.5598,0,1,254.3274,391.0616,0,0.0,1.0,6.0,48,136,0.9118,0.0447,62,0.758,3
1.0012,1,1,39.642,26.0501,2,0.0,0.0,0.0,299,6,0.1952,0.9818,17,0.0128,2
0.6417,0,5,0.8796,8.5123,1,0.0,0.0,0.0,240,4,0.0684,0.9309,3,0.1981,2
8.2827,0,1,183.8456,250.1126,0,0.0,1.0,7.0,51,41,0.8782,0.0547,62,0.9362,3
29.3147,1,2,150.787,1955.7084,0,0.0,0.0,0.0,14,10,0.7775,0.0166,196,0.8229,0
3.8447,0,1,744.6778,3548.2219,0,0.0,0.0,0.0,14,14,0.8548,0.0424,119,0.9587,0
0.1809,2,4,4.5464,11.657,2,0.0,0.0,0.0,159,4,0.2226,0.834,14,0.0153,2
0.6439,0,3,30.1596,3.6738,2,0.0,0.0,0.0,200,2,0.1185,0.9462,10,0.0319,2
5.2127,0,1,509.3716,652.5914,0,0.0,3.0,5.0,61,61,0.9246,0.0036,65,0.801,3
0.2061,0,1,39.1239,28.0153,1,0.0,0.0,0.0,219,7,0.0223,0.8421,23,0.1693,2
4.1878,1,0,1078.0213,884.2751,0,0.0,0.0,0.0,13,9,0.954,0.0183,182,0.9226,0
2.0269,0,0,1576.9802,1680.8373,0,0.0,0.0,0.0,10,6,0.7897,0.0716,226,0.8167,0
4.6928,2,2,227.6887,2604.6557,0,0.0,0.0,0.0,9,12,0.7687,0.0259,210,0.8071,0
8.9853,1,1,924.4342,6677.1963,0,0.0,0.0,0.0,8,7,0.9557,0.0927,111,0.9587,0
11.27,0,0,1562.2534,2321.6151,0,0.0,0.0,0.0,12,9,0.9505,0.1281,106,0.723,0
2.4648,0,1,207.819,253.26,0,0.0,3.0,2.0,86,90,0.8821,0.09,189,0.6033,3
0.2785,0,3,63.0833,5.5803,1,0.0,0.0,0.0,502,210,0.8728,0.0417,14,0.2118,1
0.0945,1,3,55.9552,5.5961,3,0.0,0.0,0.0,119,11,0.0825,0.8239,3,0.1996,2
0.1786,1,5,47.5451,5.7232,2,0.0,0.0,0.0,372,241,0.8588,0.0996,35,0.3386,1
1.1182,0,0,390.8914,2364.348,0,0.0,0.0,0.0,14,10,0.9756,0.1229,158,0.998,0
10.8859,0,0,502.8256,1913.7324,0,0.0,0.0,0.0,11,12,0.945,0.0503,204,0.8256,0
7.1385,2,5,877.5789,5930.2831,1,0.0,0.0,0.0,13,5,0.9044,0.0087,107,0.7641,0
0.4351,0,3,52.2741,19.0929,1,0.0,0.0,0.0,107,10,0.0357,0.9284,15,0.1275,2
1.039,0,3,24.922,26.2724,1,0.0,0.0,0.0,258,3,0.2065,0.7713,18,0.175,2
17.3402,0,2,696.4337,5707.0562,1,0.0,0.0,0.0,14,15,0.9219,0.1222,110,0.8959,0
3.9687,0,1,263.5214,285.6946,0,0.0,1.0,5.0,146,108,0.9468,0.0731,165,0.7031,3
3.7101,0,0,387.8958,5591.1541,0,0.0,0.0,0.0,8,13,0.7966,0.0729,186,0.8148,0
0.1872,1,3,29.5612,28.0443,2,0.0,0.0,0.0,123,4,0.1009,0.9569,19,0.1324,2
0.528,2,3,20.8398,16.8333,3,0.0,0.0,0.0,285,9,0.1201,0.9367,15,0.0475,2
0.4303,0,3,102.8824,9.0659,1,0.0,0.0,0.0,313,239,0.9457,0.0202,32,0.3786,1
0.1893,0,0,101.743,9.6456,1,0.0,0.0,0.0,511,393,0.8643,0.0556,30,0.2953,1
0.0536,0,3,23.8758,4.355,1,0.0,0.0,0.0,425,394,0.9125,0.0771,36,0.3009,1
19.1634,0,0,1540.4575,4216.3558,0,0.0,0.0,0.0,18,14,0.8593,0.1048,66,0.7657,0
0.3344,0,0,37.3106,3.6909,1,0.0,0.0,0.0,473,262,0.9441,0.0109,31,0.3195,1
1.18,0,0,36.0451,20.438,1,0.0,0.0,0.0,233,14,0.0639,0.8289,8,0.1957,2
41.825,1,1,1755.5013,2687.1601,0,0.0,0.0,0.0,14,12,0.7598,0.0518,248,0.7951,0
17.7797,0,1,217.6207,641.1023,0,0.0,5.0,6.0,123,110,0.8899,0.0877,126,0.9239,3
5.5976,0,3,676.7447,10863.7367,0,0.0,0.0,0.0,13,8,0.9246,0.0636,159,0.896,0
0.1023,1,0,38.5854,2.1573,1,0.0,0.0,0.0,356,256,0.9281,0.0071,12,0.3875,1
0.3047,0,5,103.9385,9.2102,3,0.0,0.0,0.0,303,363,0.9288,0.0906,5,0.3172,1
0.4171,1,5,108.013,2.8815,1,0.0,0.0,0.0,453,404,0.9945,0.0462,25,0.3251,1
3.2481,0,1,348.7786,255.3211,0,0.0,1.0,6.0,92,35,0.9694,0.0953,191,0.6069,3
0.7979,2,0,35.08,6.8961,2,0.0,0.0,0.0,90,2,0.084,0.9952,12,0.1236,2
31.44,0,0,1135.6782,1450.3942,0,0.0,0.0,0.0,12,9,0.9625,0.0792,162,0.7343,0
4.8224,0,5,386.5923,4554.7553,0,0.0,0.0,0.0,16,7,0.9994,0.0579,197,0.8395,0
6.2469,0,4,336.0933,714.807,0,0.0,0.0,0.0,16,12,0.8046,0.0903,154,0.8069,0
0.2155,1,3,2.0884,0.4643,1,0.0,0.0,0.0,429,237,0.8625,0.0727,16,0.166,1
1.1093,0,4,22.1734,27.84,2,0.0,0.0,0.0,298,5,0.0129,0.8929,1,0.1029,2
0.5878,0,5,62.5428,13.4677,2,0.0,0.0,0.0,192,10,0.1233,0.8503,4,0.1055,2
0.266,0,2,59.7751,23.0116,1,0.0,0.0,0.0,138,6,0.0691,0.9058,20,0.1932,2
1.954,0,1,198.8929,538.2728,0,0.0,1.0,3.0,131,77,0.834,0.091,110,0.6188,3
0.4025,0,1,8.5322,12.1693,0,0.0,0.0,0.0,266,4,0.0182,0.7722,12,0.0539,2
1.4309,0,1,414.7481,484.017,0,0.0,4.0,2.0,68,56,0.9948,0.0842,126,0.9457,3
9.0965,0,1,462.2933,408.3888,0,0.0,1.0,7.0,51,66,0.843,0.0094,92,0.6406,3
0.2373,0,0,56.0176,7.1079,2,0.0,0.0,0.0,385,254,0.9072,0.0565,28,0.3452,1
2.9834,0,1,569.7117,564.8484,0,0.0,1.0,5.0,94,88,0.9347,0.0839,107,0.6882,3
1.0352,0,2,153.9799,685.2366,1,0.0,3.0,6.0,92,36,0.8134,0.0619,163,0.7547,3
1.1388,0,4,24.3942,8.6168,2,0.0,0.0,0.0,241,11,0.2448,0.9509,2,0.0433,2
1.4653,0,1,488.9944,733.1756,0,0.0,3.0,4.0,115,90,0.9063,0.0563,68,0.6146,3
3.6799,0,0,226.2606,1513.6723,0,0.0,0.0,0.0,13,13,0.8496,0.0983,73,0.9884,0
0.346,0,0,15.5199,8.7187,1,0.0,0.0,0.0,418,301,0.8938,0.0111,28,0.2552,1
0.397,0,0,73.3861,8.0479,2,0.0,0.0,0.0,286,243,0.9977,0.0407,3,0.3491,1
18.9183,0,0,725.8422,3812.9295,2,0.0,0.0,0.0,13,16,0.9941,0.0995,185,0.8824,0
9.9774,1,4,255.5379,719.5625,0,0.0,0.0,0.0,12,9,0.9761,0.1333,200,0.7466,0
3.5316,1,0,361.9886,1304.621,0,0.0,0.0,0.0,13,10,0.7934,0.1088,167,0.7449,0
8.2719,0,2,470.3862,551.4953,0,0.0,4.0,4.0,112,125,0.8957,0.069,60,0.6614,3
0.3535,0,0,64.0931,2.6506,1,0.0,0.0,0.0,463,275,0.9614,0.092,47,0.372,1
6.5637,0,1,273.8494,596.1082,0,0.0,4.0,2.0,114,69,0.8221,0.0596,165,0.8423,3
7.3699,0,3,866.7395,2358.269,0,0.0,0.0,0.0,14,21,0.7587,0.1402,216,0.9319,0
2.0737,0,2,433.5569,665.294,0,0.0,2.0,7.0,45,51,0.928,0.0118,119,0.7376,3
3.0174,0,0,1154.8831,2404.6309,0,0.0,0.0,0.0,15,12,0.7863,0.0851,158,0.8926,0
5.6567,1,0,618.3199,3172.1872,0,0.0,0.0,0.0,11,8,0.8165,0.1381,59,0.9495,0
0.3405,0,0,19.0489,4.5659,1,0.0,0.0,0.0,306,303,0.8931,0.0841,39,0.3407,1
1.7645,0,0,325.2271,4143.9132,0,0.0,0.0,0.0,15,12,0.8066,0.134,189,0.7963,0
0.3886,0,0,183.1507,1.9343,2,0.0,0.0,0.0,269,443,0.9529,0.0464,25,0.1203,1
0.1719,0,0,4.8334,5.1845,1,0.0,0.0,0.0,327,274,0.8628,0.0008,10,0.1218,1
0.1387,0,5,1414.2656,2934.7043,0,0.0,0.0,0.0,12,15,0.9638,0.1273,142,0.8997,0
1.7378,0,0,749.9081,4554.958,0,0.0,0.0,0.0,14,10,0.947,0.1034,204,0.7021,0
0.5939,0,5,43.455,15.8691,2,0.0,0.0,0.0,174,2,0.1023,0.7863,1,0.0854,2
0.9431,1,2,53.2465,13.7963,2,0.0,0.0,0.0,209,13,0.0217,0.877,7,0.1427,2
0.2942,0,0,12.091,0.507,2,0.0,0.0,0.0,262,222,0.9736,0.0033,46,0.2145,1
0.8558,1,4,4.0263,14.1828,0,0.0,0.0,0.0,194,7,0.1616,0.9519,10,0.1696,2
3.5619,0,1,224.26,314.3734,1,0.0,2.0,2.0,139,122,0.8682,0.0229,57,0.8258,3
0.5823,0,4,0.7133,30.0877,2,0.0,0.0,0.0,283,9,0.0408,0.8217,1,0.1388,2
1.8675,0,2,344.676,459.4488,0,0.0,3.0,7.0,108,40,0.8294,0.0343,45,0.7123,3
2.5329,0,2,459.5197,304.8869,0,0.0,4.0,5.0,44,108,0.8137,0.0809,50,0.7644,3
16.9847,0,4,1052.8239,4073.4997,0,0.0,0.0,0.0,12,9,0.962,0.0334,99,0.8042,0
2.9124,0,1,362.1368,222.601,0,0.0,2.0,2.0,34,110,0.8375,0.0468,152,0.7923,3
2.4957,0,0,279.232,4649.7188,0,0.0,0.0,0.0,11,13,0.7612,0.1296,193,0.8667,0
5.1193,0,0,614.2859,4393.5952,0,0.0,0.0,0.0,18,10,0.9344,0.0918,244,0.8835,0
1.0277,0,1,45.5379,20.8181,2,0.0,0.0,0.0,102,10,0.0388,0.8977,14,0.0339,2
13.2905,0,0,687.9547,5529.8034,0,0.0,0.0,0.0,14,11,0.7838,0.0131,202,0.7071,0
0.6108,0,1,498.462,368.4539,1,0.0,1.0,2.0,40,120,0.9731,0.0166,110,0.9051,3
0.3915,1,4,50.3817,2.4867,1,0.0,0.0,0.0,177,8,0.1919,0.9307,1,0.0923,2
0.2306,0,1,32.4285,23.5912,0,0.0,0.0,0.0,265,7,0.0288,0.9459,23,0.0794,2
0.141,2,0,57.474,22.6648,1,0.0,0.0,0.0,133,4,0.2296,0.7919,4,0.1309,2
3.8548,1,0,665.0867,4227.4489,0,0.0,0.0,0.0,11,7,0.9457,0.0009,95,0.77,0
0.3938,1,3,15.1559,4.4849,2,0.0,0.0,0.0,423,359,0.8841,0.0379,29,0.2148,1
2.5313,0,0,1153.2592,2221.7406,0,0.0,0.0,0.0,22,3,0.8211,0.1307,79,0.8655,0
2.8117,0,1,498.2672,653.402,0,0.0,2.0,7.0,35,133,0.9862,0.0653,126,0.8056,3
1.8912,0,1,511.1016,258.2419,2,0.0,5.0,7.0,128,31,0.9583,0.013,188,0.8393,3
0.9943,0,0,59.552,28.615,1,0.0,0.0,0.0,112,5,0.0863,0.9317,8,0.0589,2
1.7556,0,0,700.3359,2137.7207,0,0.0,0.0,0.0,10,16,0.9288,0.0097,96,0.7346,0
0.3524,0,0,165.518,8.9835,1,0.0,0.0,0.0,281,495,0.9985,0.0858,16,0.1343,1
0.5976,1,1,48.1431,18.9925,1,0.0,0.0,0.0,148,11,0.1069,0.8055,21,0.1153,2
1.4561,0,2,313.5236,578.462,0,0.0,5.0,7.0,116,30,0.8786,0.0708,155,0.6669,3
0.6462,2,1,21.5814,16.3854,2,0.0,0.0,0.0,182,10,0.1297,0.9057,17,0.0897,2
0.8847,2,3,7.9487,25.0388,0,0.0,0.0,0.0,127,8,0.2141,0.7576,15,0.0629,2
0.2979,0,0,100.3764,7.0611,2,1.0,0.0,0.0,493,468,0.8862,0.0964,8,0.2622,1
11.8051,0,1,242.3041,5672.2417,0,0.0,0.0,0.0,14,18,0.7721,0.1374,126,0.9386,0
2.2441,0,0,276.5562,5207.2611,0,0.0,0.0,0.0,12,13,0.8095,0.0699,57,0.7211,0
10.8094,0,4,693.7437,4824.4682,0,0.0,0.0,0.0,8,6,0.9566,0.0928,227,0.7805,0
0.1833,0,0,372.0871,1.5849,2,0.0,0.0,0.0,346,284,0.9702,0.0456,24,0.1962,1
0.2825,0,3,25.4283,6.888,2,0.0,0.0,0.0,356,278,0.9672,0.0832,12,0.249,1
2.0983,0,1,157.8657,351.445,2,0.0,1.0,3.0,106,133,0.8252,0.0932,163,0.6823,3
4.9006,0,1,580.0551,423.2401,0,0.0,2.0,7.0,78,62,0.854,0.0988,119,0.8364,3
11.6144,0,0,958.8338,1760.6413,0,0.0,0.0,0.0,15,11,0.8069,0.101,172,0.8739,0
5.1477,0,1,150.2442,589.7892,0,0.0,2.0,6.0,94,106,0.8862,0.0828,90,0.789,3
4.609,0,1,462.8484,328.0131,0,0.0,5.0,4.0,72,27,0.9415,0.0104,199,0.9353,3
0.3845,1,0,222.1407,6.843,3,0.0,0.0,0.0,482,279,0.9231,0.0845,28,0.2449,1
16.6434,0,0,724.554,9044.3891,0,0.0,0.0,0.0,10,10,0.9306,0.0022,157,0.7799,0
0.8813,0,0,4.6004,26.6964,1,0.0,0.0,0.0,213,1,0.1245,0.9622,1,0.1884,2
15.7451,1,1,344.9455,3489.8513,0,0.0,0.0,0.0,14,11,0.9656,0.0781,225,0.8174,0
0.4061,0,0,111.4022,9.8594,1,0.0,0.0,0.0,344,270,0.9713,0.0692,35,0.1324,1
0.1104,1,2,60.4534,23.9544,2,0.0,0.0,0.0,295,6,0.1492,0.8006,14,0.1356,2
1.162,0,0,5.7194,5.2236,1,0.0,0.0,0.0,81,10,0.2076,0.9626,19,0.0704,2
0.0307,0,0,26.9573,2.198,2,0.0,0.0,0.0,281,332,0.913,0.0919,15,0.356,1
0.7402,1,2,33.9495,18.9969,2,0.0,0.0,0.0,258,9,0.2241,0.7945,19,0.1632,2
2.444,0,0,1338.5855,3030.349,0,0.0,0.0,0.0,16,6,0.9928,0.0399,250,0.8836,0
0.1696,0,2,31.954,20.9839,3,0.0,0.0,0.0,244,1,0.229,0.7675,9,0.1784,2
3.2365,1,1,439.4708,3003.1831,0,0.0,0.0,0.0,22,11,0.768,0.124,231,0.7688,0
0.1956,0,2,43.6513,30.7497,2,0.0,0.0,0.0,250,14,0.1995,0.9832,16,0.1719,2
1.8002,0,1,224.0971,340.228,1,0.0,3.0,4.0,91,46,0.9807,0.0325,71,0.621,3
0.1072,0,0,112.2486,7.1004,2,3.0,0.0,0.0,463,373,0.9439,0.0393,19,0.1369,1
0.605,0,3,22.4922,28.8547,1,0.0,0.0,0.0,139,4,0.0278,0.8094,8,0.1819,2
21.7166,0,0,413.5004,2177.7311,0,0.0,0.0,0.0,18,15,0.8531,0.1158,87,0.7123,0
0.3725,1,0,33.1151,2.201,1,0.0,0.0,0.0,293,8,0.0631,0.9082,24,0.0755,2
6.7497,0,0,728.0242,3676.3079,0,0.0,0.0,0.0,13,10,0.8639,0.1366,129,0.8173,0
6.2598,0,1,491.9207,4197.376,0,0.0,1.0,0.0,13,15,0.8515,0.0944,183,0.7942,0
0.1475,0,0,64.4056,4.2088,3,0.0,0.0,0.0,418,371,0.896,0.0404,33,0.1166,1
0.5148,0,0,51.984,2.5431,1,0.0,0.0,0.0,267,3,0.0436,0.9909,19,0.1388,2
6.0029,0,1,254.7449,488.2143,0,0.0,5.0,4.0,120,67,0.8429,0.0249,140,0.9486,3
0.4127,0,0,40.1764,6.9655,1,0.0,0.0,0.0,345,485,0.9011,0.0278,29,0.376,1
5.0833,0,1,571.4202,639.4773,0,0.0,5.0,5.0,48,128,0.9113,0.0039,142,0.7416,3
3.6935,1,0,878.3073,7534.7531,0,0.0,0.0,0.0,17,11,0.9304,0.0966,143,0.8224,0
0.0848,1,1,1.6711,13.8212,2,0.0,0.0,0.0,132,11,0.1895,0.7836,19,0.1837,2
0.2422,0,0,64.8775,6.4813,1,0.0,0.0,0.0,304,268,0.9756,0.0786,25,0.2481,1
7.294,0,1,567.9844,638.0518,1,0.0,1.0,7.0,88,70,0.8701,0.0214,107,0.9314,3
0.2712,0,0,36.6568,5.6947,2,0.0,0.0,0.0,447,414,0.9241,0.0863,43,0.1249,1
0.2341,0,0,18.7436,16.5934,2,0.0,0.0,0.0,128,14,0.1863,0.7581,14,0.041,2
0.1997,1,3,142.9433,1.077,1,0.0,0.0,0.0,500,352,0.9087,0.0797,42,0.1964,1
20.8441,0,0,810.7486,4030.7928,0,0.0,0.0,0.0,11,10,0.886,0.1185,182,0.7176,0
0.5091,0,5,2.6577,17.2161,3,0.0,0.0,0.0,154,6,0.2397,0.78,7,0.1204,2
8.3215,0,1,189.5445,612.7055,0,0.0,3.0,6.0,94,37,0.9537,0.0316,166,0.803,3
5.3947,0,0,636.1623,4468.1454,2,0.0,0.0,0.0,10,7,0.9597,0.0028,88,0.9859,0
0.0901,0,0,51.5106,0.9018,2,0.0,0.0,0.0,479,367,0.982,0.0602,41,0.1943,1
0.9089,1,2,33.434,28.2748,2,0.0,0.0,0.0,93,12,0.1418,0.8123,19,0.0555,2
0.4237,1,0,24.5936,0.5088,0,0.0,0.0,0.0,469,262,0.8749,0.0387,16,0.2085,1
6.0926,0,2,1158.3824,2100.393,0,0.0,0.0,0.0,10,14,0.9464,0.1141,76,0.7282,0
0.6811,1,3,8.1637,20.0896,1,0.0,0.0,0.0,200,8,0.0427,0.8984,9,0.1381,2
0.0394,0,5,9.0362,10.6503,1,0.0,0.0,0.0,211,1,0.0936,0.8419,16,0.1829,2
0.3114,1,2,35.4771,2.8812,3,0.0,0.0,0.0,297,5,0.1816,0.9297,19,0.0309,2
0.4381,0,1,316.6851,743.5165,0,0.0,4.0,7.0,30,119,0.9375,0.0004,124,0.9474,3
7.8563,0,0,1139.6768,964.1027,1,0.0,0.0,0.0,8,10,0.7551,0.0361,117,0.7451,0
17.9814,2,0,2511.2521,4436.8401,0,0.0,0.0,0.0,15,14,0.8238,0.0254,200,0.7533,0
0.8121,0,5,14.103,0.5532,2,0.0,0.0,0.0,289,11,0.125,0.8257,5,0.015,2
0.0597,0,0,76.5032,3.2385,1,0.0,0.0,0.0,329,447,0.9682,0.0009,37,0.1674,1
0.0688,0,2,41.2573,15.4446,2,0.0,0.0,0.0,196,2,0.0456,0.8554,6,0.1723,2
0.5429,1,0,60.196,4.561,0,0.0,0.0,0.0,209,7,0.0874,0.7999,14,0.1146,2
0.0437,0,5,13.4584,1.8679,1,0.0,0.0,0.0,337,508,0.9583,0.0845,10,0.3383,1
4.931,0,1,515.5218,224.0968,0,0.0,1.0,2.0,139,39,0.9762,0.0727,161,0.8992,3
18.0773,1,0,627.5287,8022.1808,0,0.0,0.0,0.0,14,12,0.8394,0.0284,159,0.7533,0
0.0546,2,3,192.4712,2.0676,1,1.0,0.0,0.0,289,364,0.9576,0.0668,19,0.2339,1
0.037,0,3,51.9796,8.4108,2,0.0,0.0,0.0,124,9,0.2216,0.9009,22,0.1476,2
4.1144,0,1,525.2059,632.7018,0,0.0,1.0,5.0,127,137,0.9414,0.0487,149,0.6912,3
0.4582,0,0,79.1686,5.5148,1,0.0,0.0,0.0,407,391,0.9944,0.0042,47,0.3917,1
22.9567,0,0,1401.2002,4893.7203,0,0.0,0.0,0.0,16,8,0.9122,0.0284,170,0.7684,0
0.0608,0,0,13.3801,4.0758,1,0.0,0.0,0.0,263,262,0.9218,0.0088,33,0.3919,1
2.2379,0,2,256.2638,610.15,0,0.0,3.0,5.0,148,46,0.8506,0.0476,100,0.8689,3
8.8679,2,0,1546.3667,2221.8374,0,0.0,0.0,0.0,16,8,0.8693,0.1021,108,0.8015,0
0.6045,0,2,295.8295,550.1808,0,0.0,4.0,2.0,66,127,0.8346,0.0084,170,0.8092,3
0.2929,0,0,162.1381,2.5943,1,0.0,0.0,0.0,503,502,0.9474,0.0473,29,0.2069,1
0.294,0,1,226.3346,753.7601,2,0.0,3.0,3.0,89,123,0.8859,0.0029,61,0.7901,3
0.172,0,0,41.8244,2.8464,1,3.0,0.0,0.0,327,426,0.8773,0.0176,44,0.2363,1
0.9989,0,2,40.1352,20.6848,0,0.0,0.0,0.0,263,6,0.1964,0.9486,19,0.1256,2
17.275,1,0,1366.4168,8560.7351,0,0.0,0.0,0.0,10,10,0.7879,0.0298,235,0.8778,0
0.3743,1,5,43.5097,1.796,1,1.0,0.0,0.0,358,446,0.8692,0.0319,21,0.3027,1
0.4424,1,1,27.6401,8.245,2,0.0,0.0,0.0,272,14,0.2353,0.8154,23,0.1245,2
0.2054,1,0,45.0375,9.2067,1,0.0,0.0,0.0,384,312,0.9667,0.0358,42,0.3307,1
2.0776,0,2,522.4253,670.0984,0,0.0,5.0,7.0,70,108,0.9731,0.0079,83,0.7153,3
0.8531,1,1,3.5393,7.4171,0,0.0,0.0,0.0,195,13,0.0778,0.9922,2,0.033,2
0.0146,1,4,26.2244,31.2577,2,0.0,0.0,0.0,250,14,0.1619,0.9865,9,0.0551,2
15.768,1,1,785.4588,1805.0289,0,0.0,0.0,0.0,12,8,0.9684,0.0433,112,0.8369,0
1.2836,0,1,423.9377,601.6897,0,0.0,1.0,5.0,112,27,0.8656,0.0961,194,0.8159,3
1.9517,0,2,217.3679,4803.25,0,0.0,0.0,0.0,13,9,0.8332,0.0849,52,0.7337,0
0.7451,1,0,58.2476,12.3188,2,0.0,0.0,0.0,111,8,0.0533,0.7686,24,0.1068,2
0.0848,0,0,18.1431,23.9027,2,0.0,0.0,0.0,152,13,0.0299,0.7752,16,0.0195,2
7.4157,0,1,313.0212,200.0843,0,0.0,3.0,6.0,127,43,0.9044,0.0255,57,0.758,3
0.2805,0,3,100.567,7.7511,2,0.0,0.0,0.0,360,379,0.9015,0.0643,23,0.1294,1
0.5478,0,1,45.5893,24.5924,0,0.0,0.0,0.0,116,6,0.0403,0.789,18,0.0576,2
0.5216,0,2,63.1504,2.2705,2,0.0,0.0,0.0,163,3,0.0587,0.8493,23,0.044,2
2.0917,0,2,431.789,265.3821,0,0.0,1.0,6.0,64,37,0.9942,0.0387,189,0.6139,3
0.1664,0,0,23.4613,4.3322,1,0.0,0.0,0.0,369,360,0.9757,0.061,13,0.3971,1
1.0034,1,2,51.647,21.0236,2,0.0,0.0,0.0,95,8,0.1297,0.8893,15,0.0718,2
33.953,1,2,660.2989,3591.0833,0,0.0,0.0,0.0,20,9,0.8352,0.0721,139,0.7169,0
5.1902,1,0,350.5381,5197.7057,0,0.0,0.0,0.0,16,13,0.7996,0.0934,51,0.8063,0
8.102,0,1,665.2645,2609.5592,0,0.0,0.0,0.0,16,9,0.8933,0.0342,235,0.7665,0
0.5704,0,3,18.4149,19.3064,2,0.0,0.0,0.0,281,4,0.0848,0.9278,19,0.098,2
0.7335,0,0,1562.4677,3887.5038,0,0.0,0.0,0.0,11,11,0.901,0.1156,60,0.978,0
1.5421,1,4,538.2543,1935.9974,1,0.0,0.0,0.0,11,10,0.9842,0.1152,187,0.7376,0
0.1327,0,5,158.568,0.1177,1,0.0,0.0,0.0,464,363,0.8599,0.0998,44,0.3643,1
27.0534,0,3,1323.666,2684.7769,0,0.0,0.0,0.0,14,10,0.7779,0.1174,242,0.7576,0
3.6084,0,2,359.7859,732.1364,0,0.0,5.0,5.0,99,64,0.8059,0.0205,175,0.6666,3
0.4074,0,0,19.5725,9.0478,1,0.0,0.0,0.0,292,204,0.9388,0.0859,6,0.3558,1
7.6105,0,0,480.4166,5426.123,0,0.0,0.0,0.0,18,8,0.7747,0.0082,152,0.9893,0
0.213,0,0,31.4117,0.8697,1,0.0,0.0,0.0,277,431,0.8847,0.0734,22,0.2417,1
9.536,0,0,266.3894,1574.4701,0,0.0,0.0,0.0,11,12,0.9902,0.0945,110,0.7387,0
0.4337,0,1,0.7079,14.896,2,0.0,0.0,0.0,141,12,0.0986,0.7979,15,0.1006,2
16.1504,1,0,649.7259,3852.1919,2,0.0,0.0,0.0,15,10,0.7733,0.1327,232,0.7742,0
0.1509,0,3,60.6995,2.9414,2,0.0,0.0,0.0,318,468,0.8527,0.0111,20,0.3404,1
13.4257,0,1,506.9832,633.7925,0,0.0,1.0,4.0,127,76,0.9341,0.0856,189,0.7073,3
6.6724,0,5,654.2152,2216.1271,0,0.0,0.0,0.0,9,14,0.9053,0.0478,145,0.9201,0
0.8279,0,4,8.691,8.6069,1,0.0,0.0,0.0,143,8,0.1275,0.9047,4,0.0545,2
0.6867,0,2,33.5391,29.5577,3,0.0,0.0,0.0,221,7,0.1557,0.7821,20,0.1042,2
0.3523,0,5,35.6385,3.7021,1,0.0,0.0,0.0,416,509,0.9835,0.0451,32,0.2438,1
0.4208,0,0,29.408,7.6476,1,0.0,0.0,0.0,383,309,0.9134,0.0475,41,0.1458,1
0.4695,0,3,7.7092,9.8578,2,0.0,0.0,0.0,281,203,0.8726,0.0321,2,0.2835,1
6.2825,0,2,511.6711,455.2352,1,0.0,5.0,2.0,100,26,0.8577,0.0815,129,0.8598,3
0.0255,0,0,34.1093,0.3323,1,0.0,0.0,0.0,486,403,0.8952,0.0659,3,0.2666,1
2.7636,0,1,407.129,376.1454,1,0.0,3.0,4.0,106,39,0.9723,0.0202,96,0.8934,3
0.3892,0,5,101.1022,3.1816,2,0.0,0.0,0.0,335,246,0.9155,0.015,30,0.262,1
0.4384,0,1,236.913,747.2045,1,0.0,1.0,2.0,99,28,0.9245,0.038,194,0.6459,3
0.6708,0,0,560.9755,2207.2424,0,0.0,0.0,0.0,13,15,0.9608,0.0212,171,0.9598,0
7.3883,0,1,477.2466,250.0737,0,0.0,1.0,7.0,104,85,0.8929,0.0414,69,0.9238,3
0.1357,0,5,44.4117,1.9154,1,1.0,0.0,0.0,358,349,0.8605,0.0429,49,0.2757,1
11.3299,0,3,977.703,4474.7869,1,0.0,0.0,0.0,22,7,0.9539,0.0291,112,0.8033,0
3.2042,2,3,1585.7426,4658.4654,0,0.0,0.0,0.0,15,15,0.8745,0.0268,183,0.7149,0
0.7674,1,4,2.4815,2.3337,2,0.0,0.0,0.0,200,12,0.1653,0.9795,22,0.0772,2
1.0753,0,2,18.3929,0.1048,1,0.0,0.0,0.0,258,5,0.0266,0.8354,12,0.1335,2
0.0135,0,0,62.2069,1.805,1,0.0,0.0,0.0,509,319,0.9431,0.0476,20,0.3308,1
1.0871,1,2,35.6297,0.2009,2,0.0,0.0,0.0,185,5,0.0531,0.8635,5,0.1107,2
0.0826,2,3,29.6265,9.6957,2,0.0,0.0,0.0,499,403,0.8886,0.0288,3,0.1609,1
0.9254,0,1,39.2532,13.4388,2,0.0,0.0,0.0,216,12,0.0982,0.7567,19,0.1813,2
25.9714,0,2,602.3387,4265.4241,0,0.0,0.0,0.0,21,11,0.9968,0.0811,113,0.8677,0
11.1514,0,1,318.5395,608.5793,1,0.0,2.0,5.0,133,88,0.9343,0.0342,59,0.8035,3
2.6626,0,0,1454.0526,3772.0348,0,0.0,0.0,0.0,18,5,0.8223,0.1047,73,0.7633,0
0.6467,0,1,63.6947,22.4364,1,0.0,0.0,0.0,168,14,0.1613,0.996,1,0.0915,2
0.5817,0,0,1385.6385,2157.6547,1,0.0,0.0,0.0,10,18,0.9973,0.0391,188,0.7427,0
0.0966,1,0,118.3224,4.4864,3,0.0,0.0,0.0,443,425,0.8642,0.0145,1,0.2539,1
0.8858,0,0,39.7321,19.907,2,0.0,0.0,0.0,242,13,0.1616,0.8703,17,0.1692,2
0.9018,1,5,21.5201,26.6225,1,0.0,0.0,0.0,290,13,0.2442,0.9716,4,0.1086,2
0.0207,0,1,23.4668,2.5591,1,0.0,0.0,0.0,241,6,0.1466,0.9793,20,0.1094,2
0.4589,0,0,65.4012,2.8465,1,1.0,0.0,0.0,466,221,0.9018,0.0945,15,0.2904,1
0.1596,0,0,113.8721,8.4023,2,0.0,0.0,0.0,414,472,0.9874,0.0995,42,0.2303,1
0.4126,1,0,18.0074,20.1537,2,0.0,0.0,0.0,230,11,0.0596,0.8697,10,0.1971,2
7.7971,0,1,587.9776,277.1182,0,0.0,1.0,2.0,111,112,0.9686,0.0881,73,0.9409,3
7.2924,0,0,563.9562,3817.3823,0,0.0,0.0,0.0,16,15,0.8799,0.1271,182,0.7388,0
6.2532,0,2,176.7616,453.9602,1,0.0,4.0,6.0,96,45,0.9836,0.0339,169,0.6453,3
2.2823,0,0,1217.8577,380.6237,0,0.0,0.0,0.0,13,19,0.9162,0.056,100,0.7505,0
0.4764,1,4,11.1876,29.2825,2,0.0,0.0,0.0,166,6,0.1627,0.9699,9,0.1576,2
0.3459,0,0,58.0124,31.5165,1,0.0,0.0,0.0,291,10,0.0457,0.9781,16,0.166,2
50.3701,0,0,460.213,4840.4296,0,0.0,0.0,0.0,17,13,0.9338,0.0112,157,0.9419,0
8.3787,0,1,1658.7058,2004.3068,0,0.0,0.0,0.0,11,9,0.9573,0.1408,245,0.9437,0
6.8255,0,1,554.9504,391.2294,0,0.0,1.0,3.0,91,83,0.8802,0.0235,52,0.8678,3
0.204,0,0,22.3551,1.4233,1,0.0,0.0,0.0,316,458,0.9354,0.0253,15,0.2886,1
5.6164,0,0,1230.9551,6582.8601,0,0.0,0.0,0.0,16,9,0.7739,0.1001,246,0.9566,0
12.3108,1,0,200.2308,6078.1499,0,0.0,0.0,0.0,17,17,0.8962,0.0281,253,0.7263,0
0.6353,1,5,61.5098,25.661,0,0.0,0.0,0.0,196,7,0.0455,0.8666,16,0.102,2
5.3568,0,1,463.4125,350.8178,0,0.0,2.0,2.0,139,87,0.9494,0.0281,172,0.9133,3
0.1258,0,0,49.7244,5.9444,2,0.0,0.0,0.0,261,411,0.9942,0.0422,29,0.1965,1
0.9512,0,1,180.1099,668.7131,0,0.0,2.0,3.0,58,110,0.8416,0.0721,138,0.9135,3
4.1115,0,2,577.355,656.906,0,0.0,3.0,6.0,49,125,0.9414,0.0042,117,0.6997,3
0.3716,1,1,30.1175,30.7265,2,0.0,0.0,0.0,260,8,0.2033,0.7975,22,0.1587,2
0.3889,2,3,19.4653,5.871,1,0.0,0.0,0.0,256,296,0.891,0.0319,14,0.2706,1
0.0941,0,0,57.8376,23.4854,1,0.0,0.0,0.0,210,14,0.196,0.9065,1,0.1076,2
4.4752,0,4,398.0359,5618.436,0,0.0,0.0,0.0,8,13,0.8294,0.1384,221,0.9184,0
2.1848,0,1,234.2893,718.666,0,0.0,1.0,5.0,144,90,0.8684,0.0361,172,0.837,3
6.7244,0,3,535.2847,7794.3933,0,0.0,0.0,0.0,12,13,0.7968,0.0969,67,0.9551,0
0.656,0,2,235.1285,219.8501,0,0.0,2.0,5.0,109,55,0.9039,0.074,141,0.6746,3
0.4246,0,0,256.653,3.4049,1,0.0,0.0,0.0,417,337,0.9394,0.023,41,0.2591,1
1.2476,1,1,953.227,2838.2886,0,0.0,0.0,0.0,11,9,0.7857,0.0354,81,0.8063,0
36.2579,0,0,1335.6867,4382.1483,0,0.0,0.0,0.0,8,14,0.783,0.1458,120,0.9962,0
1.0872,0,1,473.8461,204.4761,1,0.0,3.0,6.0,76,85,0.8351,0.0365,118,0.7953,3
0.7828,0,3,2.2471,28.6322,1,0.0,0.0,0.0,102,14,0.2386,0.9635,14,0.0582,2
5.5886,0,1,549.0902,423.6488,2,0.0,4.0,6.0,52,82,0.9194,0.085,177,0.8044,3
0.1658,0,3,46.923,8.4902,1,0.0,0.0,0.0,110,11,0.1618,0.7924,17,0.0387,2
4.6288,0,1,821.8983,3726.1934,0,0.0,0.0,0.0,12,9,0.7557,0.0455,233,0.9131,0
0.8435,0,1,17.6255,14.2321,1,0.0,0.0,0.0,249,2,0.1206,0.7641,23,0.1831,2
0.0219,0,0,44.5654,9.3545,1,0.0,0.0,0.0,373,459,0.9321,0.0097,19,0.2503,1
3.2668,0,0,530.9907,1893.9995,0,0.0,0.0,0.0,21,11,0.857,0.0258,133,0.8621,0
1.0018,0,2,574.3446,620.2952,0,0.0,2.0,3.0,92,108,0.9946,0.069,161,0.6812,3
0.4574,0,0,15.5921,2.5425,0,0.0,0.0,0.0,376,250,0.8831,0.0927,18,0.1231,1
13.6822,0,0,411.2092,4408.3212,0,0.0,0.0,0.0,13,14,0.8095,0.0281,149,0.8456,0
1.2439,0,2,501.639,301.2888,0,0.0,1.0,3.0,122,82,0.8097,0.0004,44,0.7378,3
4.7846,1,0,309.733,5749.4425,0,0.0,0.0,0.0,12,12,0.7629,0.0816,60,0.8468,0
1.6838,0,1,355.5812,308.1972,0,0.0,5.0,3.0,80,129,0.8574,0.0429,141,0.9222,3
0.9106,0,3,1.9173,20.8084,1,0.0,0.0,0.0,231,12,0.0439,0.8181,24,0.1863,2
1.1021,1,0,123.5307,4226.7587,0,0.0,0.0,0.0,8,8,0.9573,0.1086,96,0.748,0
8.2148,0,1,319.2418,561.9324,0,0.0,5.0,2.0,43,113,0.8325,0.0838,155,0.8143,3
0.3832,0,0,180.0102,7.2849,1,0.0,0.0,0.0,311,433,0.8752,0.0465,27,0.3654,1
1.0885,0,2,20.6991,11.3261,2,0.0,0.0,0.0,252,3,0.1163,0.9037,20,0.1435,2
1.1368,0,1,193.832,681.0767,2,0.0,2.0,3.0,121,59,0.8875,0.0246,115,0.8663,3
1.1371,2,2,17.7952,22.1013,2,0.0,0.0,0.0,160,7,0.04,0.9376,14,0.0713,2
2.7131,0,1,490.6501,766.4014,0,0.0,1.0,3.0,61,79,0.833,0.0715,110,0.8047,3
19.7164,0,3,553.3213,2839.6711,0,0.0,0.0,0.0,12,10,0.9871,0.0774,68,0.8815,0
2.3614,0,1,377.4858,719.6793,0,0.0,4.0,3.0,35,128,0.8265,0.0924,89,0.9024,3
3.8866,0,2,508.0366,717.5632,0,0.0,5.0,3.0,121,113,0.8791,0.0113,53,0.7494,3
0.1224,0,0,61.4813,6.1638,1,0.0,0.0,0.0,277,261,0.9866,0.0354,13,0.3495,1
31.2745,0,5,632.428,3855.325,0,0.0,0.0,0.0,11,10,0.8371,0.1171,181,0.7715,0
0.0482,0,0,27.7855,2.5488,1,0.0,0.0,0.0,508,348,0.9641,0.0675,37,0.2584,1
0.1123,0,1,56.7033,0.847,1,0.0,0.0,0.0,152,3,0.1738,0.9517,1,0.1233,2
16.5472,0,5,433.3776,6294.4117,0,0.0,0.0,0.0,12,11,0.7973,0.0953,166,0.8488,0
12.4456,1,0,1390.4643,2618.417,0,0.0,0.0,0.0,15,9,0.9782,0.0667,199,0.8162,0
0.4146,0,4,45.1992,24.9057,2,0.0,0.0,0.0,254,1,0.039,0.7835,15,0.1668,2
30.7896,0,2,561.0482,1689.9623,0,0.0,0.0,0.0,14,9,0.7689,0.0525,213,0.7668,0
1.1717,1,3,22.8588,28.7831,2,0.0,0.0,0.0,232,3,0.0934,0.7781,17,0.0135,2
0.3164,0,0,399.7006,3708.2078,0,0.0,0.0,0.0,11,7,0.8563,0.0101,154,0.834,0
4.123,0,4,2861.9831,2238.2055,0,0.0,0.0,0.0,16,13,0.8685,0.0266,147,0.8469,0
3.6757,1,3,677.5275,7940.1026,0,0.0,0.0,0.0,15,11,0.9759,0.0421,163,0.9657,0
0.0982,0,5,11.3354,25.6691,2,0.0,0.0,0.0,117,14,0.1484,0.7851,7,0.0965,2
0.4287,0,5,34.0131,8.6063,1,0.0,0.0,0.0,456,406,0.8683,0.0062,19,0.3707,1
0.0837,0,0,123.8814,7.3362,2,0.0,0.0,0.0,434,472,0.9759,0.0472,36,0.3272,1
0.4214,0,5,54.6396,14.1139,2,0.0,0.0,0.0,223,7,0.1949,0.9221,16,0.1417,2
0.1856,2,0,33.3489,26.6126,2,0.0,0.0,0.0,125,1,0.1302,0.9352,18,0.074,2
0.4382,0,3,16.3189,2.7072,1,3.0,0.0,0.0,279,369,0.9387,0.0786,40,0.3546,1
0.3408,0,3,47.1146,4.5523,2,0.0,0.0,0.0,298,9,0.0288,0.8607,8,0.0408,2
0.6973,1,0,41.2353,8.0933,0,0.0,0.0,0.0,240,5,0.2156,0.8977,3,0.1084,2
0.1052,0,3,77.713,2.7077,0,1.0,0.0,0.0,353,490,0.9192,0.0268,11,0.302,1
15.9113,0,0,178.4506,2131.2698,0,0.0,0.0,0.0,16,9,0.8494,0.0716,66,0.7038,0
0.1282,0,5,14.0838,23.9195,2,0.0,0.0,0.0,94,8,0.0867,0.8759,23,0.1905,2
11.6115,0,1,328.689,541.3449,0,0.0,3.0,4.0,109,69,0.813,0.0516,58,0.7515,3
6.2998,2,1,679.9191,3295.6162,0,0.0,0.0,0.0,11,16,0.9675,0.0332,176,0.8759,0
3.0719,0,2,349.2176,691.7116,1,0.0,2.0,2.0,134,112,0.9064,0.0288,142,0.9284,3
5.5772,0,5,499.8411,3697.4638,0,0.0,1.0,0.0,18,16,0.9244,0.0357,180,0.7755,0
0.5544,1,0,9.2798,28.0343,1,0.0,0.0,0.0,187,4,0.1174,0.899,4,0.1815,2
18.2614,1,0,1559.4808,3129.5559,0,0.0,0.0,0.0,10,9,0.9277,0.1025,79,0.7899,0
1.5243,0,0,512.875,2666.7749,0,0.0,0.0,0.0,6,13,0.8466,0.0809,148,0.9774,0
9.3391,0,1,572.5538,695.8953,0,0.0,2.0,7.0,143,29,0.9898,0.035,58,0.7732,3
0.4486,0,1,357.9296,462.7535,0,0.0,5.0,5.0,42,89,0.9289,0.0481,138,0.7807,3
16.1935,1,0,131.5256,7046.7804,0,0.0,0.0,0.0,10,10,0.9882,0.1379,139,0.9622,0
2.1225,0,2,450.6144,277.8021,0,0.0,4.0,2.0,111,125,0.9962,0.0152,155,0.6119,3
5.8908,0,2,485.832,755.9488,0,0.0,1.0,3.0,129,40,0.9021,0.0764,43,0.644,3
16.4873,0,1,153.6033,337.1578,0,0.0,4.0,4.0,92,108,0.9752,0.0673,41,0.7433,3
0.9353,1,3,41.5787,5.2593,1,0.0,0.0,0.0,225,3,0.1184,0.926,23,0.0204,2
0.6228,0,1,350.9715,699.7343,0,0.0,1.0,4.0,94,125,0.9804,0.0666,45,0.6772,3
0.3737,0,0,71.4113,6.3397,3,0.0,0.0,0.0,355,342,0.9867,0.0179,5,0.1995,1
17.7838,0,0,1599.7617,8172.2439,2,0.0,0.0,0.0,12,13,0.925,0.0864,71,0.7969,0
8.6887,0,1,584.1092,329.6316,0,0.0,5.0,6.0,100,118,0.9051,0.0923,92,0.8332,3
0.4842,1,0,54.0729,3.0465,3,0.0,0.0,0.0,318,369,0.9751,0.0553,7,0.2633,1
5.3265,0,2,269.8006,414.2403,1,0.0,5.0,7.0,56,42,0.961,0.0153,78,0.8561,3
11.0961,0,4,277.542,1906.3679,0,0.0,0.0,0.0,12,12,0.8458,0.1067,196,0.7636,0
3.8171,0,1,214.904,586.7761,0,0.0,1.0,4.0,52,36,0.9397,0.0942,194,0.845,3
5.4459,0,3,1002.459,4315.4692,0,0.0,0.0,0.0,17,10,0.7824,0.059,106,0.7048,0
6.8804,1,0,1097.6769,2686.0795,0,0.0,0.0,0.0,9,6,0.8287,0.1029,94,0.849,0
0.0657,0,0,49.6369,0.6468,1,0.0,0.0,0.0,257,414,0.9052,0.0725,44,0.1958,1
0.4021,0,0,90.6775,9.774,1,0.0,0.0,0.0,455,207,0.859,0.0484,34,0.2382,1
0.2132,0,0,160.2278,8.0048,2,0.0,0.0,0.0,454,216,0.9274,0.0542,19,0.1047,1
0.9154,2,4,58.9331,17.6239,2,0.0,0.0,0.0,276,14,0.1901,0.7821,3,0.1753,2
0.0075,0,0,15.5243,0.8633,2,0.0,0.0,0.0,483,277,0.9792,0.0149,6,0.2077,1
2.0771,1,3,653.3182,5209.116,0,0.0,0.0,0.0,16,13,0.7549,0.0911,193,0.9112,0
1.1783,1,1,3.1477,16.7266,1,0.0,0.0,0.0,299,4,0.0485,0.9229,21,0.0448,2
4.6817,0,1,487.7424,656.7467,2,0.0,1.0,2.0,112,26,0.8935,0.0185,155,0.6436,3
0.4942,0,3,22.8342,8.3863,2,0.0,0.0,0.0,207,6,0.1275,0.762,21,0.0783,2
8.8723,0,2,433.4152,277.9579,1,0.0,3.0,4.0,99,74,0.9555,0.0752,164,0.7781,3
0.4193,1,0,13.974,3.5383,2,0.0,0.0,0.0,450,420,0.9648,0.0896,30,0.3883,1
1.2993,0,1,555.4558,730.3894,0,0.0,1.0,4.0,127,70,0.9332,0.0366,187,0.8851,3
0.2249,0,1,48.2504,12.2407,1,0.0,0.0,0.0,141,12,0.1862,0.9508,6,0.1755,2
2.3955,0,2,326.3802,2219.7299,0,0.0,0.0,0.0,11,16,0.8838,0.1286,217,0.9284,0
1.1229,0,1,408.2651,743.7767,0,0.0,5.0,6.0,49,30,0.9465,0.0879,86,0.8929,3
0.2146,0,5,27.467,2.3119,2,0.0,0.0,0.0,132,11,0.1345,0.9658,16,0.1226,2
0.4208,1,0,35.2944,3.9119,1,0.0,0.0,0.0,410,282,0.9888,0.0003,33,0.239,1
6.1871,0,5,2491.8888,636.5839,0,0.0,0.0,0.0,15,14,0.9109,0.0908,129,0.8153,0
0.2982,0,0,82.6216,5.274,2,0.0,0.0,0.0,325,201,0.9079,0.0724,46,0.1941,1
0.7746,0,3,27.8082,30.1508,2,0.0,0.0,0.0,208,10,0.1581,0.9388,5,0.053,2
0.4961,0,3,5.3408,7.4332,1,0.0,0.0,0.0,461,324,0.8542,0.0464,14,0.1041,1
0.0677,0,0,85.0219,6.9939,2,0.0,0.0,0.0,405,247,0.8561,0.0424,43,0.2062,1
0.3329,2,2,62.2012,1.2371,2,0.0,0.0,0.0,190,3,0.0848,0.9754,16,0.0575,2
2.2525,0,1,462.4729,625.9821,0,0.0,1.0,7.0,38,28,0.8627,0.0845,198,0.6794,3
0.2801,1,5,108.3824,5.1826,1,1.0,0.0,0.0,253,486,0.9608,0.0285,16,0.3747,1
0.8592,1,5,24.9413,6.7405,2,0.0,0.0,0.0,135,7,0.2405,0.8885,5,0.09,2
0.8384,0,1,287.7184,415.4621,0,0.0,1.0,6.0,130,34,0.8938,0.0994,112,0.9175,3
0.2614,0,2,16.6612,2.1097,2,0.0,0.0,0.0,271,3,0.0846,0.8965,12,0.1738,2
0.8805,0,5,62.6602,10.3926,1,0.0,0.0,0.0,289,3,0.1215,0.9638,7,0.1995,2
0.4569,0,3,73.7483,3.3897,1,0.0,0.0,0.0,400,404,0.8907,0.0382,11,0.1142,1
0.2462,0,0,27.9997,8.585,1,0.0,0.0,0.0,296,11,0.1529,0.912,3,0.0882,2
12.728,0,2,704.5657,3369.6641,0,0.0,1.0,0.0,13,12,0.7842,0.0292,177,0.7708,0
0.172,0,1,2.558,4.0244,2,0.0,0.0,0.0,289,5,0.1489,0.9015,1,0.1508,2
0.4069,0,0,31.3408,13.7068,2,0.0,0.0,0.0,139,1,0.1384,0.8497,1,0.1446,2
1.1603,0,1,250.8822,725.2915,0,0.0,5.0,3.0,94,112,0.9287,0.0761,141,0.9187,3
0.7599,0,1,48.6892,6.0359,2,0.0,0.0,0.0,155,6,0.1457,0.9312,15,0.193,2
0.9588,0,3,2.2917,15.8621,1,0.0,0.0,0.0,255,2,0.2152,0.7742,18,0.0679,2
0.2528,0,0,2.3398,8.0376,1,0.0,0.0,0.0,480,351,0.8608,0.095,24,0.3484,1
7.5116,0,4,443.4956,7011.6538,0,0.0,0.0,0.0,15,6,0.9658,0.0016,107,0.7192,0
0.1128,0,3,44.0942,1.2251,1,1.0,0.0,0.0,506,296,0.9344,0.0481,16,0.361,1
0.4879,2,3,45.81,18.152,0,0.0,0.0,0.0,143,4,0.1613,0.8349,23,0.1164,2
24.6524,1,3,616.0514,2280.4965,0,0.0,0.0,0.0,10,16,0.9513,0.0896,207,0.7108,0
1.1714,2,1,0.5619,4.1412,1,0.0,0.0,0.0,234,7,0.1189,0.8253,10,0.189,2
0.1529,0,0,28.4257,5.3238,2,3.0,0.0,0.0,470,498,0.9287,0.0304,42,0.1033,1
0.4811,0,3,105.1491,9.2521,1,1.0,0.0,0.0,485,226,0.9617,0.0898,18,0.2539,1
0.5385,0,1,46.0459,12.6509,1,0.0,0.0,0.0,160,1,0.2077,0.798,19,0.1449,2
4.4087,0,1,506.0678,392.875,0,0.0,4.0,2.0,115,25,0.8949,0.0943,179,0.8934,3
0.3321,0,0,271.1439,4.6993,1,0.0,0.0,0.0,311,400,0.8503,0.0418,47,0.1837,1
0.2489,0,0,132.2516,7.3973,1,0.0,0.0,0.0,503,225,0.9642,0.0417,41,0.2072,1
0.1571,0,5,42.5882,5.2785,2,1.0,0.0,0.0,318,503,0.9333,0.0972,4,0.2874,1
4.1331,0,1,412.1976,690.9486,0,0.0,3.0,2.0,108,97,0.9197,0.0287,58,0.6537,3
0.4687,2,3,115.6727,2.2812,0,0.0,0.0,0.0,466,399,0.8826,0.0653,34,0.292,1
5.8487,0,1,169.9961,318.5729,0,0.0,1.0,2.0,94,55,0.8198,0.0495,112,0.9367,3
1.3468,0,1,267.0287,623.6451,0,0.0,1.0,2.0,58,85,0.9074,0.041,67,0.7125,3
8.4797,0,2,159.9755,400.7822,2,0.0,3.0,7.0,141,63,0.873,0.053,78,0.869,3
0.1021,0,1,18.6337,27.4731,3,0.0,0.0,0.0,135,10,0.1242,0.8355,15,0.0477,2
12.1418,0,2,2483.1929,2243.6743,0,0.0,0.0,0.0,14,14,0.8768,0.0135,233,0.7328,0
0.32,0,1,48.8591,4.4908,1,0.0,0.0,0.0,270,11,0.2119,0.8882,19,0.1392,2
0.4352,0,0,111.9093,8.509,2,0.0,0.0,0.0,483,314,0.8653,0.0824,5,0.1995,1
12.1067,0,1,358.4945,694.1672,0,0.0,2.0,4.0,109,98,0.9781,0.0736,188,0.7032,3
0.2616,0,5,18.1172,9.9005,1,0.0,0.0,0.0,440,493,0.973,0.0169,12,0.331,1
2.2327,0,1,411.5555,270.6247,0,0.0,3.0,3.0,31,84,0.8898,0.093,179,0.9074,3
0.3886,2,2,26.8405,21.5923,1,0.0,0.0,0.0,251,1,0.2173,0.9586,11,0.0112,2
0.4164,0,1,504.1371,725.6238,0,0.0,1.0,4.0,55,83,0.8672,0.0536,80,0.623,3
4.8658,0,1,326.8918,572.0357,1,0.0,3.0,6.0,77,74,0.8818,0.0685,192,0.747,3
0.1472,0,0,23.0418,5.8258,2,0.0,0.0,0.0,259,331,0.9792,0.0669,6,0.1958,1
2.8047,0,1,450.9674,396.9588,0,0.0,5.0,4.0,51,61,0.8106,0.078,96,0.824,3
0.5719,0,1,344.9134,360.0069,0,0.0,1.0,2.0,49,63,0.8806,0.0793,187,0.7713,3
0.4366,1,1,27.9962,27.5675,2,0.0,0.0,0.0,123,9,0.2313,0.9546,11,0.1356,2
6.2,1,1,1076.4985,5897.9981,0,0.0,0.0,0.0,9,12,0.7808,0.0515,176,0.7468,0
0.2019,0,3,21.7895,3.6651,1,0.0,0.0,0.0,435,488,0.9105,0.0046,37,0.2498,1
0.7567,0,0,0.138,19.2985,2,0.0,0.0,0.0,145,7,0.1329,0.9459,17,0.1929,2
0.0142,0,3,30.2252,4.7118,1,0.0,0.0,0.0,314,283,0.8928,0.0296,39,0.136,1
1.7645,0,2,440.903,465.3078,0,0.0,4.0,2.0,64,108,0.9014,0.0211,83,0.7824,3
0.0251,0,0,59.669,5.314,2,0.0,0.0,0.0,271,218,0.917,0.0598,17,0.1633,1
4.4891,0,1,246.0769,570.8691,2,0.0,4.0,3.0,110,132,0.9696,0.0929,176,0.8388,3
6.9463,0,1,193.6566,755.7056,0,0.0,2.0,2.0,38,99,0.9055,0.0093,175,0.9096,3
0.3555,1,3,33.1359,3.0768,0,0.0,0.0,0.0,250,8,0.2328,0.9203,11,0.177,2
1.6285,1,3,254.4504,1304.2448,0,0.0,0.0,0.0,12,7,0.8734,0.1148,93,0.7944,0
0.2067,0,5,43.3831,7.4137,1,0.0,0.0,0.0,258,271,0.8749,0.0852,3,0.1474,1
0.2657,0,1,20.6267,26.293,2,0.0,0.0,0.0,220,3,0.1933,0.8819,11,0.1445,2
1.0687,0,4,53.7918,6.9621,1,0.0,0.0,0.0,275,9,0.0106,0.8435,1,0.0392,2
0.4903,0,0,86.6278,4.4663,1,0.0,0.0,0.0,470,257,0.865,0.084,16,0.3335,1
0.2239,0,0,134.3373,0.4365,1,0.0,0.0,0.0,253,429,0.8776,0.0901,18,0.3514,1
0.865,1,0,45.5944,5.1429,1,0.0,0.0,0.0,186,2,0.2286,0.8827,20,0.1821,2
5.6144,0,1,344.3877,330.7804,0,0.0,5.0,7.0,60,73,0.9062,0.077,175,0.9007,3
0.0783,1,0,22.2569,26.7314,1,0.0,0.0,0.0,173,7,0.1448,0.9457,23,0.0345,2
13.7834,0,1,571.6677,205.8255,1,0.0,5.0,4.0,140,37,0.9943,0.0294,49,0.716,3
27.7333,0,3,1289.1466,4534.6771,0,0.0,0.0,0.0,13,13,0.8952,0.1452,168,0.7967,0
2.3968,0,1,271.7144,726.3645,0,0.0,2.0,2.0,143,74,0.9905,0.0257,51,0.7153,3
0.5315,0,0,8.7764,23.6317,1,0.0,0.0,0.0,238,5,0.0532,0.9048,5,0.1849,2
0.827,1,3,18.0924,10.8023,2,0.0,0.0,0.0,159,6,0.2389,0.8175,20,0.0655,2
1.4192,0,0,210.8888,2625.8847,0,0.0,0.0,0.0,9,10,0.8173,0.0689,254,0.7209,0
0.8774,0,1,524.901,332.6475,0,0.0,2.0,3.0,32,107,0.928,0.068,149,0.7743,3
0.303,0,3,30.947,29.6363,1,0.0,0.0,0.0,273,10,0.1819,0.8446,8,0.0881,2
4.6713,0,2,166.3812,484.9566,0,0.0,2.0,5.0,137,116,0.9823,0.041,45,0.8364,3
0.0239,0,1,56.9805,13.0835,2,0.0,0.0,0.0,112,2,0.1025,0.9975,22,0.048,2
0.3874,0,1,543.8461,365.1435,0,0.0,3.0,4.0,90,42,0.9958,0.0421,54,0.7576,3
6.0951,0,1,585.7828,517.8949,2,0.0,2.0,2.0,81,51,0.9984,0.0623,66,0.9232,3
1.0648,0,0,50.4645,7.6806,1,0.0,0.0,0.0,207,9,0.1601,0.8078,21,0.0732,2
0.8908,0,0,41.4514,1.7,2,0.0,0.0,0.0,88,5,0.0244,0.952,18,0.1398,2
0.1158,1,0,63.992,5.4989,1,0.0,0.0,0.0,206,4,0.1604,0.8773,3,0.0409,2
0.1278,0,3,17.1679,13.0806,1,0.0,0.0,0.0,297,11,0.1086,0.7536,9,0.0539,2
3.1647,0,1,293.5763,647.6736,0,0.0,4.0,7.0,36,107,0.8219,0.0036,112,0.9009,3
0.069,0,4,62.5805,23.2099,0,0.0,0.0,0.0,174,5,0.1975,0.8341,15,0.0287,2
0.0671,0,3,15.8751,3.1969,1,0.0,0.0,0.0,308,361,0.9716,0.041,21,0.3713,1
0.6534,0,0,61.934,17.3297,1,0.0,0.0,0.0,177,10,0.1447,0.8802,6,0.0962,2
1.3355,0,2,204.2138,577.7124,0,0.0,5.0,5.0,114,45,0.9061,0.0052,60,0.9245,3
0.0023,0,3,45.1259,9.4812,1,0.0,0.0,0.0,416,507,0.8892,0.092,19,0.3836,1
0.2333,0,0,61.125,10.0334,1,0.0,0.0,0.0,258,3,0.0698,0.9619,23,0.0329,2
1.4946,0,1,479.94,462.5193,0,0.0,3.0,5.0,86,100,0.9488,0.0892,51,0.747,3
0.1267,0,0,136.9084,3.8829,1,0.0,0.0,0.0,313,464,0.8602,0.0197,31,0.1437,1
0.3261,0,0,150.7172,8.6569,2,0.0,0.0,0.0,310,227,0.893,0.0395,36,0.3501,1
0.3741,1,2,9.0947,12.2458,1,0.0,0.0,0.0,219,3,0.0365,0.9177,15,0.1176,2
2.0788,0,0,311.9479,2273.2502,1,0.0,0.0,0.0,9,10,0.8072,0.0019,117,0.915,0
0.9775,1,4,37.5625,16.1903,2,0.0,0.0,0.0,133,13,0.2073,0.9701,13,0.041,2
0.0561,0,5,8.1719,2.3575,3,0.0,0.0,0.0,230,14,0.101,0.9458,10,0.1465,2
14.0726,0,2,563.0746,1272.0802,0,0.0,0.0,0.0,12,17,0.8339,0.0818,156,0.8077,0
1.0132,0,3,15.3576,10.7722,0,0.0,0.0,0.0,210,2,0.2029,0.8765,24,0.0765,2
1.7815,0,2,439.0908,452.5167,0,0.0,4.0,4.0,99,136,0.9452,0.0561,89,0.9484,3
0.8065,0,2,22.0735,16.3093,1,0.0,0.0,0.0,160,7,0.1501,0.8118,1,0.0124,2
1.1603,0,1,560.7832,724.6772,0,0.0,1.0,7.0,126,70,0.9241,0.0481,109,0.8646,3
2.6174,0,1,536.7704,715.234,1,0.0,3.0,5.0,30,99,0.8302,0.05,42,0.9076,3
3.3863,0,0,241.403,4534.5402,0,0.0,0.0,0.0,13,6,0.9356,0.0731,115,0.7426,0
6.9751,0,4,694.1465,4267.1944,0,0.0,0.0,0.0,10,12,0.825,0.1457,237,0.9658,0
24.6724,0,1,674.2876,606.7668,0,0.0,0.0,0.0,7,6,0.8714,0.0869,149,0.7736,0
0.4854,0,0,59.3037,4.6222,1,0.0,0.0,0.0,254,448,0.9106,0.0014,18,0.243,1
1.8557,0,1,164.6735,763.8196,0,0.0,4.0,5.0,93,56,0.9197,0.0434,111,0.669,3
0.0657,1,4,41.7583,7.0891,2,0.0,0.0,0.0,224,6,0.0482,0.8103,8,0.1706,2
0.7872,1,1,53.4199,15.4181,0,0.0,0.0,0.0,232,3,0.1488,0.9817,20,0.0808,2
11.6212,0,0,1291.686,7893.7213,0,0.0,0.0,0.0,11,14,0.7658,0.0454,109,0.7745,0
0.451,0,0,22.0152,3.3117,2,0.0,0.0,0.0,371,510,0.9195,0.0035,30,0.2439,1
25.28,0,0,548.1001,1874.4331,0,0.0,0.0,0.0,13,15,0.8157,0.0978,80,0.8952,0
1.3029,0,1,474.4962,674.3964,0,0.0,5.0,6.0,147,45,0.8175,0.0283,52,0.7655,3
0.5048,0,1,510.6036,554.2523,0,0.0,5.0,7.0,93,40,0.9591,0.0042,113,0.7321,3
0.4444,0,3,124.4084,8.8853,1,1.0,0.0,0.0,304,214,0.8664,0.0084,29,0.2699,1
0.3796,0,0,96.4412,1.554,1,0.0,0.0,0.0,491,291,0.9337,0.0011,33,0.1863,1
42.1303,2,5,811.5965,4758.961,0,0.0,0.0,0.0,15,10,0.8372,0.1226,50,0.816,0
4.3309,0,3,1132.5389,3764.1229,3,0.0,0.0,0.0,12,13,0.9062,0.1002,218,0.9382,0
0.8574,1,5,50.3934,0.9129,2,0.0,0.0,0.0,248,13,0.0153,0.8151,21,0.177,2
0.9596,2,0,13.0586,24.9371,2,0.0,0.0,0.0,129,4,0.2172,0.8471,24,0.0862,2
2.2038,1,0,816.3157,2619.1174,0,0.0,0.0,0.0,13,9,0.9259,0.0304,179,0.7406,0
6.4297,0,4,1234.8334,5643.1473,0,0.0,0.0,0.0,16,6,0.9165,0.0971,51,0.7141,0
4.2632,0,0,3419.2011,5275.1732,0,0.0,0.0,0.0,17,5,0.8446,0.0312,253,0.9238,0
1.2382,0,1,512.7143,297.9191,0,0.0,5.0,6.0,72,31,0.8655,0.0691,78,0.8361,3
0.3292,0,0,115.9067,0.0905,1,0.0,0.0,0.0,286,336,0.9315,0.0759,25,0.2672,1
0.1462,1,3,54.7061,23.4447,2,0.0,0.0,0.0,128,3,0.0735,0.7852,5,0.0329,2
37.4027,1,3,1392.756,3069.6345,1,0.0,0.0,0.0,13,10,0.8814,0.1399,61,0.782,0
1.046,1,2,61.6138,17.8612,3,0.0,0.0,0.0,93,6,0.1259,0.9147,14,0.1174,2
0.0358,1,0,27.3789,0.0447,1,0.0,0.0,0.0,252,407,0.9222,0.0962,31,0.3584,1
70.3183,0,0,955.7839,12526.9609,0,0.0,0.0,0.0,15,8,0.9018,0.0341,233,0.9741,0
0.3205,1,3,24.484,15.7479,1,0.0,0.0,0.0,95,11,0.112,0.8139,14,0.1009,2
0.1454,0,3,54.6133,20.5127,1,0.0,0.0,0.0,261,8,0.1585,0.888,9,0.0758,2
0.435,0,0,8.4349,2.987,1,0.0,0.0,0.0,307,498,0.9918,0.0402,16,0.1856,1
7.9823,0,5,564.3756,1905.8759,2,0.0,0.0,0.0,13,10,0.9585,0.0528,218,0.8471,0
0.5887,0,4,30.9119,15.4554,1,0.0,0.0,0.0,123,4,0.0255,0.8399,18,0.0921,2
0.4259,0,0,217.2884,5.9557,0,0.0,0.0,0.0,334,429,0.885,0.06,34,0.2351,1
0.0949,2,1,22.1637,27.7945,1,0.0,0.0,0.0,93,3,0.1745,0.9192,21,0.1723,2
0.3949,1,2,12.9587,17.0907,2,0.0,0.0,0.0,299,10,0.1296,0.9945,14,0.0968,2
0.3727,0,0,23.7389,24.1346,2,0.0,0.0,0.0,114,12,0.165,0.8556,17,0.1721,2
20.8522,0,1,857.4716,1867.2419,0,0.0,0.0,0.0,13,14,0.8945,0.1498,226,0.7726,0
1.2291,0,1,170.8793,643.0297,1,0.0,3.0,2.0,85,30,0.8569,0.0107,197,0.8751,3
9.1332,0,3,180.5056,547.7273,0,0.0,0.0,0.0,16,10,0.9623,0.1032,119,0.9335,0
0.9221,1,1,32.8472,0.0663,1,0.0,0.0,0.0,161,14,0.2183,0.8896,22,0.1847,2
0.306,0,0,15.4277,3.1707,1,1.0,0.0,0.0,383,250,0.9672,0.0861,14,0.1737,1
24.3154,0,0,713.6366,935.2346,0,0.0,0.0,0.0,9,8,0.8309,0.0602,208,0.7845,0
0.0226,1,0,2.1978,6.2331,1,0.0,0.0,0.0,398,454,0.8672,0.0596,8,0.1038,1
0.8579,2,2,55.2931,21.6037,2,0.0,0.0,0.0,206,11,0.0346,0.8974,22,0.0107,2
0.4866,0,3,248.8352,2.5418,1,0.0,0.0,0.0,341,382,0.8981,0.0708,32,0.3231,1
0.2195,0,3,20.2498,21.2232,1,0.0,0.0,0.0,241,11,0.0264,0.9172,5,0.1912,2
0.9127,0,1,19.1273,17.4032,1,0.0,0.0,0.0,97,7,0.0476,0.9355,8,0.0724,2
11.5047,0,3,783.4417,11452.6422,0,0.0,0.0,0.0,15,8,0.916,0.128,200,0.8414,0
0.0177,0,2,16.826,14.755,2,0.0,0.0,0.0,105,10,0.0225,0.7845,3,0.189,2
6.629,0,1,179.0165,355.3906,1,0.0,2.0,3.0,131,133,0.9677,0.0427,72,0.7062,3
0.0622,0,1,12.8785,11.6311,1,0.0,0.0,0.0,166,2,0.2296,0.7847,16,0.0573,2
2.7182,0,1,495.0593,211.5472,2,0.0,3.0,3.0,61,69,0.9147,0.0186,148,0.9088,3
0.3951,0,0,28.9535,1.6253,1,0.0,0.0,0.0,438,447,0.9231,0.0343,22,0.1808,1
0.496,0,5,77.417,8.2945,1,0.0,0.0,0.0,284,363,0.9246,0.0332,40,0.3069,1
1.1685,0,1,5.7878,15.1021,2,0.0,0.0,0.0,285,11,0.0561,0.9856,6,0.0926,2
3.7186,0,1,212.3468,702.1,0,0.0,3.0,7.0,87,26,0.9256,0.0629,153,0.9331,3
0.0929,1,3,93.064,7.6626,1,0.0,0.0,0.0,302,383,0.8711,0.0636,33,0.1548,1
0.3211,0,3,96.2413,8.4277,1,0.0,0.0,0.0,308,264,0.9202,0.0835,46,0.1391,1
0.3995,0,0,30.6849,0.4295,1,0.0,0.0,0.0,390,324,0.8861,0.0637,2,0.1581,1
0.643,2,1,23.1496,30.472,2,0.0,0.0,0.0,84,7,0.1662,0.7885,4,0.1517,2
1.1235,1,0,909.3645,2520.6235,0,0.0,0.0,0.0,11,7,0.914,0.0131,244,0.9453,0
0.2101,2,3,35.2413,24.6136,2,0.0,0.0,0.0,83,6,0.058,0.9802,10,0.1623,2
0.1029,0,0,56.8727,3.6227,2,0.0,0.0,0.0,411,226,0.855,0.0355,33,0.3847,1
0.0205,0,0,21.8893,1.2217,1,0.0,0.0,0.0,355,205,0.9243,0.0062,47,0.1689,1
0.8931,0,4,2.7507,3.4419,1,0.0,0.0,0.0,163,2,0.1665,0.8304,5,0.1197,2
0.3475,1,0,55.4124,22.0519,1,0.0,0.0,0.0,185,5,0.1772,0.9179,11,0.0904,2
17.2399,0,5,1512.7164,4219.0799,0,0.0,0.0,0.0,11,7,0.7741,0.0419,148,0.8418,0
8.8072,0,1,151.7194,347.5086,0,0.0,4.0,2.0,130,81,0.9128,0.0784,126,0.9141,3
0.9312,0,1,415.5931,414.7953,0,0.0,4.0,7.0,90,87,0.9302,0.0507,92,0.87,3
0.1743,1,0,182.063,4.9593,1,0.0,0.0,0.0,325,442,0.9399,0.003,48,0.3998,1
0.0594,0,0,61.5946,6.7402,1,0.0,0.0,0.0,309,462,0.9229,0.0291,37,0.1399,1
0.3455,1,4,10.8347,29.3274,0,0.0,0.0,0.0,145,11,0.2233,0.9061,18,0.1317,2
0.2059,0,3,19.3958,6.4762,1,0.0,0.0,0.0,487,405,0.8739,0.0277,23,0.1121,1
0.8378,2,4,13.6839,30.7906,2,0.0,0.0,0.0,208,11,0.1447,0.9873,5,0.1532,2
0.444,1,3,72.1177,9.5457,2,0.0,0.0,0.0,321,254,0.8958,0.0672,1,0.2041,1
16.3905,0,5,726.7753,2334.3891,0,0.0,0.0,0.0,16,10,0.9704,0.0306,101,0.8653,0
9.9274,0,1,178.345,518.9596,0,0.0,4.0,6.0,137,102,0.848,0.0947,178,0.9297,3
3.885,0,1,151.6802,430.9084,1,0.0,5.0,5.0,120,100,0.8902,0.0742,116,0.7947,3
1.5807,0,1,561.4078,756.2992,0,0.0,5.0,5.0,99,137,0.9213,0.0685,166,0.7035,3
2.4139,1,0,435.338,3547.9952,0,0.0,0.0,0.0,16,10,0.9784,0.0859,247,0.9837,0
4.2207,0,1,453.0213,641.2669,0,0.0,5.0,3.0,57,80,0.8888,0.0518,74,0.6936,3
5.8402,1,0,560.8249,2606.9919,0,0.0,0.0,0.0,10,6,0.8179,0.083,214,0.7527,0
0.2814,0,0,11.6871,7.2214,1,0.0,0.0,0.0,320,210,0.8603,0.0165,9,0.3304,1
9.4882,0,1,446.2818,662.5559,0,0.0,2.0,4.0,55,106,0.9345,0.032,65,0.895,3
0.23,2,0,59.0703,9.0057,1,0.0,0.0,0.0,270,447,0.9446,0.0761,11,0.1848,1
37.4881,0,4,1283.2726,4399.6785,0,0.0,0.0,0.0,11,12,0.7927,0.1038,240,0.7516,0
0.8857,0,3,2.1222,3.744,2,0.0,0.0,0.0,91,1,0.2307,0.8427,8,0.1028,2
0.9208,2,2,48.1991,28.315,2,0.0,0.0,0.0,241,6,0.1156,0.7571,16,0.108,2
0.8104,1,1,46.0962,10.9924,2,0.0,0.0,0.0,226,13,0.2087,0.7737,12,0.1705,2
0.3914,0,0,96.3106,6.2463,1,0.0,0.0,0.0,434,252,0.9853,0.0376,2,0.3328,1
15.6307,0,2,398.7559,391.4478,0,0.0,2.0,3.0,123,104,0.9132,0.0455,63,0.7995,3
0.2937,0,3,122.4612,9.6811,0,0.0,0.0,0.0,336,325,0.945,0.0389,12,0.2346,1
4.2643,0,0,1959.3811,1147.0465,0,0.0,0.0,0.0,17,12,0.7608,0.0779,116,0.7044,0
0.4456,0,0,54.4495,15.3362,2,0.0,0.0,0.0,182,4,0.0375,0.9673,17,0.0625,2
0.2757,0,5,229.8214,0.7575,1,0.0,0.0,0.0,467,232,0.9344,0.0004,17,0.1784,1
0.0042,0,0,35.7639,3.515,3,1.0,0.0,0.0,351,373,0.9796,0.0523,36,0.2081,1
5.2802,0,0,816.6744,4881.7173,0,0.0,0.0,0.0,12,16,0.8924,0.0683,232,0.8578,0
0.0024,0,0,128.3913,9.4836,1,0.0,0.0,0.0,484,398,0.9578,0.0295,10,0.3636,1
6.6311,0,0,1139.2394,3671.9875,0,0.0,0.0,0.0,11,7,0.9354,0.1054,169,0.7273,0
8.3519,1,0,1958.3967,1550.6236,0,0.0,0.0,0.0,9,12,0.8257,0.0799,149,0.7413,0
3.3545,0,0,1202.1483,3752.5613,0,0.0,0.0,0.0,13,18,0.9202,0.116,93,0.994,0
6.3255,0,1,538.3154,321.8979,0,0.0,5.0,7.0,79,75,0.9714,0.0799,174,0.6528,3
0.5069,0,1,251.3208,745.5845,1,0.0,2.0,3.0,40,63,0.9481,0.0985,161,0.9262,3
0.1416,0,0,64.3668,1.5836,1,0.0,0.0,0.0,367,471,0.9617,0.003,8,0.1336,1
0.6619,0,0,966.9802,3867.6033,0,0.0,0.0,0.0,20,15,0.7776,0.0961,54,0.7901,0
3.9083,0,1,539.3311,280.6991,0,0.0,1.0,3.0,105,120,0.9856,0.0725,108,0.6026,3
0.1284,0,0,34.2239,9.0759,1,3.0,0.0,0.0,422,311,0.8815,0.0447,37,0.2044,1
38.6002,0,2,1684.6056,4551.6657,0,0.0,0.0,0.0,10,12,0.8871,0.085,131,0.8671,0
1.0711,1,0,657.5623,2476.1784,0,0.0,0.0,0.0,16,12,0.9385,0.1489,237,0.975,0
0.0037,0,0,33.756,5.8686,1,0.0,0.0,0.0,277,256,0.9742,0.0346,17,0.3688,1
1.7368,0,2,500.4777,678.9963,0,0.0,4.0,4.0,91,34,0.955,0.0665,87,0.6577,3
11.8427,1,1,2433.9247,2893.8062,0,0.0,0.0,0.0,13,8,0.7759,0.1482,85,0.9055,0
2.4995,1,0,539.1702,2008.0556,0,0.0,0.0,0.0,15,10,0.9603,0.093,196,0.7009,0
1.0588,2,1,49.6568,25.1805,2,0.0,0.0,0.0,145,4,0.2069,0.8708,23,0.1637,2
4.9419,0,1,266.5424,392.5435,0,0.0,4.0,4.0,137,28,0.9123,0.0336,161,0.6341,3
11.6949,1,1,298.1496,3678.6421,0,0.0,0.0,0.0,10,9,0.7564,0.0001,69,0.8532,0
0.208,0,0,43.4329,4.5046,1,0.0,0.0,0.0,253,492,0.8569,0.0533,13,0.3136,1
0.8459,0,3,2053.8547,5402.8141,0,0.0,0.0,0.0,18,12,0.9329,0.0034,179,0.8066,0
0.5074,0,3,40.9692,28.1923,2,0.0,0.0,0.0,139,2,0.0141,0.9158,15,0.1506,2
1.0723,0,0,11.43,16.1228,2,0.0,0.0,0.0,269,1,0.156,0.8652,7,0.1216,2
0.1815,0,0,51.7229,5.5484,2,0.0,0.0,0.0,330,439,0.8643,0.0119,4,0.2173,1
0.3284,0,0,50.4544,29.077,1,0.0,0.0,0.0,177,11,0.1946,0.7857,14,0.1497,2
0.7776,0,1,577.7234,586.6181,0,0.0,2.0,3.0,88,85,0.9417,0.0112,108,0.8958,3
3.2177,0,4,479.8835,6319.193,0,0.0,0.0,0.0,16,11,0.8069,0.0608,137,0.877,0
44.7935,0,4,196.344,3675.8986,0,0.0,0.0,0.0,11,8,0.8744,0.0624,165,0.7956,0
3.0135,0,1,295.032,795.4173,2,0.0,2.0,7.0,119,39,0.9607,0.0852,114,0.8247,3
10.4722,0,5,729.1356,2270.6796,0,0.0,0.0,0.0,9,8,0.8446,0.0764,108,0.9737,0
5.429,0,1,507.7422,555.7307,1,0.0,1.0,4.0,85,109,0.839,0.038,137,0.7554,3
1.1083,0,1,22.0547,12.9317,1,0.0,0.0,0.0,285,9,0.1365,0.8996,22,0.0318,2
0.4106,0,0,10.319,4.2948,1,0.0,0.0,0.0,506,224,0.8999,0.0494,20,0.1639,1
8.8597,1,4,627.374,1929.2932,0,0.0,0.0,0.0,16,20,0.8868,0.0004,199,0.7396,0
23.3104,0,1,542.9719,2504.8801,0,0.0,0.0,0.0,11,14,0.9019,0.1005,180,0.7194,0
6.4644,0,1,435.1185,759.5879,0,0.0,2.0,7.0,105,69,0.8582,0.0143,119,0.8106,3
3.5621,0,1,576.2721,796.7059,1,0.0,3.0,7.0,125,88,0.8176,0.0798,113,0.6732,3
0.0258,0,0,144.978,7.6708,1,0.0,0.0,0.0,481,464,0.9337,0.0131,14,0.1411,1
0.271,0,0,109.3954,1.2751,1,0.0,0.0,0.0,362,483,0.913,0.078,14,0.3555,1
0.7917,0,2,29.5388,4.8608,0,0.0,0.0,0.0,128,9,0.0908,0.7586,20,0.0751,2
0.1456,0,3,69.3437,2.7943,2,0.0,0.0,0.0,429,355,0.9141,0.044,11,0.2703,1
10.3531,0,0,1700.6975,2744.2829,0,0.0,0.0,0.0,14,10,0.8815,0.0942,187,0.7051,0
10.2246,2,5,785.9154,3888.945,0,0.0,0.0,0.0,7,18,0.7632,0.1455,77,0.8149,0
1.1235,2,0,23.1564,12.7756,2,0.0,0.0,0.0,259,7,0.0355,0.7638,17,0.0296,2
1.1111,0,2,46.195,23.1542,2,0.0,0.0,0.0,120,11,0.0299,0.825,7,0.0155,2
1.0462,0,3,50.1144,21.7197,0,0.0,0.0,0.0,143,1,0.1714,0.8009,24,0.02,2
4.7802,0,2,1295.9792,3205.3873,0,0.0,0.0,0.0,8,10,0.7555,0.0741,116,0.8277,0
1.9447,0,4,189.0511,6496.4255,0,0.0,0.0,0.0,13,15,0.8649,0.0283,184,0.92,0
5.4355,0,2,380.1007,411.2264,0,0.0,3.0,6.0,33,127,0.9348,0.0022,89,0.8862,3
0.4229,1,5,21.4487,5.3117,1,0.0,0.0,0.0,502,330,0.9849,0.0729,25,0.3222,1
8.2841,0,1,593.5621,478.497,2,0.0,4.0,3.0,60,138,0.9783,0.0757,196,0.642,3
0.4605,0,4,29.6662,9.7499,3,0.0,0.0,0.0,275,7,0.0806,0.9675,2,0.1599,2
2.6421,0,1,290.8337,357.537,0,0.0,1.0,3.0,103,124,0.9694,0.0528,195,0.6683,3
16.147,0,2,404.0129,2694.7941,0,0.0,0.0,0.0,18,17,0.7839,0.1016,113,0.898,0
0.702,0,1,30.5735,4.8866,2,0.0,0.0,0.0,146,13,0.0623,0.9198,19,0.1093,2
3.0594,0,1,172.1873,300.5225,0,0.0,4.0,4.0,84,56,0.8083,0.0029,41,0.8649,3
1.5174,0,1,324.6134,499.7612,0,0.0,4.0,7.0,136,56,0.9113,0.0051,78,0.8174,3
0.389,0,0,54.0484,5.183,1,0.0,0.0,0.0,438,405,0.9427,0.0975,43,0.2554,1
0.0494,0,1,1.8574,26.2899,2,0.0,0.0,0.0,283,8,0.0739,0.7765,18,0.0602,2
0.5771,1,3,36.6374,19.1337,1,0.0,0.0,0.0,138,2,0.147,0.8345,2,0.1636,2
2.7585,0,2,1326.4665,3306.0003,0,0.0,0.0,0.0,8,10,0.7921,0.0447,54,0.8381,0
0.4253,0,3,122.2886,9.4411,1,0.0,0.0,0.0,312,249,0.8759,0.038,11,0.2292,1
0.801,0,2,17.2474,21.5171,1,0.0,0.0,0.0,182,6,0.0287,0.9563,11,0.0853,2
0.3496,1,1,28.9709,20.3056,2,0.0,0.0,0.0,97,13,0.0122,0.7896,7,0.171,2
0.2906,0,0,26.8515,1.5271,1,0.0,0.0,0.0,400,413,0.863,0.0203,34,0.2792,1
0.6394,1,1,24.8582,28.9216,0,0.0,0.0,0.0,150,14,0.0651,0.9821,4,0.0473,2
3.86,0,0,723.4255,2261.1145,0,0.0,0.0,0.0,15,6,0.9735,0.1002,84,0.9663,0
2.9061,1,3,567.6497,2127.856,0,0.0,0.0,0.0,13,10,0.9338,0.0583,97,0.9762,0
1.0015,0,0,12.7552,14.504,0,0.0,0.0,0.0,229,14,0.0288,0.8519,9,0.1993,2
0.6651,0,5,0.3985,9.0748,2,0.0,0.0,0.0,283,9,0.1525,0.98,21,0.0819,2
0.356,1,0,21.7686,23.8766,2,0.0,0.0,0.0,279,9,0.0794,0.8839,22,0.1317,2
7.8051,0,1,363.7789,594.1551,2,0.0,5.0,7.0,33,117,0.8417,0.0427,173,0.6172,3
0.0668,0,5,75.2544,2.4429,2,0.0,0.0,0.0,275,345,0.9389,0.0682,40,0.1667,1
1.5695,0,1,258.1671,620.8799,2,0.0,5.0,2.0,110,58,0.8656,0.0927,77,0.8951,3
0.2827,0,3,9.9806,3.3267,1,1.0,0.0,0.0,396,294,0.9311,0.045,40,0.2044,1
0.9473,0,0,598.9624,4649.1543,0,0.0,0.0,0.0,10,13,0.7976,0.0494,131,0.7412,0
2.4307,0,0,1530.2941,3589.3235,0,0.0,0.0,0.0,12,13,0.9063,0.0319,151,0.918,0
0.2311,0,1,582.3925,476.4593,2,0.0,5.0,5.0,139,77,0.9826,0.0595,113,0.8987,3
0.1306,0,1,9.8832,29.5863,1,0.0,0.0,0.0,99,9,0.1094,0.8353,18,0.0757,2
0.4799,0,3,21.3976,6.212,1,0.0,0.0,0.0,440,379,0.9844,0.0874,23,0.361,1
17.0351,1,3,421.6796,1241.1052,0,0.0,0.0,0.0,12,10,0.999,0.029,241,0.7184,0
0.1731,0,4,15.8301,4.0932,2,0.0,0.0,0.0,128,3,0.0367,0.9189,19,0.1472,2
24.8934,1,2,805.1924,1177.1929,0,0.0,0.0,0.0,13,17,0.8364,0.1487,230,0.7485,0
0.5177,0,1,31.8522,28.4505,1,0.0,0.0,0.0,199,8,0.1022,0.7582,2,0.1225,2
0.2295,1,2,28.2242,22.5279,2,0.0,0.0,0.0,227,8,0.2231,0.7816,19,0.1499,2
9.236,0,3,685.5864,1722.0595,0,0.0,0.0,0.0,19,8,0.9164,0.1377,253,0.998,0
8.3309,1,0,256.6699,3104.1484,0,0.0,0.0,0.0,15,8,0.8319,0.0254,186,0.7765,0
0.0393,2,0,25.514,7.6363,2,0.0,0.0,0.0,492,332,0.983,0.087,9,0.2368,1
0.1101,0,3,24.8379,27.3714,2,0.0,0.0,0.0,98,5,0.0598,0.7754,19,0.0994,2
33.4443,0,2,440.7779,509.249,2,0.0,1.0,3.0,74,33,0.8973,0.0466,57,0.899,3
8.4706,0,3,442.2071,3765.6113,0,0.0,0.0,0.0,22,4,0.8606,0.0083,185,0.906,0
0.1187,1,0,101.6479,5.5803,1,0.0,0.0,0.0,261,476,0.9847,0.096,35,0.2686,1
0.2574,0,0,40.6494,6.6104,1,1.0,0.0,0.0,390,209,0.8904,0.0453,40,0.3246,1
0.3828,2,0,22.3972,7.285,1,0.0,0.0,0.0,281,290,0.9715,0.0515,3,0.1343,1
0.4429,0,3,31.729,5.8889,1,0.0,0.0,0.0,287,373,0.9201,0.0387,32,0.1667,1
0.5329,0,1,317.8705,383.4972,0,0.0,3.0,6.0,105,107,0.8835,0.0871,101,0.8616,3
47.0265,0,5,1364.3561,7399.1024,1,0.0,0.0,0.0,13,10,0.9909,0.1375,147,0.8479,0
0.3157,0,0,44.7433,3.1281,1,0.0,0.0,0.0,365,375,0.9543,0.0781,20,0.1044,1
8.9093,1,1,572.4956,4634.808,0,0.0,0.0,0.0,11,18,0.9605,0.0502,69,0.8855,0
4.5673,0,2,446.1783,753.4223,0,0.0,2.0,7.0,111,67,0.8907,0.0909,155,0.6322,3
24.3117,0,3,537.9507,2340.0456,0,0.0,0.0,0.0,9,18,0.9831,0.0311,174,0.8738,0
0.558,0,2,181.6086,520.4232,0,0.0,4.0,2.0,119,105,0.9993,0.0766,42,0.939,3
0.2039,0,0,21.3938,3.6585,2,0.0,0.0,0.0,253,409,0.9469,0.0444,25,0.2872,1
51.3253,0,0,821.3813,3128.3615,0,0.0,0.0,0.0,12,9,0.9796,0.0797,64,0.7054,0
0.1775,0,0,88.3785,9.9607,1,0.0,0.0,0.0,296,427,0.9727,0.032,39,0.1749,1
0.2331,0,5,574.6607,6571.5263,0,0.0,0.0,0.0,5,13,0.9172,0.1085,125,0.7106,0
2.0314,0,0,311.1507,5126.6477,0,0.0,0.0,0.0,14,12,0.8864,0.053,86,0.7854,0
0.3907,0,1,14.2792,0.0832,2,0.0,0.0,0.0,199,14,0.1887,0.7932,24,0.1844,2
0.4242,0,3,34.6842,5.4032,1,0.0,0.0,0.0,386,448,0.9319,0.0558,42,0.3994,1
0.9358,1,1,45.7669,28.0002,2,0.0,0.0,0.0,215,5,0.1774,0.9753,5,0.1221,2
0.1061,0,0,83.3416,2.5458,1,0.0,0.0,0.0,322,406,0.9907,0.0863,41,0.1791,1
41.9687,0,2,1692.0756,6485.596,0,0.0,0.0,0.0,20,10,0.9954,0.0117,228,0.8889,0
5.4322,0,1,347.2779,446.2697,0,0.0,4.0,5.0,42,103,0.8758,0.0922,192,0.629,3
1.0672,0,5,32.5135,22.2939,1,0.0,0.0,0.0,170,2,0.1395,0.9509,14,0.1031,2
19.4485,2,3,1586.9967,1582.2333,0,0.0,0.0,0.0,12,10,0.9554,0.1234,214,0.7628,0
0.4015,0,3,248.8648,7.5165,2,3.0,0.0,0.0,264,232,0.8707,0.0065,37,0.3257,1
0.2681,0,0,151.5738,4.6049,1,0.0,0.0,0.0,344,207,0.8602,0.0322,18,0.3919,1
0.8936,0,5,39.0139,9.8271,1,0.0,0.0,0.0,267,14,0.0115,0.8777,20,0.0486,2
3.5013,0,1,561.4373,754.9951,1,0.0,4.0,4.0,53,53,0.8753,0.0409,62,0.7628,3
1.0149,1,3,23.4595,26.0181,2,0.0,0.0,0.0,129,10,0.1397,0.9465,23,0.1515,2
1.1452,2,4,34.7842,0.238,1,0.0,0.0,0.0,227,3,0.153,0.9743,4,0.0899,2
3.1404,1,2,413.3879,5815.804,0,0.0,0.0,0.0,14,9,0.751,0.0914,83,0.9712,0
3.2247,0,0,698.1473,4003.0861,2,0.0,0.0,0.0,15,8,0.8955,0.1309,235,0.7036,0
3.5549,0,1,303.4567,533.834,0,0.0,1.0,2.0,61,134,0.9676,0.01,177,0.9374,3
0.0828,0,0,13.9105,1.0149,1,0.0,0.0,0.0,504,490,0.9599,0.0359,19,0.3863,1
0.1507,0,5,115.138,7.9489,1,0.0,0.0,0.0,332,451,0.9366,0.0035,5,0.2981,1
0.2982,1,0,87.3663,3.1463,1,0.0,0.0,0.0,437,366,0.921,0.0786,40,0.352,1
0.905,0,2,16.796,29.456,1,0.0,0.0,0.0,204,5,0.2044,0.8557,1,0.1079,2
0.2116,1,3,46.6329,7.6026,2,0.0,0.0,0.0,146,10,0.1519,0.8418,12,0.0991,2
0.9664,0,4,21.0269,29.0886,0,0.0,0.0,0.0,126,9,0.011,0.987,4,0.1235,2
15.198,0,2,445.5312,3202.8623,2,0.0,0.0,0.0,15,13,0.9066,0.0623,221,0.8651,0
18.4004,0,0,530.9517,2948.1397,1,0.0,0.0,0.0,11,14,0.8773,0.0134,106,0.8273,0
20.4104,0,5,76.968,3091.8398,0,0.0,0.0,0.0,10,12,0.8059,0.1156,152,0.964,0
5.9108,0,3,208.5156,5103.9423,0,0.0,0.0,0.0,15,18,0.7551,0.0681,145,0.73,0
0.0139,2,0,72.107,1.4162,1,0.0,0.0,0.0,353,336,0.9133,0.0171,28,0.3985,1
0.2464,0,1,435.4769,414.9516,0,0.0,3.0,6.0,136,115,0.9232,0.0699,146,0.8001,3
0.5616,2,2,41.8218,12.1183,3,0.0,0.0,0.0,129,2,0.1236,0.7637,2,0.0976,2
0.0778,0,5,40.0308,7.6732,2,0.0,0.0,0.0,291,466,0.9131,0.0842,4,0.125,1
27.8708,2,3,1343.7546,12367.8796,0,0.0,0.0,0.0,7,14,0.9794,0.039,71,0.8497,0
0.3074,0,3,26.6054,7.8894,2,0.0,0.0,0.0,446,293,0.9115,0.0478,39,0.3094,1
0.202,0,2,20.6925,13.3379,1,0.0,0.0,0.0,101,13,0.0879,0.7512,7,0.0637,2
0.1103,0,0,75.0185,3.8447,2,0.0,0.0,0.0,270,495,0.9171,0.0884,35,0.3488,1
4.0238,0,1,580.5182,542.5798,0,0.0,3.0,3.0,51,65,0.8028,0.0194,83,0.9122,3
12.6498,0,1,416.1924,743.8435,2,0.0,5.0,2.0,134,51,0.9347,0.0086,95,0.7064,3
11.324,0,2,105.0118,4982.8075,0,0.0,0.0,0.0,11,8,0.882,0.102,199,0.8179,0
10.0895,0,0,478.6367,6655.4631,0,0.0,0.0,0.0,13,14,0.8282,0.0481,128,0.8532,0
0.2565,0,2,34.7135,25.5505,1,0.0,0.0,0.0,254,2,0.1571,0.9598,6,0.1984,2
0.0774,0,4,12.8925,27.7398,0,0.0,0.0,0.0,272,7,0.1847,0.7628,20,0.1541,2
0.3514,0,5,63.0794,4.8625,2,0.0,0.0,0.0,319,205,0.9833,0.0239,28,0.1327,1
0.1823,0,0,12.0736,2.4792,1,0.0,0.0,0.0,338,454,0.9006,0.0787,27,0.234,1
0.3107,1,0,31.9692,31.7301,3,0.0,0.0,0.0,269,14,0.155,0.9843,19,0.1977,2
4.2483,0,1,345.3008,620.384,2,0.0,1.0,7.0,146,70,0.9159,0.0869,127,0.8768,3
5.0839,0,2,157.474,4395.7322,0,0.0,0.0,0.0,12,10,0.9935,0.113,55,0.926,0
9.2273,2,0,197.4913,1489.8512,0,0.0,0.0,0.0,10,7,0.812,0.0379,228,0.7124,0
0.0748,0,2,41.8424,21.7401,2,0.0,0.0,0.0,226,6,0.0596,0.9438,9,0.0198,2
0.2912,0,0,85.7299,9.8683,1,0.0,0.0,0.0,329,343,0.9632,0.02,29,0.1586,1
25.4553,0,0,1148.3754,3584.5686,0,0.0,0.0,0.0,14,8,0.9325,0.0865,139,0.8455,0
0.3142,1,0,120.4367,5.5428,1,0.0,0.0,0.0,251,495,0.8714,0.0901,2,0.3139,1
7.346,0,3,1383.403,2936.5364,0,0.0,0.0,0.0,17,9,0.819,0.0609,214,0.9097,0
0.0421,0,5,21.6068,14.7856,2,0.0,0.0,0.0,261,7,0.1908,0.948,13,0.1348,2
10.5972,0,0,1125.3729,3805.5877,0,0.0,0.0,0.0,11,16,0.8849,0.0533,146,0.7202,0
1.8459,0,2,394.2605,461.952,0,0.0,2.0,7.0,141,101,0.9123,0.0023,170,0.9168,3
1.0613,2,1,237.6303,3332.1942,0,0.0,0.0,0.0,11,11,0.8161,0.0495,237,0.7591,0
12.3505,0,1,185.5064,722.7779,2,0.0,1.0,5.0,39,30,0.8355,0.0962,190,0.7402,3
4.7908,0,1,560.393,656.0503,2,0.0,2.0,4.0,124,103,0.9835,0.0971,173,0.8378,3
6.4584,0,1,359.1504,268.4299,0,0.0,4.0,3.0,97,94,0.9031,0.0023,154,0.7813,3
3.2785,0,1,410.2176,477.2948,0,0.0,4.0,4.0,145,59,0.8403,0.0038,174,0.8758,3
3.5764,0,1,407.0799,699.0082,0,0.0,3.0,2.0,95,127,0.9836,0.0916,129,0.8857,3
2.9791,0,1,219.7485,284.8884,0,0.0,1.0,7.0,128,73,0.9327,0.054,106,0.8331,3
0.873,0,2,35.5612,23.3214,0,0.0,0.0,0.0,156,10,0.0579,0.9049,9,0.1314,2
11.1521,1,0,1506.8642,2031.6705,0,0.0,0.0,0.0,12,18,0.9065,0.0988,160,0.8564,0
3.9202,0,1,380.8746,591.109,0,0.0,5.0,5.0,83,48,0.8108,0.053,127,0.7785,3
0.2764,0,2,12.7971,21.836,2,0.0,0.0,0.0,228,8,0.1441,0.787,9,0.0194,2
3.581,2,1,381.8515,4390.8957,2,0.0,0.0,0.0,12,17,0.9462,0.0886,206,0.922,0
2.3538,0,2,257.5672,775.0096,0,0.0,2.0,7.0,42,103,0.9297,0.0562,129,0.816,3
4.8176,0,1,356.3004,369.0148,0,0.0,4.0,3.0,110,119,0.8288,0.0701,69,0.8026,3
0.0082,0,3,28.535,5.6927,1,0.0,0.0,0.0,265,256,0.8893,0.0244,8,0.2658,1
0.2067,1,0,18.3226,28.9093,2,0.0,0.0,0.0,137,14,0.0461,0.9827,5,0.0768,2
0.2366,0,3,71.8622,4.5147,1,0.0,0.0,0.0,287,510,0.8732,0.0077,34,0.2356,1
0.2778,0,0,135.9983,1.8348,0,0.0,0.0,0.0,351,214,0.9468,0.0379,1,0.2276,1
9.168,0,0,748.3256,2411.8073,0,0.0,0.0,0.0,9,11,0.7958,0.0027,167,0.8855,0
0.3392,1,0,19.5198,8.9846,2,0.0,0.0,0.0,285,351,0.9742,0.0746,38,0.2464,1
0.3409,0,1,38.5778,0.1146,2,0.0,0.0,0.0,146,5,0.1719,0.9571,6,0.0321,2
3.2468,0,0,1474.7253,2881.411,0,0.0,0.0,0.0,7,17,0.8067,0.0612,211,0.7102,0
0.6384,1,3,51.4916,24.7053,1,0.0,0.0,0.0,137,1,0.2068,0.9157,24,0.0173,2
0.4767,2,4,31.7719,29.3854,1,0.0,0.0,0.0,148,5,0.1508,0.8766,22,0.071,2
0.418,0,0,98.0989,5.1215,1,1.0,0.0,0.0,473,286,0.8821,0.0288,19,0.3322,1
0.8896,0,4,17.2783,23.5226,0,0.0,0.0,0.0,147,8,0.1108,0.8768,9,0.0603,2
0.3156,0,0,48.958,3.0019,1,3.0,0.0,0.0,262,330,0.9726,0.004,30,0.3003,1
0.034,0,0,63.1,2.6019,1,0.0,0.0,0.0,266,272,0.9095,0.0172,47,0.1008,1
1.2007,0,0,1159.0228,3789.1384,0,0.0,0.0,0.0,14,8,0.9491,0.1334,210,0.9738,0
0.7246,0,1,367.8297,465.6025,0,0.0,4.0,4.0,30,55,0.886,0.0646,45,0.9458,3
1.9132,0,1,186.5958,269.8425,0,0.0,1.0,5.0,64,134,0.9525,0.0165,170,0.9397,3
0.4467,0,3,38.4394,6.9141,1,0.0,0.0,0.0,382,418,0.8643,0.021,25,0.3488,1
0.0976,0,0,31.1224,9.3167,1,0.0,0.0,0.0,424,297,0.8889,0.0267,48,0.3668,1
9.3838,0,1,403.0066,235.4082,0,0.0,5.0,3.0,112,133,0.8638,0.0097,97,0.6624,3
0.1483,0,0,16.8501,6.914,2,0.0,0.0,0.0,341,287,0.9711,0.0889,25,0.2942,1
0.0578,0,0,129.3794,4.9504,1,0.0,0.0,0.0,341,463,0.9143,0.0068,37,0.1053,1
0.4193,0,0,37.46,3.871,1,0.0,0.0,0.0,344,410,0.9575,0.0436,43,0.3218,1
0.2433,0,0,56.4473,20.5195,2,0.0,0.0,0.0,295,7,0.0899,0.9746,21,0.1331,2
0.7388,1,0,8.6382,25.8079,2,0.0,0.0,0.0,235,4,0.1214,0.9224,12,0.1577,2
0.2508,0,0,12.5188,11.5015,2,0.0,0.0,0.0,87,5,0.0952,0.8968,4,0.1051,2
0.7399,1,0,41.5476,30.5167,1,0.0,0.0,0.0,114,5,0.0616,0.8952,13,0.0945,2
1.2784,0,1,235.4633,378.9942,0,0.0,4.0,4.0,34,58,0.9506,0.0114,136,0.7162,3
33.2241,0,0,904.947,1223.2357,0,0.0,0.0,0.0,10,18,0.8194,0.0475,243,0.8954,0
0.6672,0,3,21.7169,23.913,1,0.0,0.0,0.0,118,14,0.1587,0.8307,5,0.0125,2
1.0401,0,1,36.5067,11.8575,1,0.0,0.0,0.0,105,11,0.0237,0.7878,11,0.0647,2
0.1176,0,3,82.5083,0.001,2,0.0,0.0,0.0,318,272,0.951,0.0624,22,0.1806,1
8.1483,0,5,1505.9596,1468.0053,0,0.0,0.0,0.0,16,10,0.7519,0.1415,53,0.941,0
0.0264,0,0,45.5383,3.9435,1,0.0,0.0,0.0,440,212,0.8834,0.0696,29,0.1739,1
0.5718,0,0,32.9191,26.7993,1,0.0,0.0,0.0,97,11,0.2081,0.8283,24,0.1423,2
1.1205,0,1,591.2081,620.4815,0,0.0,2.0,6.0,119,48,0.8083,0.0314,69,0.6332,3
6.5209,0,2,425.3694,221.6962,0,0.0,3.0,2.0,76,131,0.8972,0.0838,112,0.6521,3
2.8636,0,1,238.1397,465.3141,0,0.0,1.0,2.0,92,124,0.9794,0.0312,66,0.6624,3
0.3416,0,1,220.1051,449.602,0,0.0,1.0,4.0,141,78,0.9641,0.0071,97,0.7025,3
0.3349,0,0,54.7821,6.0357,2,0.0,0.0,0.0,479,383,0.892,0.0908,46,0.1833,1
7.4819,0,2,528.8677,1044.8349,0,0.0,0.0,0.0,19,17,0.7716,0.0787,251,0.7697,0
7.3225,0,1,535.9915,3032.9129,0,0.0,0.0,0.0,14,13,0.7918,0.1064,180,0.7745,0
9.794,0,0,62.675,3082.4062,0,0.0,0.0,0.0,16,15,0.7883,0.0755,101,0.7079,0
0.1119,0,0,382.198,4.9049,2,0.0,0.0,0.0,463,465,0.9506,0.0314,30,0.2834,1
0.1966,0,3,24.0978,4.1561,1,0.0,0.0,0.0,430,466,0.8544,0.0932,14,0.3379,1
16.6147,0,1,421.6441,5215.3031,0,0.0,0.0,0.0,13,6,0.8369,0.0987,233,0.7782,0
0.2423,0,3,59.5091,2.8612,1,0.0,0.0,0.0,460,327,0.9507,0.0501,46,0.3088,1
1.0929,0,5,25.6175,11.0351,1,0.0,0.0,0.0,133,9,0.2256,0.7896,13,0.1487,2
0.3727,1,0,1002.4477,2788.4658,0,0.0,0.0,0.0,13,8,0.8835,0.0028,59,0.8007,0
8.9638,0,0,461.8688,3885.1042,0,0.0,0.0,0.0,9,12,0.9769,0.0423,205,0.8796,0
33.6759,0,0,971.7398,7483.5263,0,0.0,0.0,0.0,8,8,0.9883,0.0695,58,0.9582,0
0.4425,0,0,93.3092,7.8743,1,0.0,0.0,0.0,372,355,0.977,0.0315,2,0.2175,1
0.1681,0,0,281.1105,1.1815,3,0.0,0.0,0.0,504,324,0.9449,0.0041,47,0.2769,1
0.8708,0,2,265.0708,495.825,0,0.0,5.0,7.0,127,98,0.9542,0.0831,78,0.8177,3
0.2462,0,0,153.1808,9.0492,3,0.0,0.0,0.0,441,252,0.9575,0.0591,49,0.2593,1
0.423,0,0,130.1804,8.0294,1,0.0,0.0,0.0,303,458,0.9973,0.0311,48,0.106,1
2.8744,1,3,1003.1513,2287.8684,0,0.0,0.0,0.0,15,7,0.9546,0.0323,202,0.9198,0
3.4065,0,1,159.3213,466.8508,0,0.0,4.0,6.0,144,105,0.9279,0.065,158,0.7426,3
2.8348,0,2,411.4473,539.6083,0,0.0,5.0,7.0,106,127,0.8087,0.0946,175,0.8911,3
21.5372,1,2,466.8933,6168.821,0,0.0,0.0,0.0,12,9,0.9256,0.0639,179,0.8858,0
25.2919,0,0,311.7533,3745.2125,0,0.0,0.0,0.0,9,11,0.8473,0.1469,67,0.7312,0
0.8743,1,0,41.7431,4.5426,0,0.0,0.0,0.0,276,7,0.2203,0.8603,3,0.0843,2
4.0172,0,2,209.9004,603.3052,1,0.0,5.0,3.0,63,121,0.8942,0.0053,97,0.8586,3
0.5132,1,2,3.4408,7.308,3,0.0,0.0,0.0,166,4,0.0402,0.7896,6,0.0438,2
0.0883,0,0,55.6673,4.7634,3,0.0,0.0,0.0,396,501,0.8698,0.0065,38,0.1811,1
0.8682,0,2,11.6912,25.7517,0,0.0,0.0,0.0,254,13,0.0731,0.9946,2,0.1167,2
0.847,1,1,489.1033,4126.571,0,0.0,0.0,0.0,12,8,0.7863,0.1362,92,0.9657,0
12.3981,0,0,532.5204,3200.1206,2,0.0,0.0,0.0,11,10,0.9252,0.1261,197,0.8638,0
0.7082,0,1,552.9238,243.5489,0,0.0,5.0,7.0,35,77,0.8296,0.0476,147,0.9082,3
7.1076,0,1,458.5134,535.3456,2,0.0,4.0,6.0,114,42,0.941,0.0186,65,0.8882,3
0.0875,0,0,87.1528,1.9598,1,0.0,0.0,0.0,338,391,0.9205,0.018,13,0.1046,1
0.4353,0,5,1.6994,6.7605,1,0.0,0.0,0.0,344,261,0.9908,0.0718,36,0.3212,1
1.3793,0,4,596.1322,1714.5122,0,0.0,0.0,0.0,17,14,0.9399,0.1048,197,0.8929,0
16.5186,0,3,284.9415,2300.9185,0,0.0,0.0,0.0,15,6,0.8051,0.1375,51,0.9381,0
0.2236,0,0,59.7147,8.4239,0,0.0,0.0,0.0,394,382,0.8689,0.0072,40,0.2977,1
0.4156,0,2,19.2682,19.8986,3,0.0,0.0,0.0,252,5,0.2187,0.7975,24,0.1641,2
0.2644,0,1,61.8707,14.1099,1,0.0,0.0,0.0,150,7,0.1813,0.7609,7,0.113,2
0.2808,0,5,55.0051,12.5519,1,0.0,0.0,0.0,286,7,0.0827,0.8108,12,0.1844,2
0.7119,0,1,32.1159,19.2594,2,0.0,0.0,0.0,93,10,0.2273,0.8297,1,0.1717,2
0.0462,0,0,80.371,2.1399,3,0.0,0.0,0.0,342,385,0.8787,0.0505,3,0.1727,1
1.9537,0,1,484.8095,244.6948,0,0.0,1.0,6.0,79,119,0.8885,0.0039,103,0.9419,3
0.6337,1,2,51.2323,23.089,3,0.0,0.0,0.0,134,12,0.0918,0.9595,18,0.098,2
0.1917,0,3,44.125,3.012,1,0.0,0.0,0.0,280,370,0.9851,0.0335,29,0.1277,1
1.0971,0,1,174.2798,482.049,0,0.0,1.0,5.0,101,95,0.8611,0.0642,124,0.721,3
0.3789,0,0,23.9549,7.3727,1,0.0,0.0,0.0,145,9,0.0844,0.8913,5,0.1836,2
0.9826,1,3,9.7744,9.2644,2,0.0,0.0,0.0,147,12,0.0327,0.7875,18,0.1784,2
0.238,0,0,41.4464,2.0238,2,1.0,0.0,0.0,326,506,0.8948,0.0281,5,0.1371,1
0.1603,0,0,40.462,3.9604,2,0.0,0.0,0.0,493,278,0.8615,0.0528,12,0.3296,1
0.4735,0,1,21.7402,5.1329,2,0.0,0.0,0.0,292,11,0.2199,0.9108,1,0.046,2
8.7583,0,1,1251.4458,2910.6946,0,0.0,0.0,0.0,10,11,0.8115,0.032,78,0.7326,0
34.8212,0,1,1184.296,2006.546,0,0.0,0.0,0.0,16,9,0.8442,0.0829,109,0.7645,0
0.6242,0,0,54.748,19.5485,0,0.0,0.0,0.0,167,5,0.0721,0.8545,21,0.136,2
0.0663,1,1,30.8662,5.8954,2,0.0,0.0,0.0,279,1,0.0174,0.8125,14,0.1726,2
0.4179,0,5,26.2687,26.2515,2,0.0,0.0,0.0,234,9,0.0119,0.9654,14,0.0219,2
0.4003,0,3,49.2719,5.882,2,0.0,0.0,0.0,196,4,0.2368,0.9492,14,0.0111,2
7.9782,0,2,410.3723,1779.199,1,0.0,0.0,0.0,12,10,0.9243,0.0473,81,0.7184,0
0.3942,0,3,103.3176,6.2876,1,0.0,0.0,0.0,332,400,0.8918,0.0766,11,0.1196,1
14.2489,2,0,994.372,8541.6901,0,0.0,0.0,0.0,12,14,0.905,0.0873,219,0.9686,0
0.0605,0,0,191.5986,9.6582,1,0.0,0.0,0.0,277,328,0.9676,0.0395,37,0.2988,1
9.4875,0,1,465.4306,4683.5106,0,0.0,0.0,0.0,11,8,0.9778,0.127,151,0.9315,0
5.6018,1,0,573.0001,7424.062,0,0.0,0.0,0.0,11,14,0.9006,0.1204,64,0.9449,0
0.7608,0,4,43.1115,27.1855,1,0.0,0.0,0.0,287,7,0.2232,0.8733,10,0.0861,2
2.0075,0,1,593.1718,455.6311,0,0.0,2.0,3.0,46,40,0.8596,0.0993,69,0.7862,3
0.1476,0,0,57.0704,0.0329,1,0.0,0.0,0.0,436,257,0.9807,0.0773,7,0.2253,1
0.5076,2,1,1.867,25.1841,0,0.0,0.0,0.0,202,4,0.1552,0.9838,14,0.0925,2
2.9467,0,2,362.9904,594.1632,0,0.0,2.0,2.0,128,134,0.9502,0.0361,94,0.9185,3
0.9478,2,1,56.0253,24.5143,2,0.0,0.0,0.0,299,8,0.1243,0.8031,2,0.1139,2
0.3058,0,2,43.2604,8.5109,1,0.0,0.0,0.0,146,13,0.1497,0.9174,5,0.0668,2
0.4944,0,0,53.6105,5.4835,0,0.0,0.0,0.0,358,427,0.9925,0.0595,34,0.3629,1
1.806,0,0,952.9854,1008.2156,0,0.0,0.0,0.0,10,10,0.7874,0.0037,105,0.9859,0
0.8279,2,2,55.5648,8.0363,1,0.0,0.0,0.0,99,6,0.1359,0.8889,5,0.0612,2
0.9992,0,4,381.1852,2680.4566,2,0.0,0.0,0.0,9,10,0.8335,0.0789,223,0.8055,0
0.1205,0,2,41.8086,4.5792,1,0.0,0.0,0.0,95,10,0.2339,0.8899,13,0.1854,2
0.1571,0,0,96.5502,4.1336,1,0.0,0.0,0.0,457,301,0.8823,0.0127,49,0.254,1
4.6763,0,1,489.3656,269.1661,0,0.0,4.0,4.0,115,129,0.8994,0.045,117,0.7548,3
6.8712,0,1,425.1393,544.6958,0,0.0,4.0,2.0,33,58,0.8,0.0502,118,0.6946,3
0.2551,0,0,96.1083,2.5107,2,0.0,0.0,0.0,396,409,0.8788,0.0541,11,0.1286,1
0.5358,1,0,33.5678,5.7997,1,0.0,0.0,0.0,167,6,0.0644,0.8832,21,0.1987,2
0.21,0,0,49.6116,3.2979,1,0.0,0.0,0.0,354,357,0.9998,0.0407,9,0.3701,1
0.1167,0,3,42.6118,7.5454,1,0.0,0.0,0.0,303,400,0.8638,0.0137,19,0.3751,1
0.9688,0,2,50.5553,30.4574,2,0.0,0.0,0.0,91,7,0.0349,0.7526,18,0.176,2
0.1598,0,2,54.9497,16.3503,2,0.0,0.0,0.0,225,14,0.0774,0.8858,15,0.0148,2
0.016,0,0,48.5447,4.2669,1,0.0,0.0,0.0,337,215,0.9947,0.05,5,0.1105,1
0.2597,0,1,399.7871,759.9366,0,0.0,2.0,5.0,42,43,0.8348,0.0074,91,0.9162,3
8.4789,0,2,596.0528,295.8098,0,0.0,1.0,3.0,51,116,0.8131,0.0748,139,0.782,3
0.772,1,0,15.1732,30.4621,2,0.0,0.0,0.0,181,11,0.0861,0.8627,13,0.1067,2
20.8531,0,4,456.5531,2815.2957,0,0.0,0.0,0.0,15,11,0.7794,0.1054,99,0.7735,0
0.3922,0,1,356.0816,532.4299,1,0.0,4.0,6.0,114,73,0.9627,0.0007,117,0.7183,3
0.4872,0,1,7.4422,28.3265,3,0.0,0.0,0.0,193,13,0.2024,0.9419,8,0.1424,2
2.7136,0,1,595.2359,260.6157,0,0.0,3.0,3.0,81,71,0.8064,0.0079,177,0.9381,3
1.1792,0,5,17.6611,12.4933,2,0.0,0.0,0.0,174,11,0.0538,0.9341,12,0.0126,2
0.0261,0,0,30.7832,9.3368,1,0.0,0.0,0.0,324,207,0.9937,0.0313,26,0.3816,1
0.2087,1,1,14.8603,13.5712,2,0.0,0.0,0.0,126,12,0.1804,0.978,23,0.0299,2
3.2357,0,0,833.8457,2543.6642,0,0.0,0.0,0.0,7,13,0.8733,0.0243,226,0.9667,0
1.0442,1,3,61.4545,11.9073,2,0.0,0.0,0.0,158,5,0.0411,0.8021,9,0.0513,2
0.8964,0,0,1678.2833,3284.9855,0,0.0,0.0,0.0,16,10,0.9326,0.0576,195,0.9965,0
0.3669,0,0,62.8518,9.3447,1,0.0,0.0,0.0,424,415,0.9868,0.0417,1,0.2898,1
3.091,1,0,788.0888,2244.7693,0,0.0,0.0,0.0,10,12,0.8258,0.1467,184,0.7764,0
1.2861,0,1,285.6646,563.9144,0,0.0,3.0,3.0,119,91,0.8049,0.0633,47,0.6054,3
19.9106,1,0,496.3144,1060.2355,0,0.0,0.0,0.0,13,14,0.9187,0.0409,221,0.9288,0
0.4915,0,1,566.4243,288.8146,0,0.0,5.0,4.0,65,122,0.9425,0.0467,112,0.6516,3
0.1971,1,0,103.2769,6.9759,1,0.0,0.0,0.0,279,480,0.9534,0.0161,38,0.1773,1
0.4575,0,3,23.5817,12.8635,2,0.0,0.0,0.0,228,9,0.0248,0.9824,6,0.0958,2
0.3092,0,5,39.3971,23.8907,2,0.0,0.0,0.0,99,7,0.0829,0.8274,12,0.1885,2
0.3764,0,0,82.9037,1.6147,1,0.0,0.0,0.0,504,231,0.8852,0.0754,1,0.2148,1
0.3725,0,0,67.984,8.4984,1,0.0,0.0,0.0,424,359,0.8937,0.0558,45,0.1438,1
1.0803,0,1,9.5955,27.9097,3,0.0,0.0,0.0,153,14,0.2028,0.9989,2,0.144,2
20.8479,0,0,457.4534,2030.0796,0,0.0,0.0,0.0,16,10,0.8747,0.0617,174,0.7871,0
1.1917,0,3,14.1858,29.53,2,0.0,0.0,0.0,183,13,0.1872,0.8965,9,0.0783,2
1.0295,1,2,29.3816,9.5985,1,0.0,0.0,0.0,182,14,0.0923,0.882,20,0.1111,2
0.4422,0,3,93.9494,2.7764,3,1.0,0.0,0.0,298,502,0.9205,0.0585,42,0.3563,1
5.5214,0,1,416.6857,447.5085,0,0.0,3.0,6.0,105,51,0.9966,0.0455,129,0.7279,3
0.2337,1,2,13.2566,29.9019,0,0.0,0.0,0.0,227,1,0.1345,0.7511,17,0.1559,2
0.3501,2,3,38.9018,31.6322,1,0.0,0.0,0.0,187,4,0.2399,0.867,3,0.1517,2
0.2071,0,0,22.6127,2.9011,1,0.0,0.0,0.0,466,500,0.8549,0.0142,25,0.3179,1
0.7439,1,0,51.1395,8.8607,2,0.0,0.0,0.0,259,10,0.0885,0.7615,9,0.0523,2
1.1448,1,2,56.8558,6.7266,2,0.0,0.0,0.0,220,14,0.1734,0.8979,13,0.1575,2
7.9131,0,1,465.0337,599.2648,0,0.0,2.0,6.0,36,33,0.9208,0.0895,83,0.775,3
8.4933,0,3,683.0617,3600.5517,0,0.0,0.0,0.0,11,11,0.8143,0.0368,146,0.7201,0
1.0263,0,2,8.8038,17.9631,2,0.0,0.0,0.0,166,13,0.1694,0.8331,15,0.1619,2
0.0525,0,0,61.1685,1.6976,1,1.0,0.0,0.0,465,342,0.9987,0.0463,41,0.1153,1
1.0171,1,2,15.7237,9.4812,0,0.0,0.0,0.0,119,10,0.1382,0.8906,4,0.0586,2
0.4018,0,3,52.5973,24.6455,0,0.0,0.0,0.0,140,1,0.1628,0.8699,18,0.0298,2
0.3978,0,3,3.2791,5.0295,2,0.0,0.0,0.0,340,455,0.9263,0.0998,40,0.1233,1
0.1468,1,0,12.6877,1.0951,1,0.0,0.0,0.0,291,329,0.9492,0.0118,7,0.3877,1
0.1441,1,4,30.355,16.7142,0,0.0,0.0,0.0,232,10,0.2456,0.9754,15,0.0518,2
10.8855,0,0,893.1776,1627.0554,0,0.0,0.0,0.0,12,11,0.7578,0.1044,76,0.9895,0
0.1287,0,0,48.0981,7.4272,1,0.0,0.0,0.0,397,222,0.9886,0.0839,14,0.3946,1
1.1693,0,1,42.9088,6.6822,2,0.0,0.0,0.0,284,12,0.2105,0.7622,5,0.0622,2
11.8026,0,0,259.2272,7861.8448,0,0.0,0.0,0.0,8,10,0.7707,0.053,153,0.9444,0
4.4606,0,0,1475.1023,3367.8721,1,0.0,1.0,0.0,12,14,0.9636,0.077,235,0.807,0
6.846,0,1,462.7979,609.5851,0,0.0,2.0,6.0,78,118,0.993,0.0656,194,0.766,3
0.317,0,1,353.8288,468.3834,0,0.0,1.0,6.0,96,95,0.811,0.0006,48,0.7581,3
0.8287,0,1,48.7607,11.8002,1,0.0,0.0,0.0,180,8,0.0404,0.9431,20,0.1484,2
10.4974,0,1,408.7378,235.1306,0,0.0,4.0,7.0,113,57,0.8916,0.0998,134,0.8836,3
11.9365,0,2,399.7091,595.9206,0,0.0,2.0,4.0,129,51,0.977,0.0298,109,0.7695,3
0.497,0,0,67.5301,5.4847,1,0.0,0.0,0.0,354,478,0.8707,0.0588,15,0.3207,1
0.1829,0,0,71.7863,5.8274,1,1.0,0.0,0.0,330,452,0.9055,0.0159,25,0.2428,1
12.068,0,0,420.9665,2539.1307,0,0.0,0.0,0.0,9,11,0.8389,0.1053,114,0.931,0
17.8026,0,0,471.7551,6547.0413,0,0.0,0.0,0.0,16,9,0.9518,0.1325,110,0.809,0
2.2331,0,2,489.8813,677.1176,0,0.0,1.0,2.0,57,81,0.9583,0.0112,101,0.8156,3
0.2604,0,3,33.5839,27.0756,1,0.0,0.0,0.0,188,3,0.0717,0.7786,15,0.0176,2
2.3551,0,2,585.652,352.5611,0,0.0,3.0,6.0,56,50,0.9248,0.073,121,0.8955,3
0.5983,0,3,8.825,13.4156,1,0.0,0.0,0.0,132,13,0.0834,0.8835,16,0.1129,2
0.0053,0,5,27.9436,5.53,1,0.0,0.0,0.0,250,434,0.9114,0.0122,18,0.1132,1
1.784,0,1,503.2512,266.6438,0,0.0,3.0,5.0,117,42,0.8541,0.0883,78,0.934,3
1.605,0,1,273.4129,730.1978,0,0.0,3.0,6.0,142,133,0.8333,0.0512,81,0.8815,3
2.707,0,1,271.1419,759.0971,0,0.0,4.0,5.0,120,91,0.8114,0.0387,197,0.8815,3
0.3309,0,3,201.5937,0.37,1,0.0,0.0,0.0,378,276,0.9812,0.0275,34,0.179,1
1.1064,0,1,31.1552,4.4897,2,0.0,0.0,0.0,112,5,0.111,0.9085,5,0.0659,2
5.8837,0,1,589.022,601.2403,2,0.0,2.0,6.0,112,74,0.88,0.0132,147,0.6998,3
4.9596,0,0,567.853,2839.8339,0,0.0,0.0,0.0,15,7,0.9192,0.1105,86,0.9822,0
5.5358,0,0,793.0807,3118.803,0,0.0,1.0,0.0,14,10,0.8935,0.1108,196,0.7271,0
0.4018,1,0,186.4528,6.1381,2,0.0,0.0,0.0,305,288,0.9329,0.0909,25,0.2995,1
0.8509,0,0,14.8855,25.3528,2,0.0,0.0,0.0,251,8,0.1032,0.86,18,0.0713,2
8.7262,1,0,1365.4708,2009.9115,0,0.0,0.0,0.0,12,13,0.8807,0.1371,52,0.7721,0
0.2761,1,3,57.4672,14.3699,2,0.0,0.0,0.0,210,12,0.2064,0.8127,7,0.135,2
0.0864,2,3,30.8224,2.8044,1,0.0,0.0,0.0,308,459,0.9757,0.0908,2,0.2774,1
6.1523,0,1,232.4313,720.1454,1,0.0,2.0,6.0,35,35,0.9809,0.0279,164,0.7353,3
2.2607,0,1,434.7244,671.3493,0,0.0,4.0,4.0,52,91,0.9402,0.033,57,0.7952,3
0.77,0,1,571.1407,256.6853,0,0.0,2.0,7.0,91,111,0.965,0.0772,104,0.8162,3
27.5588,0,5,278.9756,5365.964,0,0.0,0.0,0.0,11,11,0.7795,0.0325,52,0.8433,0
0.0435,0,5,147.7362,9.2737,1,1.0,0.0,0.0,265,282,0.9509,0.0577,47,0.2686,1
0.0242,0,0,104.0801,3.0005,1,3.0,0.0,0.0,475,419,0.9262,0.0646,40,0.1879,1
0.4742,0,3,25.0646,1.331,2,0.0,0.0,0.0,291,5,0.131,0.7706,21,0.1805,2
5.5004,0,0,998.178,5503.1956,0,0.0,0.0,0.0,9,11,0.9284,0.0802,187,0.9539,0
0.1599,2,3,78.3256,0.671,2,0.0,0.0,0.0,474,210,0.9298,0.0154,10,0.3753,1
1.0416,0,4,31.1483,23.4462,0,0.0,0.0,0.0,271,5,0.1119,0.8477,12,0.1766,2
0.7977,0,1,489.4747,249.9543,1,0.0,3.0,3.0,114,66,0.9862,0.0414,147,0.9021,3
27.043,0,2,1465.5614,2812.5446,0,0.0,0.0,0.0,12,12,0.9416,0.0456,151,0.7919,0
4.4146,0,1,205.8879,797.4966,0,0.0,4.0,4.0,110,136,0.9098,0.0569,51,0.8718,3
9.4187,2,0,1282.4557,2501.5916,0,0.0,0.0,0.0,10,9,0.84,0.1058,200,0.8093,0
0.3383,0,2,424.6582,291.4221,0,0.0,1.0,2.0,42,27,0.8888,0.0194,123,0.6114,3
0.3618,1,0,88.3478,7.098,1,3.0,0.0,0.0,483,415,0.9878,0.0789,2,0.2299,1
0.7496,0,1,451.1768,638.1759,1,0.0,1.0,4.0,89,55,0.9449,0.0359,73,0.61,3
1.1224,0,2,388.2188,713.0283,0,0.0,3.0,6.0,132,115,0.8738,0.032,50,0.8195,3
1.9974,0,1,294.9652,380.6269,0,0.0,3.0,3.0,116,31,0.9093,0.0775,41,0.9474,3
0.0812,0,0,46.9975,5.3253,2,0.0,0.0,0.0,429,274,0.8782,0.0897,40,0.3511,1
0.1342,0,1,18.6138,12.6821,2,0.0,0.0,0.0,119,9,0.1838,0.7667,15,0.1434,2
0.3127,0,1,166.2003,200.9329,0,0.0,1.0,2.0,67,125,0.9091,0.0925,130,0.8469,3
0.7653,0,1,491.9937,236.1174,1,0.0,5.0,4.0,124,61,0.9536,0.0216,73,0.7696,3
3.2902,0,1,315.9677,446.7442,0,0.0,2.0,6.0,70,74,0.8063,0.0282,195,0.9053,3
0.2533,1,5,22.0019,2.1519,1,0.0,0.0,0.0,367,429,0.8552,0.0545,36,0.3051,1
0.4155,0,3,46.2332,2.4765,1,0.0,0.0,0.0,450,252,0.8705,0.0845,12,0.3216,1
1.3247,0,2,218.0331,679.8208,0,0.0,1.0,6.0,75,127,0.9187,0.0508,146,0.719,3
0.6432,0,3,32.8953,5.5558,2,0.0,0.0,0.0,204,2,0.0292,0.9022,7,0.1803,2
0.3887,0,0,13.3718,7.772,1,0.0,0.0,0.0,479,289,0.9583,0.0846,30,0.2811,1
1.1304,2,0,7.3557,9.0925,1,0.0,0.0,0.0,133,3,0.0461,0.9183,19,0.1598,2
5.5134,1,1,796.4837,4312.226,0,0.0,0.0,0.0,11,8,0.8395,0.1034,186,0.9394,0
2.0976,1,0,1900.1161,6036.7687,0,0.0,0.0,0.0,11,13,0.8213,0.0341,87,0.8897,0
0.136,1,0,24.6518,5.34,2,0.0,0.0,0.0,463,408,0.9301,0.0471,42,0.1996,1
6.7686,0,1,525.2951,710.4994,0,0.0,2.0,2.0,48,133,0.9357,0.0364,173,0.9371,3
6.0777,0,1,375.9492,201.914,0,0.0,5.0,4.0,49,30,0.8715,0.0289,65,0.9066,3
0.1624,0,0,193.6062,0.3,1,0.0,0.0,0.0,506,257,0.8925,0.0732,40,0.3144,1
0.4258,0,5,45.0084,9.2093,3,0.0,0.0,0.0,449,213,0.9701,0.0616,36,0.1534,1
10.8682,0,0,740.8122,4858.5822,0,0.0,0.0,0.0,13,14,0.9758,0.0475,203,0.9084,0
0.4625,0,1,391.489,437.8948,0,0.0,1.0,6.0,110,40,0.8475,0.0775,168,0.747,3
0.3834,0,0,109.6978,2.7633,1,1.0,0.0,0.0,463,262,0.9052,0.0305,33,0.2873,1
0.8907,0,1,54.7977,29.2598,2,0.0,0.0,0.0,246,14,0.2321,0.7624,13,0.0729,2
1.0774,0,0,62.8886,16.0255,2,0.0,0.0,0.0,236,12,0.1101,0.8796,23,0.1654,2
0.3686,1,0,24.5249,2.3412,1,0.0,0.0,0.0,441,201,0.9741,0.0125,25,0.2479,1
0.1566,0,2,39.4658,8.8486,0,0.0,0.0,0.0,89,11,0.1376,0.8628,7,0.1842,2
1.9277,0,1,541.6827,453.3896,1,0.0,2.0,2.0,99,102,0.9561,0.0739,53,0.87,3
5.1775,0,1,591.5843,644.5945,0,0.0,5.0,2.0,123,47,0.9737,0.0072,189,0.8801,3
17.6353,0,1,402.4795,645.743,0,0.0,1.0,6.0,127,44,0.9282,0.0184,90,0.7477,3
0.4185,0,0,239.9907,8.7044,1,0.0,0.0,0.0,320,474,0.8784,0.0172,9,0.2556,1
30.5403,0,0,1152.6005,6568.2375,0,0.0,0.0,0.0,12,12,0.8208,0.0234,164,0.9756,0
0.2469,0,0,36.1233,4.7992,2,0.0,0.0,0.0,509,463,0.958,0.0704,26,0.3977,1
1.0231,0,1,231.1617,553.8788,0,0.0,2.0,2.0,57,38,0.8943,0.0893,173,0.925,3
0.0836,0,0,2.1542,6.4611,1,0.0,0.0,0.0,382,204,0.9446,0.035,26,0.1444,1
1.4401,1,0,1785.6408,6979.8285,0,0.0,0.0,0.0,10,9,0.9236,0.1237,215,0.722,0
0.8029,0,1,34.1032,19.1268,2,0.0,0.0,0.0,190,6,0.2275,0.9362,17,0.1466,2
11.1484,0,2,384.1921,276.5531,0,0.0,5.0,4.0,109,84,0.8869,0.075,177,0.8831,3
7.1677,0,1,223.5903,455.6436,0,0.0,2.0,6.0,51,69,0.8203,0.0955,132,0.7131,3
0.5702,0,2,1154.084,4783.6594,0,0.0,0.0,0.0,11,17,0.8126,0.1122,173,0.9026,0
0.0402,0,0,69.5723,6.9029,1,1.0,0.0,0.0,467,294,0.8893,0.0084,43,0.315,1
11.2987,2,0,1608.8729,1714.6557,0,0.0,0.0,0.0,12,5,0.8221,0.0875,159,0.8207,0
7.7654,0,4,616.3132,3951.2946,0,0.0,0.0,0.0,19,11,0.7691,0.0133,193,0.815,0
0.98,2,0,37.5614,3.6247,2,0.0,0.0,0.0,202,10,0.0282,0.9827,7,0.0318,2
0.8793,1,3,36.9888,29.7691,2,0.0,0.0,0.0,273,1,0.115,0.7686,6,0.0589,2
19.3783,0,5,668.7185,1612.1221,0,0.0,0.0,0.0,15,9,0.8236,0.1346,102,0.9944,0
0.4582,0,5,4.94,18.112,2,0.0,0.0,0.0,150,8,0.0144,0.9677,10,0.1368,2
3.6657,0,1,516.3337,616.2832,0,0.0,3.0,6.0,75,30,0.9933,0.0746,193,0.9154,3
0.2772,0,3,41.6537,3.2931,1,1.0,0.0,0.0,498,280,0.8799,0.0575,47,0.2643,1
0.0692,1,0,47.3297,24.1297,2,0.0,0.0,0.0,85,13,0.0221,0.7663,18,0.1955,2
22.8035,0,0,671.3507,4767.6511,0,0.0,0.0,0.0,13,9,0.814,0.0132,126,0.8624,0
0.7802,0,5,0.3855,28.0645,2,0.0,0.0,0.0,91,8,0.1682,0.8236,15,0.1801,2
0.5052,1,0,768.9969,778.0269,0,0.0,0.0,0.0,9,7,0.9748,0.1245,102,0.7844,0
8.2419,0,3,411.9869,3530.3665,0,0.0,0.0,0.0,9,13,0.885,0.0553,95,0.7823,0
0.1193,1,5,84.9483,5.462,1,0.0,0.0,0.0,337,275,0.9342,0.0127,34,0.1457,1
28.9051,0,2,371.7243,1887.39,1,0.0,0.0,0.0,7,7,0.9186,0.0447,70,0.7663,0
12.7552,0,1,676.9464,2772.4349,0,0.0,0.0,0.0,14,12,0.8321,0.0321,196,0.9807,0
2.6852,0,1,205.5751,363.3203,0,0.0,4.0,6.0,78,116,0.8673,0.0793,78,0.8296,3
2.7461,0,1,547.3251,333.5703,0,0.0,1.0,7.0,102,136,0.8006,0.0501,129,0.9436,3
0.071,0,3,8.8977,0.9033,1,0.0,0.0,0.0,413,446,0.9105,0.0756,41,0.1174,1
2.1367,0,1,369.2085,463.0373,0,0.0,3.0,7.0,113,82,0.9861,0.0894,183,0.8871,3
19.4175,0,0,1469.4277,2344.6222,0,0.0,0.0,0.0,14,17,0.7991,0.0289,204,0.8644,0
1.1958,1,1,23.8829,9.7689,1,0.0,0.0,0.0,206,13,0.229,0.8895,16,0.1709,2
1.0639,0,2,489.7023,500.8429,1,0.0,1.0,2.0,74,34,0.9826,0.0632,186,0.6193,3
0.2855,0,3,47.6925,26.1875,2,0.0,0.0,0.0,193,1,0.2059,0.7924,18,0.069,2
7.7269,0,1,196.9526,573.1538,1,0.0,5.0,6.0,147,71,0.8062,0.0737,107,0.7511,3
3.2927,0,3,1259.9604,2009.1722,0,0.0,0.0,0.0,9,6,0.8932,0.0761,228,0.9608,0
1.6927,1,0,1226.2696,3889.2148,0,0.0,0.0,0.0,10,15,0.9412,0.0875,176,0.8802,0
0.3305,0,0,109.299,8.04,1,3.0,0.0,0.0,273,387,0.9738,0.0417,44,0.1463,1
6.2064,0,0,658.6348,4243.1298,0,0.0,0.0,0.0,11,12,0.8683,0.1379,156,0.8183,0
2.3848,0,0,779.7224,4578.8839,0,0.0,0.0,0.0,13,11,0.9818,0.0384,194,0.7196,0
0.4057,1,2,37.8648,23.524,3,0.0,0.0,0.0,284,7,0.1541,0.9889,23,0.1129,2
0.2459,0,5,122.6733,5.8445,1,0.0,0.0,0.0,250,237,0.8974,0.0978,21,0.293,1
0.4752,0,1,26.8554,18.1051,2,0.0,0.0,0.0,193,4,0.1072,0.8805,17,0.1689,2
0.9306,0,1,418.6845,351.973,2,0.0,2.0,5.0,93,101,0.8432,0.0747,68,0.7161,3
0.373,0,0,18.0658,14.9441,2,0.0,0.0,0.0,265,7,0.0419,0.9469,19,0.0926,2
27.2992,0,0,301.4733,5198.8168,0,0.0,0.0,0.0,7,13,0.8132,0.1044,130,0.7847,0
3.9062,0,2,299.1187,741.9553,2,0.0,5.0,2.0,36,89,0.8016,0.0018,49,0.87,3
0.3495,1,5,70.5204,3.6489,1,0.0,0.0,0.0,391,252,0.8597,0.0005,35,0.1411,1
0.3395,0,0,18.4742,8.434,1,0.0,0.0,0.0,330,267,0.9868,0.0813,43,0.1271,1
0.3721,0,5,16.1967,1.3076,1,0.0,0.0,0.0,256,492,0.9272,0.0387,41,0.3784,1
4.5755,0,1,1355.9734,3683.6802,0,0.0,0.0,0.0,6,6,0.9315,0.0035,100,0.8244,0
0.1469,0,0,43.1407,1.7314,1,0.0,0.0,0.0,326,297,0.9146,0.0645,9,0.2581,1
1.3143,0,2,498.5713,239.8468,0,0.0,5.0,5.0,64,133,0.8444,0.0227,174,0.6862,3
0.3473,0,3,54.6981,3.6992,2,0.0,0.0,0.0,123,9,0.1635,0.872,5,0.1761,2
1.49,0,1,161.9493,782.5932,0,0.0,5.0,3.0,99,88,0.9895,0.0951,72,0.6795,3
0.0824,0,3,24.7827,16.4012,0,0.0,0.0,0.0,140,14,0.1458,0.8568,17,0.0328,2
0.3086,0,0,48.1521,6.9888,2,0.0,0.0,0.0,157,5,0.1153,0.9724,1,0.0841,2
10.185,0,1,157.9459,326.7813,2,0.0,3.0,4.0,129,120,0.8434,0.0525,159,0.6245,3
0.4001,2,4,52.684,19.1573,2,0.0,0.0,0.0,142,6,0.0947,0.9019,17,0.0911,2
1.9594,0,2,169.265,479.9008,0,0.0,3.0,2.0,65,90,0.8465,0.0504,91,0.6846,3
15.9372,0,0,394.872,3775.7383,0,0.0,0.0,0.0,14,16,0.7828,0.1011,79,0.934,0
0.4318,0,0,186.4739,1.6523,2,0.0,0.0,0.0,448,492,0.9682,0.0702,3,0.3664,1
6.1199,0,4,754.9419,6570.4958,0,0.0,0.0,0.0,15,11,0.7622,0.0653,131,0.8743,0
0.2598,2,0,1.4418,21.0256,2,0.0,0.0,0.0,126,8,0.2067,0.9294,21,0.1988,2
0.1093,0,0,49.7769,1.6736,1,0.0,0.0,0.0,366,323,0.9506,0.0345,39,0.2653,1
8.0158,0,0,530.5634,3715.5329,0,0.0,0.0,0.0,16,13,0.769,0.1236,216,0.9676,0
98.1693,1,0,194.4989,1795.7459,0,0.0,0.0,0.0,14,7,0.774,0.0936,220,0.7512,0
0.8248,0,0,51.1673,9.2101,2,0.0,0.0,0.0,299,11,0.0433,0.9415,6,0.1363,2
0.3398,0,1,183.1377,469.482,0,0.0,5.0,6.0,94,97,0.9261,0.0287,74,0.8629,3
2.2887,0,1,599.7975,787.0188,1,0.0,3.0,4.0,70,103,0.8548,0.0476,73,0.6266,3
0.0678,0,0,50.2423,6.8713,1,0.0,0.0,0.0,328,475,0.9332,0.0359,4,0.1546,1
11.8156,0,0,413.077,5716.3504,0,0.0,0.0,0.0,13,7,0.9986,0.0851,71,0.7539,0
0.2611,1,0,94.0247,9.7101,2,0.0,0.0,0.0,373,429,0.893,0.085,42,0.1062,1
4.2356,0,1,524.4504,772.2209,0,0.0,5.0,6.0,33,76,0.9807,0.0224,138,0.8443,3
0.0534,0,0,40.3757,9.9613,1,0.0,0.0,0.0,443,506,0.9775,0.0577,1,0.1646,1
0.4316,1,0,64.8379,8.4481,1,0.0,0.0,0.0,254,480,0.9139,0.0873,34,0.1822,1
20.3212,0,0,1153.6543,7426.5962,0,0.0,0.0,0.0,8,9,0.7798,0.1049,57,0.7791,0
0.0636,0,3,41.7077,7.2149,0,0.0,0.0,0.0,298,362,0.8795,0.0761,13,0.1651,1
0.0364,1,1,22.9431,7.4235,2,0.0,0.0,0.0,145,2,0.164,0.766,23,0.0382,2
0.0276,0,3,4.8145,8.607,1,0.0,0.0,0.0,358,470,0.8724,0.0138,14,0.1251,1
1.1464,0,1,450.1869,723.9007,2,0.0,2.0,2.0,111,108,0.9547,0.0908,172,0.6395,3
0.9855,0,0,16.7318,3.7033,0,0.0,0.0,0.0,130,14,0.2408,0.9193,8,0.0332,2
1.5759,0,1,522.9032,585.6784,0,0.0,3.0,6.0,120,101,0.8177,0.018,63,0.8063,3
0.7121,0,4,26.6347,16.916,2,0.0,0.0,0.0,109,6,0.1598,0.7773,9,0.1937,2
0.7438,1,2,31.2079,5.2556,3,0.0,0.0,0.0,209,1,0.0159,0.9129,13,0.1517,2
0.8449,2,4,33.0745,18.8671,2,0.0,0.0,0.0,169,3,0.1816,0.9054,22,0.0464,2
0.2898,2,0,17.6926,1.4981,1,1.0,0.0,0.0,336,204,0.9114,0.077,26,0.1971,1
0.7679,0,1,273.3756,367.2367,2,0.0,5.0,5.0,74,128,0.8101,0.0161,90,0.6037,3
0.0673,1,0,109.7504,3.3372,1,0.0,0.0,0.0,372,300,0.8988,0.0264,26,0.1151,1
6.8519,0,0,1148.0647,6916.1035,0,0.0,0.0,0.0,12,5,0.9779,0.0991,156,0.8548,0
0.3263,0,0,42.5583,2.8548,1,1.0,0.0,0.0,424,383,0.8712,0.0067,43,0.3661,1
1.0515,0,0,29.7064,12.8674,1,0.0,0.0,0.0,117,3,0.0922,0.7566,6,0.1815,2
0.4432,0,0,33.7736,22.5464,2,0.0,0.0,0.0,106,12,0.0108,0.9257,4,0.0861,2
0.4802,0,5,40.654,14.8111,1,0.0,0.0,0.0,173,13,0.1112,0.9629,16,0.1057,2
0.257,0,0,106.4648,3382.0973,0,0.0,0.0,0.0,17,5,0.9779,0.0818,53,0.8802,0
5.2863,0,0,1920.6946,6895.1295,0,0.0,0.0,0.0,11,13,0.8151,0.1346,76,0.7373,0
0.5663,0,1,387.7483,608.46,0,0.0,3.0,6.0,78,135,0.9447,0.043,168,0.823,3
0.1896,1,3,44.0193,12.3598,1,0.0,0.0,0.0,256,1,0.1498,0.8571,24,0.1498,2
2.1578,0,1,215.7635,470.3775,0,0.0,3.0,3.0,62,45,0.8481,0.0775,114,0.9278,3
7.9452,0,1,288.0125,233.4497,0,0.0,5.0,5.0,121,111,0.8883,0.0919,67,0.8811,3
6.8947,0,0,1286.3143,6240.6054,0,0.0,0.0,0.0,14,10,0.8355,0.1418,119,0.8244,0
0.0466,1,5,67.9242,2.4366,0,0.0,0.0,0.0,298,304,0.9113,0.0993,22,0.334,1
0.0013,0,0,13.8375,2.0351,1,0.0,0.0,0.0,278,259,0.9551,0.0906,15,0.1722,1
5.5141,0,1,264.5944,292.4424,0,0.0,4.0,6.0,134,120,0.992,0.0085,54,0.9,3
5.0095,0,2,510.9833,564.5118,0,0.0,4.0,4.0,47,69,0.9932,0.035,126,0.8288,3
0.5125,0,2,335.4753,281.7838,0,0.0,5.0,4.0,109,108,0.9201,0.0459,105,0.8649,3
1.9166,0,1,473.6167,548.4458,0,0.0,1.0,7.0,122,34,0.9199,0.0326,90,0.865,3
0.8443,0,4,1028.2428,4163.006,0,0.0,0.0,0.0,7,10,0.887,0.0603,194,0.8255,0
6.4503,0,1,332.8031,220.0682,0,0.0,2.0,5.0,129,78,0.8678,0.0681,50,0.815,3
0.0386,1,0,7.9636,15.866,2,0.0,0.0,0.0,136,1,0.0408,0.7851,10,0.0136,2
3.0302,0,1,553.707,615.1453,0,0.0,1.0,5.0,57,90,0.975,0.0041,171,0.7704,3
3.089,2,3,633.671,4565.0622,1,0.0,0.0,0.0,11,12,0.9863,0.1038,141,0.77,0
0.1329,1,3,46.275,2.7415,1,0.0,0.0,0.0,256,504,0.9813,0.0359,21,0.3864,1
0.4951,0,5,20.8267,0.8142,1,0.0,0.0,0.0,424,427,0.9267,0.0958,37,0.1067,1
0.603,0,1,165.3762,295.4134,0,0.0,5.0,5.0,34,136,0.9968,0.042,63,0.8822,3
0.2501,0,1,12.3745,23.8003,1,0.0,0.0,0.0,130,2,0.1411,0.9624,19,0.1704,2
0.967,0,1,44.6638,4.529,0,0.0,0.0,0.0,174,13,0.0123,0.7613,9,0.1217,2
1.5965,0,2,516.6059,563.316,1,0.0,4.0,2.0,144,78,0.8744,0.0425,173,0.9085,3
5.7394,0,1,220.2882,304.1956,0,0.0,3.0,4.0,99,134,0.8108,0.0373,134,0.6331,3
0.4144,1,0,93.8126,0.4428,1,0.0,0.0,0.0,319,391,0.9523,0.029,6,0.1098,1
0.9277,0,5,1053.6573,2059.6951,0,0.0,0.0,0.0,4,7,0.824,0.1489,165,0.7549,0
0.449,0,2,26.1869,24.2284,0,0.0,0.0,0.0,203,9,0.2113,0.7986,16,0.0667,2
0.1353,0,0,42.7088,7.5484,1,0.0,0.0,0.0,359,291,0.9423,0.0252,23,0.3852,1
0.7963,0,1,326.2351,5330.155,0,0.0,0.0,0.0,9,11,0.9046,0.0775,110,0.9978,0
0.4698,1,3,13.9587,7.9007,2,0.0,0.0,0.0,204,10,0.0215,0.8039,3,0.1587,2
27.7813,0,0,1398.4826,3036.5019,0,0.0,0.0,0.0,13,14,0.8643,0.1002,113,0.9164,0
1.095,2,3,33.4243,31.9288,2,0.0,0.0,0.0,145,14,0.1585,0.7803,8,0.1199,2
1.1921,0,1,1225.8961,3817.496,0,0.0,0.0,0.0,13,13,0.8856,0.1122,227,0.7415,0
0.0798,0,0,22.6541,4.7327,2,0.0,0.0,0.0,396,202,0.9082,0.0779,36,0.2668,1
0.1476,0,0,0.229,0.8727,2,1.0,0.0,0.0,314,261,0.9939,0.0618,32,0.3023,1
1.6073,0,2,591.2365,302.7165,0,0.0,3.0,3.0,98,130,0.8062,0.0572,125,0.7007,3
15.6395,1,3,1940.6804,2634.4642,0,0.0,0.0,0.0,15,9,0.9524,0.1218,124,0.8963,0
0.406,0,0,146.7772,0.8904,1,1.0,0.0,0.0,369,262,0.9152,0.048,9,0.3406,1
10.1592,0,0,330.4848,1189.6416,2,0.0,0.0,0.0,19,7,0.8195,0.0914,201,0.9542,0
17.8538,1,0,1264.9877,1922.5056,1,0.0,0.0,0.0,13,15,0.8796,0.0171,145,0.825,0
0.1612,0,0,23.513,7.4891,1,0.0,0.0,0.0,466,250,0.9995,0.0196,47,0.338,1
0.7388,1,1,47.9994,29.0121,1,0.0,0.0,0.0,102,14,0.0507,0.9624,24,0.0857,2
0.1693,1,0,37.3494,0.5634,1,0.0,0.0,0.0,500,362,0.9631,0.0089,4,0.2245,1
1.0994,0,1,447.2784,697.7938,0,0.0,1.0,6.0,117,117,0.8256,0.0206,83,0.9414,3
0.0443,0,0,14.6032,4.9986,1,3.0,0.0,0.0,447,295,0.9868,0.003,24,0.3106,1
7.3274,0,3,1342.99,6433.6611,0,0.0,0.0,0.0,10,18,0.9392,0.0011,99,0.9115,0
0.9222,1,2,40.1377,5.8927,2,0.0,0.0,0.0,80,4,0.0935,0.8728,20,0.1843,2
14.1359,0,0,933.4384,7564.313,0,0.0,0.0,0.0,18,6,0.9821,0.0799,227,0.7579,0
0.0545,0,2,12.2082,5.2255,1,0.0,0.0,0.0,125,1,0.1453,0.8327,8,0.0827,2
1.0398,0,2,44.4572,29.8244,1,0.0,0.0,0.0,190,8,0.064,0.9899,22,0.0829,2
12.5436,0,3,616.0238,1884.1253,0,0.0,0.0,0.0,16,12,0.8688,0.0487,53,0.7021,0
17.2647,0,0,701.5957,8753.4987,0,0.0,0.0,0.0,25,6,0.9541,0.0286,182,0.7756,0
0.4115,1,0,184.4675,9.0934,3,0.0,0.0,0.0,400,340,0.9447,0.0101,38,0.1013,1
0.2185,0,0,5.1137,9.4494,0,0.0,0.0,0.0,481,256,0.9335,0.0474,42,0.2284,1
0.3447,0,0,45.3595,4.1536,1,0.0,0.0,0.0,497,300,0.8814,0.0574,31,0.3672,1
0.3265,0,1,159.3206,623.4337,2,0.0,5.0,6.0,131,28,0.8079,0.0819,51,0.8164,3
0.6118,0,1,32.552,7.9071,0,0.0,0.0,0.0,116,4,0.1614,0.803,24,0.1631,2
3.0661,0,2,228.9809,249.4212,0,0.0,2.0,6.0,125,128,0.9845,0.0851,58,0.8279,3
0.4343,0,0,63.5037,7.0042,2,0.0,0.0,0.0,449,364,0.9546,0.0902,42,0.3495,1
0.698,1,1,31.0025,5.8771,1,0.0,0.0,0.0,81,5,0.1696,0.9518,17,0.0171,2
1.4644,0,1,286.5873,302.5774,0,0.0,4.0,5.0,61,80,0.8066,0.0311,53,0.7796,3
9.468,1,0,149.651,6264.302,0,0.0,0.0,0.0,12,13,0.7721,0.0684,58,0.7003,0
0.446,1,3,41.2087,10.3804,1,0.0,0.0,0.0,161,1,0.1414,0.8049,18,0.1654,2
6.7382,0,1,201.0732,362.2788,0,0.0,5.0,7.0,60,26,0.8853,0.0686,155,0.7916,3
0.2991,1,3,39.1267,6.0028,1,0.0,0.0,0.0,297,320,0.9878,0.0038,27,0.1069,1
0.2081,0,4,50.107,27.2576,2,0.0,0.0,0.0,220,1,0.1599,0.8642,1,0.1516,2
1.0945,0,3,38.8012,23.823,3,0.0,0.0,0.0,236,1,0.1081,0.9524,7,0.191,2
8.7706,0,1,482.5477,676.4937,0,0.0,4.0,7.0,136,98,0.9187,0.0957,106,0.9065,3
3.3341,0,1,590.3324,614.3906,0,0.0,3.0,2.0,33,134,0.9318,0.0042,62,0.7502,3
15.2117,0,2,669.6224,3083.6698,0,0.0,0.0,0.0,7,14,0.8987,0.0402,143,0.8663,0
0.158,0,0,12.0521,2.0678,1,0.0,0.0,0.0,329,402,0.9095,0.0157,21,0.2745,1
0.7038,0,2,47.925,1.7881,0,0.0,0.0,0.0,171,9,0.0419,0.8481,15,0.1378,2
36.0637,0,0,551.802,3327.7263,0,0.0,0.0,0.0,9,6,0.8903,0.0294,101,0.7798,0
0.3638,1,3,6.0946,8.6637,2,0.0,0.0,0.0,452,417,0.9654,0.0756,32,0.2617,1
2.8358,0,1,579.5747,330.1246,2,0.0,5.0,2.0,98,57,0.8245,0.0261,94,0.894,3
1.7897,0,2,597.9685,482.1027,0,0.0,1.0,4.0,72,69,0.9007,0.001,167,0.655,3
0.3503,0,0,247.9414,0.0403,1,0.0,0.0,0.0,316,326,0.8603,0.0915,3,0.1504,1
7.6984,0,2,325.1224,556.9305,2,0.0,5.0,6.0,45,124,0.9366,0.0796,140,0.803,3
1.0165,0,2,470.7373,522.4546,2,0.0,3.0,6.0,82,28,0.9827,0.0875,56,0.8191,3
0.0542,0,0,34.1576,6.1821,1,0.0,0.0,0.0,438,336,0.9426,0.0393,46,0.1913,1
0.8301,1,0,4.768,6.2698,2,0.0,0.0,0.0,148,10,0.1162,0.8817,24,0.0243,2
7.2693,0,2,265.6491,2217.0664,1,0.0,0.0,0.0,16,7,0.9962,0.0388,96,0.9566,0
4.0888,0,1,528.9747,520.9148,0,0.0,3.0,5.0,107,94,0.8587,0.0814,155,0.8,3
0.4601,1,4,30.0554,0.6443,2,0.0,0.0,0.0,114,12,0.0269,0.8077,15,0.1284,2
8.5021,0,2,292.1368,646.7632,2,0.0,4.0,2.0,83,81,0.8691,0.0472,138,0.7999,3
0.2298,0,1,152.2086,748.4912,0,0.0,4.0,3.0,140,51,0.9948,0.0119,157,0.8609,3
11.9348,0,2,467.9283,750.2053,0,0.0,3.0,4.0,118,86,0.802,0.0853,73,0.8117,3
0.0882,0,3,70.0199,1.0377,1,0.0,0.0,0.0,271,404,0.8538,0.0218,49,0.3594,1
9.2144,0,4,367.379,2570.6689,0,0.0,0.0,0.0,12,8,0.8279,0.1427,87,0.8037,0
0.0721,0,3,31.5747,8.8108,1,0.0,0.0,0.0,337,356,0.9681,0.0915,41,0.3052,1
44.0795,2,0,369.4773,2735.2342,0,0.0,0.0,0.0,13,8,0.7685,0.0031,68,0.7127,0
1.1716,0,2,16.4,29.7606,2,0.0,0.0,0.0,154,10,0.0742,0.8252,3,0.1031,2
0.0017,0,0,102.383,9.0544,1,0.0,0.0,0.0,473,281,0.9147,0.0342,38,0.3273,1
1.0629,0,5,18.7971,7.2903,0,0.0,0.0,0.0,162,2,0.16,0.959,24,0.1679,2
3.4323,1,2,1996.7488,4246.0779,0,0.0,0.0,0.0,8,9,0.8272,0.0016,73,0.7522,0
33.5335,1,0,2612.8242,5652.0146,0,0.0,0.0,0.0,16,9,0.9544,0.1334,107,0.8526,0
4.1516,0,0,367.2908,1742.3858,0,0.0,0.0,0.0,18,11,0.9713,0.1291,78,0.8943,0
9.249,1,3,1419.9212,2484.3058,1,0.0,0.0,0.0,10,10,0.8034,0.0901,105,0.7931,0
0.7151,0,3,54.213,15.0056,3,0.0,0.0,0.0,274,5,0.0931,0.832,13,0.0766,2
0.4837,0,1,60.444,29.5953,1,0.0,0.0,0.0,298,13,0.1796,0.8056,14,0.1827,2
0.0596,0,0,34.2849,8.7954,2,0.0,0.0,0.0,381,313,0.9837,0.0848,34,0.3926,1
0.7059,0,5,19.6794,5.2802,1,0.0,0.0,0.0,285,4,0.2096,0.9257,6,0.0871,2
0.0755,0,1,45.8917,14.3223,1,0.0,0.0,0.0,203,14,0.1473,0.9552,19,0.104,2
0.4154,1,3,42.4389,12.2466,1,0.0,0.0,0.0,90,5,0.1978,0.7784,2,0.0277,2
1.1463,0,3,540.1956,4028.2164,1,0.0,0.0,0.0,15,11,0.9681,0.0729,159,0.7583,0
13.3155,0,3,3303.3182,4980.493,0,0.0,0.0,0.0,8,14,0.9704,0.1003,244,0.7337,0
0.2397,0,3,35.0885,7.4608,3,0.0,0.0,0.0,498,441,0.9195,0.0613,16,0.3588,1
5.355,0,4,1856.1702,1353.7779,0,0.0,0.0,0.0,12,18,0.8483,0.0944,163,0.7046,0
18.5397,0,0,1415.6878,2129.8791,0,0.0,0.0,0.0,14,10,0.9377,0.0812,144,0.7082,0
21.0891,0,3,518.9823,2278.3654,0,0.0,0.0,0.0,15,14,0.7691,0.0306,61,0.8751,0
0.0266,0,5,209.8239,1.4967,1,0.0,0.0,0.0,436,229,0.9452,0.0397,31,0.212,1
0.2908,0,0,15.3252,31.6441,3,0.0,0.0,0.0,100,2,0.1112,0.9563,24,0.1655,2
0.2973,0,0,111.6232,6.603,1,0.0,0.0,0.0,346,417,0.9126,0.0325,37,0.3605,1
40.6141,0,0,1139.9306,2703.1864,0,0.0,0.0,0.0,7,11,0.9341,0.0882,238,0.7586,0
1.1772,0,1,297.1468,657.0056,0,0.0,1.0,6.0,77,103,0.9051,0.0588,95,0.8269,3
0.2761,1,2,3.2556,24.6411,1,0.0,0.0,0.0,191,9,0.1643,0.7576,9,0.0599,2
1.0205,0,2,25.5053,23.5137,1,0.0,0.0,0.0,158,11,0.2293,0.9358,7,0.1961,2
0.0313,0,5,47.8089,2.1301,1,0.0,0.0,0.0,263,388,0.934,0.0986,31,0.1893,1
0.8657,0,1,345.5482,427.4959,1,0.0,5.0,7.0,116,38,0.8209,0.0601,43,0.735,3
2.337,0,1,290.5933,311.3766,2,0.0,4.0,6.0,127,121,0.9662,0.0059,178,0.8703,3
0.6155,0,1,24.6437,27.3026,1,0.0,0.0,0.0,102,10,0.1711,0.9359,15,0.1701,2
0.1235,0,0,71.7819,1.0031,1,0.0,0.0,0.0,434,206,0.8606,0.0161,10,0.1578,1
0.9455,1,0,41.2816,20.8226,1,0.0,0.0,0.0,169,6,0.0346,0.9225,14,0.0291,2
15.7945,0,0,983.5068,4902.5185,0,0.0,0.0,0.0,7,9,0.9117,0.1245,99,0.8121,0
0.479,0,5,46.4502,2.291,1,0.0,0.0,0.0,486,448,0.9628,0.0698,26,0.201,1
0.213,0,0,81.7282,1.1542,1,0.0,0.0,0.0,437,442,0.8674,0.0125,4,0.3158,1
0.6336,0,3,30.4987,23.8176,2,0.0,0.0,0.0,93,1,0.1213,0.9167,22,0.0619,2
1.0755,1,0,36.3887,25.1396,2,0.0,0.0,0.0,277,7,0.1177,0.8017,18,0.1937,2
12.0728,0,1,323.2909,325.7714,0,0.0,2.0,2.0,108,90,0.8362,0.0864,123,0.6333,3
0.1393,0,0,58.6334,0.0071,0,1.0,0.0,0.0,321,208,0.9632,0.0209,32,0.3937,1
0.6953,0,4,21.5696,6.5565,2,0.0,0.0,0.0,256,1,0.2352,0.9762,5,0.1706,2
0.3144,0,0,38.5765,6.4077,1,0.0,0.0,0.0,333,243,0.9782,0.0796,14,0.3146,1
21.2872,0,0,1790.1316,2519.8709,1,0.0,0.0,0.0,15,9,0.8564,0.1399,156,0.713,0
0.0332,0,5,49.2652,18.0333,2,0.0,0.0,0.0,266,12,0.1744,0.9261,9,0.0302,2
0.3808,0,3,21.3763,3.6864,2,0.0,0.0,0.0,384,224,0.9096,0.0032,31,0.3106,1
0.3836,1,5,3.1485,1.4167,1,0.0,0.0,0.0,86,4,0.1703,0.7568,1,0.1057,2
0.852,0,2,50.3773,0.021,0,0.0,0.0,0.0,215,11,0.0273,0.9477,22,0.0467,2
0.1583,0,0,114.8798,8.1606,1,0.0,0.0,0.0,355,410,0.9287,0.0701,49,0.2291,1
0.0119,0,0,65.5527,2.3947,1,0.0,0.0,0.0,326,466,0.9935,0.0917,21,0.2793,1
10.3105,0,1,518.8381,378.53,0,0.0,5.0,6.0,72,98,0.8385,0.0185,161,0.728,3
0.0762,1,1,48.6489,24.726,2,0.0,0.0,0.0,288,3,0.0487,0.76,22,0.1804,2
17.1389,0,0,866.4626,6549.2241,0,0.0,0.0,0.0,18,9,0.851,0.0055,147,0.9987,0
0.2474,0,0,15.8615,9.0389,1,0.0,0.0,0.0,318,495,0.9812,0.0312,47,0.1623,1
2.9188,1,3,91.4941,4946.9267,0,0.0,0.0,0.0,14,9,0.8101,0.0853,253,0.7323,0
0.3706,0,1,540.744,286.4266,0,0.0,5.0,7.0,83,105,0.9028,0.0604,72,0.7099,3
6.0758,0,0,251.1181,2456.3269,0,0.0,0.0,0.0,11,6,0.7598,0.1335,117,0.9163,0
1.0306,0,1,597.3444,748.5521,0,0.0,2.0,6.0,119,40,0.9956,0.0138,185,0.6474,3
5.0547,0,0,664.8671,1911.4581,0,0.0,0.0,0.0,16,9,0.8799,0.1257,142,0.9698,0
44.2677,1,5,393.6608,3276.7359,0,0.0,0.0,0.0,16,18,0.7734,0.0475,209,0.8147,0
0.2473,1,3,111.6398,5.6387,1,1.0,0.0,0.0,380,270,0.8984,0.0451,12,0.1605,1
5.4002,0,1,189.0509,542.6367,0,0.0,4.0,2.0,94,92,0.8679,0.0558,141,0.8988,3
0.1365,0,3,142.7196,7.8005,2,0.0,0.0,0.0,303,400,0.9664,0.0496,6,0.1316,1
5.4232,0,2,395.7088,332.4445,0,0.0,4.0,3.0,46,89,0.9373,0.0787,81,0.7537,3
0.029,0,3,22.1232,2.5491,1,0.0,0.0,0.0,474,306,0.9009,0.0122,28,0.1482,1
0.6901,0,3,61.2657,4.3745,1,0.0,0.0,0.0,123,12,0.0671,0.9491,10,0.064,2
11.2846,0,0,769.2514,2348.0006,1,0.0,0.0,0.0,13,12,0.8676,0.1379,190,0.8333,0
27.6801,1,0,549.0514,6488.3899,0,0.0,0.0,0.0,14,8,0.9049,0.12,165,0.8849,0
0.7668,0,0,39.7975,14.5323,1,0.0,0.0,0.0,195,1,0.0123,0.951,18,0.1744,2
3.5515,0,2,353.3913,364.3833,0,0.0,1.0,6.0,149,131,0.9632,0.0064,74,0.6999,3
0.0944,1,0,36.4182,8.875,2,0.0,0.0,0.0,481,390,0.9387,0.0012,36,0.1752,1
5.2548,0,0,1332.4643,2864.4158,0,0.0,0.0,0.0,15,8,0.7686,0.0772,88,0.7791,0
14.447,1,4,360.9932,5994.7703,0,0.0,0.0,0.0,8,9,0.7567,0.0699,249,0.8489,0
3.5186,0,1,247.9304,647.7486,0,0.0,4.0,3.0,54,128,0.8209,0.0834,132,0.8504,3
0.5607,1,5,26.3194,8.0677,2,0.0,0.0,0.0,184,13,0.2372,0.9506,11,0.1249,2
10.4044,1,4,694.8341,5843.4401,0,0.0,0.0,0.0,9,10,0.9541,0.1179,253,0.7104,0
0.9853,1,3,23.0675,6.8024,0,0.0,0.0,0.0,253,14,0.1686,0.924,17,0.1533,2
0.2968,0,0,37.8661,0.5493,1,0.0,0.0,0.0,421,238,0.9454,0.029,32,0.2853,1
3.4987,0,1,460.6674,373.1057,0,0.0,4.0,7.0,86,138,0.9157,0.026,128,0.7706,3
0.0656,1,0,95.9868,0.5219,1,0.0,0.0,0.0,359,469,0.9461,0.0679,36,0.3979,1
11.4289,0,1,445.4491,525.1136,0,0.0,2.0,4.0,94,80,0.8013,0.061,81,0.7768,3
0.4365,0,0,53.1527,0.2141,2,0.0,0.0,0.0,151,7,0.135,0.8779,14,0.0246,2
0.1142,0,0,22.2272,7.8553,2,0.0,0.0,0.0,447,424,0.8976,0.0661,28,0.1152,1
0.4843,0,0,8.1189,3.2915,1,1.0,0.0,0.0,509,330,0.9355,0.0289,44,0.1176,1
6.4481,0,2,592.4535,611.0027,0,0.0,4.0,2.0,112,90,0.8818,0.0822,111,0.8175,3
5.7095,0,1,465.3125,200.0978,0,0.0,5.0,7.0,32,62,0.9725,0.0505,119,0.7382,3
1.6308,0,3,1444.3461,5093.0716,0,0.0,0.0,0.0,15,10,0.9791,0.1057,196,0.99,0
2.1874,0,2,296.1462,309.0689,1,0.0,2.0,4.0,46,38,0.9998,0.0347,106,0.8341,3
3.8272,0,1,459.2156,393.8786,0,0.0,2.0,3.0,74,48,0.8909,0.0341,89,0.819,3
0.2571,0,5,179.39,2.2126,1,0.0,0.0,0.0,397,349,0.9049,0.0279,28,0.1776,1
0.4987,0,0,34.8097,7.7813,1,0.0,0.0,0.0,457,404,0.9078,0.0468,19,0.1584,1
1.6858,0,1,506.3296,437.7187,0,0.0,2.0,2.0,136,80,0.8424,0.084,107,0.7152,3
19.8682,1,0,396.9075,2518.9729,1,0.0,0.0,0.0,11,8,0.7965,0.11,139,0.7347,0
7.0066,0,0,748.7921,1618.604,0,0.0,0.0,0.0,13,9,0.9513,0.0938,189,0.8927,0
0.1198,0,3,8.4791,9.6148,1,0.0,0.0,0.0,332,226,0.9077,0.0237,22,0.3057,1
0.1503,0,3,35.1716,20.8785,1,0.0,0.0,0.0,230,1,0.1306,0.8738,3,0.0727,2
0.3516,0,0,21.0203,7.9102,1,0.0,0.0,0.0,499,218,0.9442,0.0726,6,0.396,1
1.1651,0,1,172.4171,325.4449,2,0.0,3.0,5.0,131,63,0.8194,0.0134,129,0.656,3
10.2196,0,2,242.2607,208.0739,0,0.0,3.0,3.0,62,27,0.9988,0.0363,179,0.7307,3
6.5171,0,2,227.3393,375.5283,0,0.0,5.0,3.0,112,63,0.8483,0.0216,113,0.8899,3
0.1606,0,0,45.1301,4.7331,2,0.0,0.0,0.0,433,410,0.8773,0.06,42,0.1033,1
0.4227,0,3,50.7197,8.7498,1,0.0,0.0,0.0,250,445,0.8814,0.0183,30,0.244,1
4.9334,0,1,246.4497,251.9723,2,0.0,5.0,5.0,67,38,0.9686,0.0982,72,0.6495,3
9.955,0,2,551.577,729.3995,1,0.0,2.0,3.0,41,45,0.8832,0.0556,107,0.7873,3
34.4575,1,1,1773.4506,4858.6829,0,0.0,0.0,0.0,7,16,0.8768,0.0265,244,0.7591,0
3.0427,0,2,242.503,490.8717,1,0.0,1.0,7.0,90,25,0.8719,0.009,82,0.7365,3
1.123,0,1,37.8766,18.4058,2,0.0,0.0,0.0,140,6,0.1368,0.8233,18,0.0495,2
0.7566,0,2,8.1882,23.7739,1,0.0,0.0,0.0,193,13,0.1964,0.7655,2,0.0261,2
0.8352,0,2,13.5089,25.5044,0,0.0,0.0,0.0,177,9,0.0635,0.8084,6,0.1598,2
7.9875,0,1,212.5366,522.0565,0,0.0,4.0,6.0,104,102,0.8772,0.0618,86,0.771,3
0.5567,0,0,29.3146,0.5734,1,0.0,0.0,0.0,138,1,0.0713,0.9423,3,0.1507,2
0.1839,0,0,45.1867,5.3628,1,1.0,0.0,0.0,407,391,0.9792,0.0072,36,0.3413,1
21.2747,1,3,1127.0728,2330.563,0,0.0,0.0,0.0,15,6,0.7847,0.1343,185,0.9998,0
3.041,0,1,377.1442,754.7572,1,0.0,1.0,5.0,143,110,0.9057,0.0698,171,0.6064,3
3.6121,0,1,471.4118,453.2243,1,0.0,5.0,3.0,90,82,0.9931,0.0214,179,0.6179,3
1.1034,0,1,45.5927,26.6266,2,0.0,0.0,0.0,208,6,0.1699,0.9114,10,0.0338,2
8.9316,0,0,621.7129,4965.7089,0,0.0,0.0,0.0,13,6,0.9658,0.1002,134,0.7093,0
0.7185,0,2,39.3238,13.6422,2,0.0,0.0,0.0,293,3,0.2061,0.8004,11,0.0738,2
0.3374,1,0,75.2533,4.9139,2,0.0,0.0,0.0,370,317,0.9793,0.0309,3,0.2858,1
24.1749,0,2,773.8183,5290.709,0,0.0,0.0,0.0,15,9,0.789,0.1269,184,0.7582,0
0.8019,2,1,15.6423,3.9976,1,0.0,0.0,0.0,246,7,0.2196,0.7665,23,0.0725,2
4.4037,0,0,1662.5391,2042.9433,0,0.0,0.0,0.0,20,9,0.9168,0.1026,213,0.888,0
7.3043,0,0,717.6183,624.6909,0,0.0,0.0,0.0,11,5,0.7911,0.1322,158,0.8693,0
0.2384,0,0,49.5447,1.3588,0,0.0,0.0,0.0,376,286,0.8972,0.0634,27,0.3203,1
9.9547,0,2,365.5984,540.8973,0,0.0,1.0,3.0,102,105,0.8547,0.0018,151,0.6007,3
7.2012,0,2,595.1129,786.5353,1,0.0,2.0,2.0,55,129,0.8617,0.0985,181,0.6968,3
0.0626,0,3,3.595,21.8569,2,0.0,0.0,0.0,145,12,0.1691,0.8269,4,0.1106,2
0.4877,2,0,35.2469,4.4514,2,0.0,0.0,0.0,267,276,0.8857,0.0373,32,0.3757,1
0.4637,0,3,29.1119,2.3235,1,1.0,0.0,0.0,372,371,0.9844,0.0381,41,0.1945,1
7.0038,0,0,610.5884,4916.1553,0,0.0,0.0,0.0,18,10,0.7747,0.0136,127,0.8265,0
22.1438,1,3,431.3691,1549.7689,0,0.0,0.0,0.0,10,13,0.9339,0.0612,73,0.9108,0
18.7805,0,4,1003.4141,2221.0743,0,0.0,0.0,0.0,14,8,0.9547,0.0677,141,0.8202,0
0.2303,0,3,62.536,1.7449,1,0.0,0.0,0.0,264,301,0.9489,0.019,14,0.3894,1
14.3507,0,0,1846.7743,6576.7292,2,0.0,0.0,0.0,12,9,0.9957,0.0117,224,0.7785,0
7.7238,0,1,441.5314,737.2651,0,0.0,1.0,3.0,94,45,0.834,0.0599,179,0.6844,3
0.456,0,0,159.2879,8.3952,1,0.0,0.0,0.0,328,425,0.9262,0.0301,42,0.1447,1
2.3325,1,4,633.5343,1229.9267,0,0.0,0.0,0.0,14,18,0.8078,0.011,197,0.8433,0
3.0762,0,2,545.6352,346.0635,0,0.0,4.0,2.0,45,28,0.8048,0.0824,81,0.6778,3
0.1634,1,0,39.4793,3.526,1,0.0,0.0,0.0,254,227,0.8564,0.0099,40,0.1569,1
0.4543,1,3,42.5237,22.8844,1,0.0,0.0,0.0,139,4,0.1327,0.8607,8,0.0105,2
0.0118,1,0,28.4966,10.6214,1,0.0,0.0,0.0,231,13,0.157,0.8421,7,0.1983,2
0.6649,1,1,17.2711,27.5943,1,0.0,0.0,0.0,228,6,0.1184,0.8266,11,0.1143,2
26.6161,0,1,2098.2235,1797.6392,0,0.0,0.0,0.0,13,14,0.9809,0.145,54,0.9746,0
2.6008,0,3,552.0881,1711.9389,0,0.0,0.0,0.0,10,7,0.8312,0.0419,163,0.7678,0
4.7931,0,0,373.9456,5385.2029,0,0.0,0.0,0.0,13,13,0.8891,0.0318,92,0.7476,0
0.7528,0,0,27.8406,18.0749,1,0.0,0.0,0.0,106,1,0.233,0.9899,1,0.133,2
2.4377,1,4,578.8646,3221.0861,0,0.0,0.0,0.0,14,16,0.7747,0.0919,177,0.7423,0
25.2128,0,4,477.7731,4235.867,0,0.0,0.0,0.0,14,10,0.8166,0.0941,55,0.9735,0
0.3869,2,1,52.3298,5.8239,2,0.0,0.0,0.0,233,7,0.0889,0.8935,1,0.1639,2
16.2007,0,1,526.4471,727.5117,0,0.0,3.0,6.0,51,137,0.9173,0.0111,63,0.8531,3
7.8843,0,1,309.2499,402.7934,0,0.0,5.0,7.0,65,84,0.9068,0.0456,116,0.773,3
0.9845,0,4,52.6548,17.1831,1,0.0,0.0,0.0,240,4,0.0525,0.9101,17,0.0631,2
0.1186,0,0,106.4701,4.5965,0,3.0,0.0,0.0,253,277,0.9661,0.054,12,0.1167,1
0.8511,0,1,47.571,23.9727,2,0.0,0.0,0.0,164,4,0.0811,0.7541,2,0.0523,2
0.8648,1,0,7.2251,23.1975,1,0.0,0.0,0.0,206,12,0.0287,0.7685,13,0.1056,2
0.0947,0,0,3.9426,1.0642,1,0.0,0.0,0.0,480,290,0.9956,0.0692,33,0.2181,1
0.943,0,0,396.6395,3674.5287,0,0.0,0.0,0.0,14,8,0.9526,0.0523,246,0.9886,0
8.6931,2,2,1067.1307,2789.2328,0,0.0,0.0,0.0,21,12,0.9728,0.1033,60,0.9657,0
0.4068,1,2,53.5972,22.8735,2,0.0,0.0,0.0,178,10,0.0787,0.9234,19,0.1774,2
0.7658,1,3,19.1626,9.5244,1,0.0,0.0,0.0,240,2,0.1409,0.8839,5,0.1897,2
2.9387,0,0,790.9731,2016.3135,0,0.0,0.0,0.0,8,12,0.9608,0.0941,110,0.9502,0
0.0207,0,0,60.6187,0.1598,1,0.0,0.0,0.0,323,282,0.8671,0.0165,48,0.2093,1
4.1235,2,2,825.2405,2979.5213,0,0.0,0.0,0.0,9,15,0.7953,0.0297,254,0.7075,0
0.0747,0,5,54.3069,0.1111,2,0.0,0.0,0.0,117,12,0.1522,0.9726,6,0.0101,2
0.1292,0,0,82.6374,4.9418,1,0.0,0.0,0.0,284,210,0.9344,0.0375,15,0.1319,1
2.649,0,1,219.988,339.0168,2,0.0,1.0,2.0,101,42,0.8754,0.053,50,0.8469,3
11.1439,0,0,852.6706,6791.1481,0,0.0,1.0,0.0,12,9,0.9135,0.0971,246,0.9125,0
5.3802,0,0,983.6518,3200.6451,0,0.0,0.0,0.0,16,17,0.9072,0.1283,157,0.7958,0
3.7486,0,1,452.5977,201.8587,1,0.0,4.0,2.0,54,78,0.8593,0.056,128,0.8789,3
13.7818,1,1,1509.7753,2480.9947,0,0.0,0.0,0.0,16,18,0.7924,0.0877,73,0.8013,0
0.4774,0,1,40.898,6.3735,2,0.0,0.0,0.0,207,7,0.1523,0.9883,8,0.0879,2
0.2327,0,4,1018.0779,695.1427,0,0.0,0.0,0.0,8,5,0.9527,0.0296,148,0.9974,0
3.0236,0,1,460.4922,553.4632,2,0.0,4.0,3.0,97,73,0.9435,0.0016,120,0.7378,3
0.3866,0,0,249.2854,1.316,1,1.0,0.0,0.0,488,354,0.9846,0.0899,21,0.3799,1
4.399,0,2,280.9505,778.7618,0,0.0,3.0,4.0,83,115,0.8199,0.0607,120,0.9176,3
2.0861,1,0,389.9302,9695.7202,0,0.0,0.0,0.0,10,7,0.9104,0.097,58,0.7708,0
0.1477,0,0,24.4716,1.0794,1,0.0,0.0,0.0,375,246,0.9109,0.0169,2,0.1895,1
0.4595,0,5,12.2359,7.1747,1,0.0,0.0,0.0,333,492,0.9927,0.0002,29,0.2158,1
1.0297,0,2,1020.2042,2737.6726,0,0.0,0.0,0.0,12,10,0.7843,0.0457,172,0.9855,0
3.5312,0,2,492.1418,461.5805,0,0.0,1.0,6.0,138,64,0.862,0.0677,110,0.8011,3
1.0223,1,1,43.6633,9.4785,1,0.0,0.0,0.0,213,5,0.163,0.8756,5,0.1607,2
0.2071,0,3,28.9468,3.5772,1,0.0,0.0,0.0,343,423,0.8881,0.0541,18,0.2772,1
1.1746,0,2,753.9039,9573.1821,0,0.0,0.0,0.0,10,8,0.7929,0.098,194,0.944,0
1.1873,0,2,19.3296,6.101,1,0.0,0.0,0.0,269,14,0.2249,0.7755,15,0.1166,2
0.0861,0,2,32.3778,29.9254,0,0.0,0.0,0.0,119,10,0.1208,0.7514,2,0.1482,2
11.1865,0,1,247.2504,791.197,0,0.0,2.0,2.0,117,107,0.9715,0.0222,159,0.9029,3
5.1089,0,0,1325.9301,3364.8318,0,0.0,0.0,0.0,15,6,0.8706,0.0313,208,0.9719,0
0.6917,1,4,16.0832,24.1133,1,0.0,0.0,0.0,167,2,0.0452,0.9249,12,0.155,2
28.7663,0,0,1161.2194,1562.7275,0,0.0,0.0,0.0,8,9,0.9346,0.1326,88,0.8398,0
0.3258,0,3,199.2254,5.6839,1,0.0,0.0,0.0,477,376,0.9496,0.0684,34,0.3499,1
0.4859,0,3,16.8453,6.1465,2,0.0,0.0,0.0,278,319,0.9631,0.0213,33,0.3676,1
0.1159,1,0,123.1344,8.7249,1,0.0,0.0,0.0,456,301,0.9866,0.0169,42,0.3705,1
1.4061,0,1,187.8024,767.5025,0,0.0,1.0,7.0,85,41,0.9602,0.0092,70,0.9077,3
0.2141,0,0,53.9919,6.9697,1,0.0,0.0,0.0,332,449,0.9931,0.022,24,0.2358,1
0.0888,0,0,78.9648,4.7699,2,1.0,0.0,0.0,408,353,0.9911,0.0387,31,0.2948,1
0.3132,0,1,269.3003,632.2457,0,0.0,2.0,6.0,63,47,0.8703,0.0239,129,0.7325,3
2.6048,0,2,251.0738,378.1623,0,0.0,4.0,5.0,147,33,0.8388,0.0584,98,0.6161,3
0.3226,0,1,11.0887,13.0782,2,0.0,0.0,0.0,86,10,0.1082,0.9959,21,0.181,2
0.9156,0,4,736.3993,2311.8606,0,0.0,0.0,0.0,15,11,0.906,0.0787,108,0.8299,0
0.1621,0,0,2.7347,2.4636,1,0.0,0.0,0.0,420,491,0.9047,0.0699,1,0.1788,1
1.0232,0,4,53.684,31.5713,1,0.0,0.0,0.0,164,7,0.249,0.913,15,0.1747,2
0.2812,2,5,111.5963,0.0101,1,0.0,0.0,0.0,287,352,0.9736,0.0765,3,0.2592,1
0.9038,0,5,22.914,29.382,1,0.0,0.0,0.0,213,12,0.0748,0.7955,13,0.0825,2
1.0084,0,3,10.7969,25.4824,2,0.0,0.0,0.0,130,12,0.1328,0.7935,14,0.0137,2
6.6393,0,1,155.3357,733.6381,1,0.0,2.0,2.0,94,131,0.9545,0.0831,141,0.9458,3
39.0891,0,0,1675.9918,1183.5024,0,0.0,0.0,0.0,10,7,0.955,0.0462,205,0.8864,0
8.153,1,2,874.7397,4472.2968,0,0.0,0.0,0.0,12,11,0.8938,0.1412,194,0.776,0
0.9128,0,4,43.3445,21.6068,1,0.0,0.0,0.0,250,8,0.0881,0.9402,8,0.1888,2
8.6679,0,1,598.483,620.6858,2,0.0,2.0,6.0,136,92,0.9709,0.0394,77,0.7048,3
22.1565,1,0,315.5893,2045.4949,0,0.0,0.0,0.0,18,11,0.9839,0.087,129,0.7429,0
2.5699,0,1,560.6648,619.3948,0,0.0,1.0,6.0,126,34,0.9769,0.029,184,0.7669,3
1.0485,1,5,13.3408,17.4121,1,0.0,0.0,0.0,236,14,0.1226,0.7838,9,0.0205,2
11.8592,1,4,616.4458,1765.9789,0,0.0,1.0,0.0,17,9,0.9773,0.0201,175,0.908,0
0.9101,0,1,25.4982,20.8892,1,0.0,0.0,0.0,104,11,0.1897,0.9407,21,0.0256,2
13.1712,1,5,875.0194,5864.2913,0,0.0,0.0,0.0,15,12,0.7906,0.1166,228,0.8677,0
0.3962,0,3,89.8846,8.8793,3,3.0,0.0,0.0,314,366,0.884,0.0192,3,0.1772,1
14.8791,1,0,197.988,4261.5907,0,0.0,0.0,0.0,10,11,0.8179,0.0028,84,0.9573,0
2.3993,1,5,106.7576,1499.4041,0,0.0,0.0,0.0,12,19,0.7545,0.1166,213,0.7915,0
0.1206,2,3,5.2655,29.378,2,0.0,0.0,0.0,134,14,0.2045,0.8737,1,0.1635,2
1.7786,0,2,351.5057,688.7949,0,0.0,4.0,6.0,116,49,0.9596,0.0474,149,0.6773,3
3.9901,0,4,335.0628,3856.279,0,0.0,0.0,0.0,14,11,0.8084,0.1246,234,0.9372,0
0.0733,0,0,147.7222,3.4919,1,0.0,0.0,0.0,471,342,0.9497,0.0637,11,0.3457,1
0.4264,1,0,26.4939,0.6804,1,0.0,0.0,0.0,371,264,0.8581,0.0696,10,0.3417,1
0.7078,1,1,62.2895,21.6755,2,0.0,0.0,0.0,84,1,0.1246,0.8756,8,0.0434,2
0.2745,0,0,204.6398,5.2871,1,1.0,0.0,0.0,452,280,0.9416,0.0895,12,0.2655,1
4.9218,0,2,1341.7446,2503.5666,0,0.0,0.0,0.0,10,10,0.8356,0.0854,100,0.8198,0
0.323,0,3,90.5887,7.0775,1,0.0,0.0,0.0,453,474,0.9264,0.0149,4,0.1818,1
0.1467,0,0,16.2994,8.8086,1,0.0,0.0,0.0,380,303,0.9378,0.0542,12,0.2851,1
10.8366,0,4,1354.7164,9248.7821,0,0.0,0.0,0.0,14,13,0.9378,0.1224,242,0.9945,0
0.5525,0,0,434.192,3236.0108,0,0.0,0.0,0.0,12,12,0.8421,0.0756,148,0.8932,0
0.9012,0,3,51.3065,1.1321,1,0.0,0.0,0.0,141,10,0.1373,0.7995,3,0.1795,2
0.7368,1,0,199.1324,1606.7072,0,0.0,0.0,0.0,11,19,0.8688,0.0838,74,0.7691,0
0.5922,0,1,449.8184,333.4187,0,0.0,4.0,6.0,103,126,0.8567,0.0926,65,0.894,3
25.3956,0,0,1520.5139,5208.084,0,0.0,0.0,0.0,13,10,0.9413,0.1398,180,0.8899,0
1.2844,0,0,699.8198,4457.0828,0,0.0,0.0,0.0,18,12,0.9814,0.0323,240,0.873,0
0.1514,1,0,87.1215,5.7366,2,0.0,0.0,0.0,332,228,0.8699,0.0742,25,0.1231,1
0.9946,1,0,3.6022,18.2738,2,0.0,0.0,0.0,197,4,0.1527,0.7674,10,0.1535,2
0.0437,0,4,26.0139,26.039,2,0.0,0.0,0.0,164,3,0.1167,0.9134,23,0.1923,2
0.8085,0,1,349.379,714.5631,1,0.0,4.0,7.0,82,133,0.9589,0.0167,135,0.686,3
0.008,0,0,58.4463,7.1947,1,0.0,0.0,0.0,421,209,0.9015,0.0141,32,0.3456,1
0.354,0,0,551.8277,1342.3157,0,0.0,0.0,0.0,14,10,0.9755,0.132,100,0.8516,0
23.7039,0,0,1926.7686,5883.8463,0,0.0,0.0,0.0,13,8,0.8976,0.123,71,0.917,0
2.5071,0,1,556.3301,286.8671,1,0.0,5.0,7.0,95,71,0.824,0.0072,61,0.7804,3
0.4266,2,1,21.0378,4.6188,1,0.0,0.0,0.0,275,12,0.1435,0.8669,2,0.1452,2
1.4274,0,2,439.1146,588.5308,0,0.0,5.0,6.0,119,86,0.9139,0.0821,189,0.7397,3
6.1771,0,2,553.2067,578.5644,0,0.0,1.0,6.0,85,100,0.9641,0.0897,78,0.622,3
0.1541,0,3,57.1083,3.9917,2,0.0,0.0,0.0,255,11,0.0462,0.8882,23,0.1986,2
0.7041,0,0,37.2264,8.0805,2,0.0,0.0,0.0,166,11,0.1573,0.9277,8,0.136,2
0.209,2,3,130.4532,9.1924,2,0.0,0.0,0.0,295,286,0.9302,0.0607,28,0.1158,1
19.5857,1,0,712.9988,3533.7809,3,0.0,0.0,0.0,15,6,0.9795,0.0429,98,0.7958,0
0.3422,0,0,3.3608,7.3122,2,0.0,0.0,0.0,395,370,0.9306,0.0189,25,0.2796,1
0.2729,0,0,130.052,3.4143,1,0.0,0.0,0.0,296,511,0.9762,0.095,46,0.1969,1
1.1421,0,2,25.9415,6.3579,2,0.0,0.0,0.0,90,12,0.2118,0.9952,21,0.0667,2
0.0128,0,0,16.0502,4.6507,1,0.0,0.0,0.0,433,406,0.9591,0.0773,6,0.2162,1
2.0213,0,1,232.3915,604.6359,0,0.0,2.0,7.0,113,25,0.8398,0.0643,161,0.817,3
0.7374,0,1,586.6724,409.0985,2,0.0,2.0,7.0,66,129,0.887,0.0328,61,0.6828,3
0.3784,0,3,28.1731,0.9731,1,0.0,0.0,0.0,319,381,0.9457,0.0257,16,0.3053,1
2.0723,0,1,263.0424,592.3888,2,0.0,4.0,3.0,51,32,0.8926,0.0822,181,0.7547,3
0.0849,1,4,61.3086,12.9226,1,0.0,0.0,0.0,285,14,0.0651,0.8028,16,0.1047,2
1.47,0,0,473.2563,3119.492,0,0.0,0.0,0.0,11,13,0.9545,0.1273,80,0.7117,0
0.3411,0,2,40.5147,12.5525,1,0.0,0.0,0.0,132,14,0.1983,0.9849,9,0.0813,2
3.2709,0,0,658.7475,4121.3984,0,0.0,0.0,0.0,7,13,0.9227,0.1184,79,0.8147,0
1.9354,0,1,209.5702,343.7627,0,0.0,1.0,2.0,31,137,0.8876,0.0122,122,0.9022,3
0.3453,0,1,331.4298,733.5551,0,0.0,4.0,7.0,47,76,0.8354,0.0867,94,0.8287,3
0.0601,0,0,79.4904,1.5512,0,0.0,0.0,0.0,495,263,0.8998,0.001,47,0.1996,1
12.0115,0,0,941.2395,1011.5392,0,0.0,0.0,0.0,16,9,0.7957,0.0261,68,0.7698,0
4.9349,0,1,215.5038,663.8345,2,0.0,5.0,4.0,71,136,0.9651,0.019,191,0.6977,3
5.658,0,1,452.4478,316.6489,2,0.0,1.0,5.0,49,98,0.8016,0.078,91,0.8289,3
0.0599,1,2,11.5298,0.1257,1,0.0,0.0,0.0,221,12,0.1675,0.9911,11,0.0951,2
25.6306,0,3,2172.888,5580.1258,0,0.0,0.0,0.0,15,16,0.9072,0.0503,68,0.9772,0
5.4121,0,1,514.9211,521.5263,0,0.0,2.0,4.0,133,87,0.9452,0.067,116,0.8031,3
4.2001,0,1,261.9169,788.746,2,0.0,2.0,6.0,60,29,0.8738,0.0408,42,0.874,3
0.6618,0,2,55.7002,31.5182,3,0.0,0.0,0.0,229,14,0.1656,0.8753,20,0.0108,2
14.7364,0,3,499.7166,2270.4145,0,0.0,0.0,0.0,13,12,0.9918,0.0934,122,0.8904,0
0.374,0,5,6.2823,3.5232,1,0.0,0.0,0.0,338,503,0.9354,0.0142,37,0.3801,1
0.0578,0,1,40.737,13.6536,2,0.0,0.0,0.0,82,3,0.1687,0.772,1,0.0524,2
8.5445,0,0,212.0966,4196.8449,0,0.0,0.0,0.0,11,13,0.9957,0.062,228,0.7625,0
1.3763,0,1,231.1264,404.9294,0,0.0,1.0,4.0,50,94,0.8784,0.051,65,0.6895,3
0.1312,0,0,49.1574,8.3021,3,0.0,0.0,0.0,449,343,0.966,0.0158,31,0.3417,1
11.0181,1,3,495.7121,2120.0494,0,0.0,0.0,0.0,10,14,0.8281,0.0182,152,0.9195,0
0.9575,0,2,54.1023,27.1003,1,0.0,0.0,0.0,280,14,0.0502,0.961,23,0.0367,2
0.2431,1,0,13.8177,7.0569,1,0.0,0.0,0.0,432,366,0.8832,0.0485,20,0.3745,1
5.9076,0,1,426.8781,696.565,0,0.0,5.0,2.0,110,35,0.9876,0.0793,124,0.7922,3
1.1981,1,5,41.1419,26.6903,1,0.0,0.0,0.0,99,6,0.2398,0.9766,23,0.1029,2
2.5779,1,2,441.934,3857.2721,0,0.0,0.0,0.0,11,12,0.8267,0.0681,198,0.9357,0
12.6853,1,2,582.2849,1990.8364,0,0.0,0.0,0.0,16,12,0.9042,0.0723,184,0.9042,0
0.2499,0,3,65.911,2.8821,2,0.0,0.0,0.0,373,494,0.9436,0.0003,19,0.1653,1
4.4192,0,1,275.7917,407.1683,0,0.0,1.0,6.0,55,83,0.8522,0.0319,178,0.8779,3
22.0762,0,0,1209.5592,5112.9132,0,0.0,0.0,0.0,20,9,0.8396,0.0668,241,0.8142,0
0.2486,0,0,57.5095,6.8928,1,0.0,0.0,0.0,330,353,0.8632,0.019,3,0.3607,1
0.6276,0,1,19.6558,17.7064,2,0.0,0.0,0.0,119,7,0.1362,0.756,6,0.117,2
0.0674,0,0,42.6484,4.3899,2,0.0,0.0,0.0,485,408,0.8717,0.079,7,0.183,1
0.0441,0,0,206.7999,7.5528,1,0.0,0.0,0.0,276,390,0.9716,0.0699,43,0.2412,1
7.2132,1,2,2762.5403,3246.9671,0,0.0,0.0,0.0,13,22,0.9026,0.1257,215,0.7506,0
0.4548,0,3,89.7139,3.5127,2,0.0,0.0,0.0,490,229,0.8877,0.0231,43,0.1185,1
0.0654,1,1,11.1231,12.3766,3,0.0,0.0,0.0,273,11,0.1309,0.794,2,0.1481,2
0.8629,1,3,37.5059,13.3581,3,0.0,0.0,0.0,272,7,0.0786,0.9647,15,0.079,2
0.3835,2,1,37.6597,21.8031,0,0.0,0.0,0.0,164,11,0.2455,0.8234,24,0.1945,2
0.0555,0,0,77.8539,9.4923,1,0.0,0.0,0.0,507,392,0.8505,0.0971,29,0.3249,1
15.4725,0,0,1125.453,3666.4878,0,0.0,0.0,0.0,17,10,0.9907,0.1212,114,0.7522,0
0.0593,0,3,228.228,3.3706,2,0.0,0.0,0.0,295,476,0.9446,0.0294,30,0.3686,1
0.2549,0,0,11.6525,6.3317,2,1.0,0.0,0.0,409,290,0.9063,0.0517,38,0.343,1
0.8244,0,5,53.0283,12.8922,2,0.0,0.0,0.0,223,8,0.1972,0.8271,16,0.0825,2
0.0284,0,2,25.0252,30.9219,2,0.0,0.0,0.0,168,4,0.0398,0.8301,17,0.0433,2
8.3044,0,1,439.8858,502.6041,0,0.0,3.0,4.0,100,66,0.8512,0.003,157,0.9447,3
0.1949,0,0,43.1932,19.0671,1,0.0,0.0,0.0,162,3,0.1582,0.9513,24,0.0717,2
5.7065,0,3,1193.2139,3216.8131,0,0.0,0.0,0.0,12,8,0.7737,0.1104,217,0.8478,0
0.464,0,0,18.6162,5.1703,1,0.0,0.0,0.0,409,349,0.9979,0.0643,7,0.3249,1
0.1412,0,0,43.2156,7.0302,1,0.0,0.0,0.0,381,329,0.9823,0.0343,1,0.2747,1
0.3842,0,0,53.8335,9.3244,0,0.0,0.0,0.0,262,253,0.959,0.0702,29,0.308,1
5.033,0,1,213.2331,229.8194,0,0.0,2.0,7.0,97,100,0.9731,0.01,177,0.8162,3
0.1356,1,0,50.4032,5.958,2,0.0,0.0,0.0,260,445,0.8735,0.0028,19,0.3029,1
6.4906,0,2,440.1459,483.0694,0,0.0,3.0,2.0,72,107,0.8224,0.0608,133,0.7284,3
0.2483,1,3,17.9239,13.9083,1,0.0,0.0,0.0,101,12,0.1143,0.9699,8,0.0265,2
20.0638,0,4,334.7744,5911.7342,0,0.0,0.0,0.0,15,9,0.9651,0.038,65,0.762,0
0.177,0,3,67.9488,6.9875,1,0.0,0.0,0.0,461,454,0.9523,0.0839,15,0.137,1
0.8728,1,0,9.8948,17.0247,0,0.0,0.0,0.0,244,6,0.0739,0.9535,1,0.1155,2
1.0695,2,3,35.3039,0.9135,2,0.0,0.0,0.0,198,13,0.1617,0.8852,18,0.1746,2
0.4866,0,2,22.8997,5.1601,1,0.0,0.0,0.0,180,7,0.1493,0.8626,2,0.1908,2
4.2832,0,1,414.5265,399.3676,0,0.0,1.0,5.0,113,47,0.9039,0.0312,70,0.7022,3
1.2666,0,1,337.9455,214.5391,0,0.0,5.0,2.0,47,105,0.8263,0.0347,153,0.722,3
33.2006,0,0,897.4914,5761.2573,0,0.0,0.0,0.0,17,7,0.9862,0.1419,185,0.7696,0
28.2407,1,0,300.2908,2589.426,0,0.0,0.0,0.0,12,10,0.7751,0.1042,181,0.9227,0
5.9956,0,0,1073.0128,1500.1761,0,0.0,0.0,0.0,20,12,0.8258,0.1369,65,0.8756,0
0.4125,0,4,3.7452,0.2851,0,0.0,0.0,0.0,235,13,0.0356,0.9187,3,0.1641,2
0.353,0,1,530.738,732.3098,0,0.0,1.0,6.0,63,120,0.8873,0.0387,160,0.8604,3
17.4893,0,1,225.4766,459.9393,1,0.0,3.0,5.0,127,139,0.9947,0.0058,79,0.7671,3
0.6948,0,3,10.2537,13.59,2,0.0,0.0,0.0,163,1,0.1068,0.9604,7,0.0625,2
0.1863,0,0,111.6512,1.9256,2,0.0,0.0,0.0,351,477,0.9469,0.0362,18,0.364,1
0.3291,0,5,138.9363,2.1817,2,0.0,0.0,0.0,401,438,0.9951,0.0461,36,0.27,1
18.7479,0,5,397.3946,3058.1524,0,0.0,0.0,0.0,12,11,0.9001,0.0842,111,0.8001,0
0.2793,0,0,8.5968,7.5267,1,0.0,0.0,0.0,362,227,0.9121,0.0322,22,0.2693,1
7.212,0,1,219.0108,632.9991,0,0.0,3.0,4.0,107,98,0.8162,0.0884,190,0.732,3
5.6983,0,2,547.8335,617.9742,2,0.0,4.0,7.0,50,67,0.8467,0.0612,162,0.6671,3
0.8096,0,1,583.7843,319.3555,0,0.0,1.0,2.0,136,137,0.8824,0.0994,156,0.9,3
0.9366,0,1,521.5033,320.9451,0,0.0,5.0,6.0,143,51,0.9716,0.0712,72,0.8517,3
0.6835,1,2,29.4767,18.5837,1,0.0,0.0,0.0,228,7,0.2482,0.9658,17,0.033,2
15.045,1,2,1997.9114,3175.573,0,0.0,0.0,0.0,13,12,0.8082,0.0489,113,0.8844,0
0.2624,1,5,37.9893,28.1461,1,0.0,0.0,0.0,247,7,0.2071,0.9747,6,0.189,2
4.6108,0,2,198.5279,709.9474,0,0.0,4.0,2.0,34,57,0.9579,0.0534,172,0.7624,3
0.0113,1,0,78.7066,7.0909,1,0.0,0.0,0.0,302,279,0.9664,0.0189,20,0.1658,1
1.0191,0,2,16.7617,17.306,0,0.0,0.0,0.0,292,13,0.1772,0.9225,24,0.1652,2
0.2636,0,4,53.4874,11.5853,1,0.0,0.0,0.0,122,14,0.2431,0.92,5,0.0484,2
1.1436,0,1,13.0322,2.6367,1,0.0,0.0,0.0,211,10,0.1116,0.8525,6,0.079,2
6.313,0,3,596.207,2050.8902,0,0.0,0.0,0.0,17,11,0.9964,0.0162,97,0.9583,0
0.1773,0,0,146.8999,7.8043,3,0.0,0.0,0.0,327,339,0.8672,0.0821,17,0.3483,1
22.2289,0,0,1384.3204,2868.7237,0,0.0,0.0,0.0,15,8,0.8676,0.1393,98,0.8184,0
1.1232,0,1,61.1278,11.1885,0,0.0,0.0,0.0,256,2,0.2171,0.9118,16,0.0599,2
0.3074,0,0,15.2625,1.4241,1,0.0,0.0,0.0,299,315,0.8538,0.0577,43,0.189,1
2.5527,0,0,699.4125,3153.9942,0,0.0,0.0,0.0,15,12,0.9743,0.011,91,0.7923,0
1.5257,0,1,442.3983,528.5767,0,0.0,3.0,5.0,94,60,0.9269,0.0048,96,0.7042,3
0.4839,0,0,36.3437,7.8878,2,0.0,0.0,0.0,276,8,0.0138,0.9997,11,0.1651,2
0.0625,0,0,28.624,5.199,1,0.0,0.0,0.0,272,245,0.9538,0.0248,1,0.3208,1
3.3646,0,2,568.4748,6256.9854,0,0.0,0.0,0.0,17,9,0.7999,0.08,95,0.7394,0
11.1857,0,1,599.7942,251.3564,0,0.0,2.0,2.0,40,51,0.9501,0.0585,60,0.9096,3
0.4919,1,5,44.0978,10.2463,1,0.0,0.0,0.0,141,14,0.1708,0.9757,21,0.049,2
0.4305,0,3,77.2323,2.1908,1,0.0,0.0,0.0,291,418,0.9793,0.0129,45,0.1046,1
0.3776,0,1,524.0935,582.6395,1,0.0,1.0,5.0,52,125,0.9408,0.0167,177,0.8113,3
0.392,0,1,209.6971,412.573,0,0.0,4.0,6.0,40,70,0.8464,0.0181,64,0.7186,3
5.7682,0,1,678.7774,1772.1846,0,0.0,0.0,0.0,15,9,0.9904,0.075,183,0.8871,0
0.255,1,0,143.5745,2.3961,2,0.0,0.0,0.0,412,204,0.8801,0.0489,29,0.3889,1
0.1414,0,0,149.6922,5.9859,1,0.0,0.0,0.0,272,466,0.9546,0.0268,47,0.1471,1
0.4616,0,0,59.4169,6.123,1,0.0,0.0,0.0,343,322,0.9716,0.0124,30,0.3452,1
42.9136,1,1,259.6602,7282.9009,0,0.0,0.0,0.0,14,16,0.9326,0.1483,150,0.9114,0
0.2443,0,1,387.1859,468.7944,0,0.0,1.0,7.0,42,30,0.862,0.0149,172,0.6522,3
0.0752,0,0,28.7347,6.0706,1,0.0,0.0,0.0,309,229,0.8933,0.017,16,0.1324,1
0.6141,0,1,58.1212,0.8923,1,0.0,0.0,0.0,257,7,0.2157,0.8784,20,0.1892,2
0.374,0,3,259.9163,5.2432,1,0.0,0.0,0.0,279,311,0.9059,0.0064,11,0.3742,1
0.4972,0,1,281.5966,781.6281,0,0.0,3.0,5.0,88,87,0.9211,0.0784,186,0.6087,3
31.9594,0,0,94.5808,4221.09,0,0.0,0.0,0.0,18,10,0.864,0.1422,248,0.75,0
0.4887,0,0,64.9009,2.1645,1,0.0,0.0,0.0,314,369,0.9908,0.0662,26,0.1008,1
10.6066,0,0,1171.5863,3856.7193,0,0.0,0.0,0.0,17,7,0.9198,0.0978,185,0.732,0
1.2798,0,1,272.8754,799.5381,0,0.0,3.0,3.0,42,48,0.8477,0.063,148,0.7489,3
0.4795,0,0,1024.519,6269.1521,0,0.0,0.0,0.0,16,13,0.8867,0.1017,243,0.8646,0
0.0521,0,0,26.4394,8.5364,1,3.0,0.0,0.0,476,398,0.9917,0.0678,34,0.3198,1
27.3517,0,0,1518.051,2334.5402,0,0.0,0.0,0.0,6,8,0.9899,0.1439,230,0.8263,0
0.0546,1,0,42.9215,6.7878,3,0.0,0.0,0.0,248,3,0.2084,0.9308,4,0.178,2
18.1149,0,0,2014.7183,7357.0043,0,0.0,0.0,0.0,12,10,0.9144,0.0239,230,0.9083,0
0.407,0,1,286.4381,442.3024,0,0.0,2.0,4.0,66,132,0.9564,0.009,91,0.643,3
0.0165,0,0,138.5338,2.1316,1,0.0,0.0,0.0,361,406,0.9292,0.071,26,0.1451,1
10.4381,0,1,157.4692,761.3075,0,0.0,1.0,2.0,103,43,0.8208,0.0822,112,0.7132,3
0.4532,0,1,20.3734,25.259,0,0.0,0.0,0.0,218,2,0.1938,0.9914,15,0.1112,2
0.4081,0,0,604.6122,4030.1723,0,0.0,0.0,0.0,17,11,0.7704,0.1248,249,0.7831,0
3.9524,0,1,205.0387,328.7925,1,0.0,5.0,6.0,125,115,0.9261,0.0361,112,0.8101,3
3.3616,0,2,411.9834,359.1868,0,0.0,5.0,2.0,31,109,0.9946,0.0474,169,0.6147,3
0.4264,0,2,34.5452,5.0888,2,0.0,0.0,0.0,273,5,0.0754,0.997,1,0.0706,2
0.9261,1,3,46.9793,3.9564,1,0.0,0.0,0.0,224,7,0.1212,0.9343,24,0.0368,2
0.4919,0,1,438.8052,539.4465,1,0.0,5.0,3.0,55,123,0.9955,0.0003,104,0.751,3
0.5608,0,5,49.935,27.35,2,0.0,0.0,0.0,85,14,0.2425,0.9945,14,0.0782,2
9.9083,2,1,1994.2694,6947.9256,0,0.0,0.0,0.0,14,11,0.8276,0.0865,95,0.9356,0
0.1454,0,0,35.9914,4.799,2,0.0,0.0,0.0,285,488,0.9866,0.0418,40,0.2591,1
1.9506,0,1,354.6986,324.3158,2,0.0,5.0,3.0,131,38,0.8085,0.0507,167,0.7167,3
12.4389,0,1,223.3219,789.4628,0,0.0,4.0,2.0,30,50,0.8322,0.0272,163,0.9124,3
0.1757,0,0,13.4178,6.0234,1,3.0,0.0,0.0,492,360,0.9528,0.0124,35,0.3645,1
15.4731,0,0,333.7336,4736.1153,0,0.0,1.0,0.0,14,8,0.8031,0.1392,190,0.7947,0
0.297,1,0,15.5246,2.3752,0,0.0,0.0,0.0,326,332,0.9048,0.0091,11,0.1771,1
12.5587,0,0,1521.3943,3506.8917,0,0.0,0.0,0.0,11,11,0.9997,0.1473,152,0.7751,0
10.5149,2,1,2058.8529,3155.2178,0,0.0,1.0,0.0,12,9,0.7546,0.0489,142,0.9136,0
0.5986,0,0,50.1981,1.1408,2,0.0,0.0,0.0,263,3,0.179,0.8287,7,0.0722,2
0.7976,0,3,20.1379,25.6534,2,0.0,0.0,0.0,196,12,0.1909,0.865,4,0.0328,2
3.8787,0,2,421.6634,585.2945,2,0.0,3.0,4.0,135,96,0.8437,0.0182,118,0.8903,3
7.1872,1,1,473.8914,3738.1747,0,0.0,0.0,0.0,9,7,0.774,0.0997,135,0.7655,0
19.8305,0,0,382.457,9175.7104,0,0.0,0.0,0.0,16,17,0.7602,0.0586,147,0.9218,0
0.2576,2,5,117.7613,9.4517,2,0.0,0.0,0.0,353,333,0.8867,0.018,12,0.25,1
0.157,0,0,99.8046,3.2441,1,0.0,0.0,0.0,361,249,0.9827,0.065,35,0.1875,1
19.8935,2,0,338.0219,918.6542,0,0.0,0.0,0.0,14,7,0.9029,0.0858,93,0.7521,0
0.2353,0,0,98.7705,1.5338,2,1.0,0.0,0.0,332,403,0.9705,0.0063,30,0.3855,1
2.4773,0,1,561.2989,558.0819,0,0.0,5.0,3.0,68,92,0.8067,0.0614,88,0.8534,3
8.2895,0,1,524.0792,301.0292,0,0.0,5.0,2.0,130,108,0.9367,0.0187,121,0.818,3
0.3327,0,1,354.4547,440.8359,0,0.0,1.0,4.0,69,30,0.9566,0.0406,156,0.6246,3
0.2445,0,3,43.1089,6.281,1,0.0,0.0,0.0,319,248,0.8982,0.0848,29,0.3429,1
0.9385,0,1,500.4367,346.109,0,0.0,2.0,7.0,97,98,0.8449,0.0878,153,0.6416,3
0.1867,0,0,106.3054,6.7692,1,0.0,0.0,0.0,252,485,0.935,0.0399,2,0.1107,1
0.4422,0,0,77.8363,9.2208,1,0.0,0.0,0.0,370,428,0.8825,0.0448,1,0.3566,1
0.2817,0,3,68.8839,8.2001,2,1.0,0.0,0.0,349,271,0.854,0.0272,40,0.1522,1
5.3712,0,2,1298.8634,1145.1745,0,0.0,0.0,0.0,13,6,0.9891,0.1304,180,0.898,0
27.0196,1,0,1022.3303,5820.5842,0,0.0,0.0,0.0,12,21,0.8076,0.1037,184,0.96,0
9.2266,0,0,602.0819,3846.7599,0,0.0,0.0,0.0,15,6,0.9218,0.0493,147,0.9017,0
2.2396,0,2,358.2014,717.3736,0,0.0,1.0,2.0,51,34,0.8637,0.0385,93,0.8221,3
14.1335,0,0,1160.5396,582.6134,0,0.0,0.0,0.0,15,12,0.9144,0.1172,121,0.7081,0
0.5768,0,1,290.8445,239.3891,2,0.0,5.0,6.0,79,74,0.8523,0.0173,72,0.9401,3
0.4584,0,3,3.1944,7.7344,3,1.0,0.0,0.0,313,334,0.9042,0.0763,11,0.1121,1
1.6512,0,1,520.9715,287.0217,0,0.0,5.0,6.0,82,126,0.8532,0.0687,130,0.8849,3
0.2296,0,0,10.057,5.3728,1,0.0,0.0,0.0,464,392,0.9374,0.043,22,0.3206,1
7.7877,0,1,333.0725,604.3271,1,0.0,2.0,6.0,66,72,0.8385,0.0216,72,0.8359,3
5.6053,0,3,1075.4586,1358.2141,0,0.0,0.0,0.0,18,9,0.9131,0.076,70,0.786,0
6.317,0,1,356.9687,678.043,2,0.0,4.0,3.0,82,99,0.8705,0.0574,90,0.777,3
3.101,0,2,509.2072,244.3912,0,0.0,1.0,7.0,46,58,0.9702,0.0017,155,0.9041,3
2.7148,0,0,95.8847,5398.6847,0,0.0,0.0,0.0,4,12,0.7757,0.0679,213,0.8513,0
21.019,0,0,613.664,5793.0884,0,0.0,0.0,0.0,18,9,0.897,0.0443,216,0.9071,0
0.1165,0,0,41.5765,0.7803,1,0.0,0.0,0.0,156,12,0.0728,0.9944,12,0.0735,2
21.869,0,0,234.3754,6132.6313,0,0.0,0.0,0.0,17,14,0.9285,0.0572,126,0.8092,0
14.4965,0,1,393.9266,372.6414,0,0.0,5.0,3.0,94,91,0.883,0.0341,193,0.7596,3
0.4833,0,2,16.111,6.0629,2,0.0,0.0,0.0,218,9,0.1108,0.7767,17,0.1071,2
0.1353,0,3,1.2013,27.914,3,0.0,0.0,0.0,243,4,0.1932,0.9803,20,0.1587,2
0.2428,0,0,5.2847,9.3759,0,0.0,0.0,0.0,269,3,0.2088,0.7834,9,0.0659,2
0.2928,0,0,50.7884,1.6249,1,0.0,0.0,0.0,286,310,0.9003,0.0445,12,0.2361,1
6.4536,0,1,526.4083,286.4856,0,0.0,3.0,5.0,101,66,0.8015,0.0951,168,0.9453,3
27.4015,1,4,728.2155,3691.1888,0,0.0,1.0,0.0,15,11,0.9202,0.0593,164,0.8435,0
1.2175,0,2,268.6231,280.3321,1,0.0,3.0,4.0,68,65,0.9072,0.0533,191,0.6629,3
0.7212,1,3,49.7447,5.5408,1,0.0,0.0,0.0,127,11,0.1802,0.8304,20,0.0144,2
12.5335,0,4,1426.8327,3100.8503,0,0.0,0.0,0.0,12,20,0.8105,0.1085,97,0.7196,0
0.5314,0,0,2618.4886,3509.2052,0,0.0,0.0,0.0,13,9,0.7739,0.1109,185,0.8634,0
5.2717,0,0,1782.7425,10463.4295,0,0.0,0.0,0.0,11,10,0.961,0.0551,218,0.9851,0
0.5269,0,0,42.4026,8.5738,2,0.0,0.0,0.0,105,5,0.1217,0.9844,16,0.0207,2
0.4557,2,0,26.4938,7.5902,2,3.0,0.0,0.0,388,307,0.9583,0.0931,34,0.1667,1
0.1131,0,0,41.2486,4.6495,1,0.0,0.0,0.0,397,373,0.8945,0.045,35,0.3361,1
0.4977,0,3,22.2597,6.4643,1,3.0,0.0,0.0,485,403,0.9351,0.0926,25,0.3996,1
0.1742,0,0,24.2061,6.6511,1,0.0,0.0,0.0,388,359,0.9799,0.0893,43,0.2331,1
4.7201,0,1,167.6091,511.9913,0,0.0,4.0,7.0,81,130,0.9464,0.0847,42,0.6671,3
2.7082,0,2,337.2603,704.1332,0,0.0,4.0,3.0,96,36,0.8544,0.0781,59,0.7917,3
0.6452,0,2,62.3246,22.7122,2,0.0,0.0,0.0,83,14,0.1553,0.9282,9,0.0773,2
0.2838,0,3,56.4955,9.019,1,0.0,0.0,0.0,99,3,0.0498,0.9857,24,0.039,2
2.2031,0,0,926.5037,6419.3266,0,0.0,0.0,0.0,14,12,0.8154,0.1298,50,0.8085,0
0.7464,0,4,30.9693,27.4165,0,0.0,0.0,0.0,83,1,0.1841,0.9585,22,0.0515,2
0.2336,0,0,58.9598,10.5479,2,0.0,0.0,0.0,99,8,0.0249,0.8245,20,0.1169,2
0.1166,1,0,24.8609,5.0604,1,0.0,0.0,0.0,354,334,0.8789,0.0826,11,0.3602,1
2.8096,0,1,376.7736,468.1128,0,0.0,2.0,5.0,108,40,0.8625,0.0985,179,0.6052,3
1.1556,0,5,25.9532,26.3431,2,0.0,0.0,0.0,177,11,0.0433,0.8543,23,0.1002,2
0.3105,0,3,275.4149,4.833,1,0.0,0.0,0.0,474,394,0.9644,0.0119,20,0.3436,1
0.668,0,0,10.2198,6.1859,2,0.0,0.0,0.0,280,8,0.0727,0.769,11,0.0311,2
8.8001,0,0,1146.9931,2995.3961,1,0.0,0.0,0.0,7,10,0.9595,0.1466,236,0.859,0
36.0009,1,1,1181.5538,2100.5666,0,0.0,0.0,0.0,15,10,0.8085,0.0327,59,0.7519,0
4.7417,0,0,1025.1596,3505.1746,0,0.0,0.0,0.0,8,11,0.9205,0.0275,114,0.8831,0
1.0709,0,0,26.6322,17.1768,1,0.0,0.0,0.0,231,14,0.2457,0.7827,2,0.1389,2
0.6353,0,0,30.3442,14.9849,1,0.0,0.0,0.0,99,13,0.0744,0.8233,2,0.1739,2
0.6476,0,3,2.7801,23.6282,2,0.0,0.0,0.0,266,5,0.1441,0.9996,16,0.1393,2
0.3484,0,0,6.4998,26.2932,2,0.0,0.0,0.0,86,10,0.1639,0.8105,13,0.1869,2
0.0691,1,0,43.5485,6.5359,1,0.0,0.0,0.0,483,438,0.9618,0.0834,5,0.2189,1
0.6721,2,1,60.6268,14.4648,3,0.0,0.0,0.0,81,11,0.0208,0.8143,14,0.0115,2
0.335,0,0,102.5766,4.2566,0,0.0,0.0,0.0,278,244,0.9699,0.0288,37,0.3081,1
5.1104,0,1,280.6329,669.7486,0,0.0,3.0,4.0,80,66,0.8279,0.0672,40,0.8523,3
8.6252,0,0,1676.0842,548.3722,0,0.0,0.0,0.0,12,10,0.9803,0.0586,248,0.817,0
0.266,0,0,20.1856,5.3323,1,0.0,0.0,0.0,322,365,0.8893,0.087,41,0.2201,1
3.15,0,4,785.6606,2542.9241,0,0.0,0.0,0.0,13,8,0.9889,0.0303,70,0.9325,0
0.0874,0,0,28.1613,3.3728,0,0.0,0.0,0.0,157,11,0.1407,0.989,19,0.1136,2
0.1667,1,1,46.5763,12.4444,1,0.0,0.0,0.0,185,4,0.2162,0.9967,8,0.1847,2
63.4606,0,0,665.6739,4574.1699,0,0.0,0.0,0.0,14,17,0.8924,0.1182,86,0.9423,0
0.82,0,3,3.7738,9.5252,2,0.0,0.0,0.0,122,8,0.0509,0.848,7,0.0108,2
0.2463,0,0,782.7054,1494.3393,2,0.0,0.0,0.0,10,13,0.753,0.0494,133,0.768,0
3.4411,0,1,160.0487,540.519,0,0.0,1.0,6.0,62,30,0.8541,0.0836,47,0.8062,3
0.2547,0,3,10.9139,31.8896,1,0.0,0.0,0.0,94,4,0.0493,0.8528,14,0.181,2
0.0565,0,0,21.7216,11.9959,3,0.0,0.0,0.0,253,4,0.0926,0.8171,7,0.032,2
1.0075,0,1,466.4547,333.9832,0,0.0,3.0,7.0,136,52,0.8107,0.0927,46,0.6161,3
0.064,0,0,202.0932,8.3875,1,0.0,0.0,0.0,494,305,0.898,0.0367,37,0.1009,1
0.2091,1,1,36.5334,11.6986,2,0.0,0.0,0.0,164,13,0.0521,0.8628,13,0.053,2
6.1697,0,5,324.805,4333.0521,0,0.0,0.0,0.0,19,8,0.8596,0.0769,51,0.7767,0
1.9784,1,3,394.8477,3037.6017,0,0.0,0.0,0.0,14,12,0.876,0.0658,220,0.7534,0
0.1416,0,2,5.5552,24.2451,1,0.0,0.0,0.0,258,10,0.0718,0.8613,17,0.1141,2
0.2923,0,5,16.745,6.5156,1,0.0,0.0,0.0,470,425,0.9033,0.0703,21,0.3716,1
8.3404,1,3,524.2154,4676.4392,0,0.0,0.0,0.0,18,15,0.7853,0.0579,136,0.7183,0
4.8116,0,1,555.8045,717.8032,0,0.0,3.0,5.0,36,80,0.8818,0.0764,42,0.6757,3
0.3793,0,5,34.1469,0.4892,2,0.0,0.0,0.0,388,285,0.935,0.0584,6,0.2595,1
3.2342,0,1,366.6034,399.3238,0,0.0,1.0,3.0,73,91,0.8461,0.0457,51,0.8936,3
0.2375,0,0,14.4257,6.9586,1,0.0,0.0,0.0,470,273,0.9661,0.0521,13,0.2672,1
0.2116,0,0,88.5946,8.8331,2,0.0,0.0,0.0,312,283,0.9917,0.0336,21,0.2186,1
0.0161,0,0,45.5073,2.0678,1,0.0,0.0,0.0,345,441,0.9659,0.0443,25,0.1086,1
0.8618,0,2,13.5857,12.8031,1,0.0,0.0,0.0,191,6,0.0374,0.7953,12,0.1969,2
10.8455,0,1,559.504,220.0339,0,0.0,3.0,4.0,69,105,0.8841,0.0915,199,0.6478,3
0.2055,0,0,8.8136,2.078,2,0.0,0.0,0.0,331,208,0.9385,0.0381,24,0.3873,1
6.1174,0,1,347.7766,468.1908,0,0.0,3.0,4.0,30,49,0.9062,0.0715,146,0.9454,3
0.0353,0,0,114.5094,8.8577,1,0.0,0.0,0.0,422,203,0.9133,0.0886,47,0.2226,1
0.54,0,1,14.83,27.7991,2,0.0,0.0,0.0,183,12,0.0106,0.8362,15,0.0377,2
0.2051,1,2,8.6629,9.1251,2,0.0,0.0,0.0,184,2,0.1109,0.903,20,0.1847,2
1.1574,0,2,13.1419,23.3914,1,0.0,0.0,0.0,114,7,0.2271,0.8294,23,0.1609,2
0.0073,0,0,14.8588,0.4736,1,0.0,0.0,0.0,297,492,0.9979,0.0131,21,0.1945,1
11.5545,1,3,750.923,351.6981,0,0.0,0.0,0.0,12,4,0.9187,0.1269,224,0.7801,0
0.3674,2,3,214.4176,4.8087,3,0.0,0.0,0.0,365,287,0.9531,0.0044,30,0.1061,1
0.2799,0,1,354.6666,229.2042,0,0.0,3.0,2.0,102,97,0.8975,0.0698,125,0.9422,3
0.216,0,1,26.8953,8.194,2,0.0,0.0,0.0,139,4,0.0436,0.9653,16,0.1201,2
1.3828,0,1,561.5511,365.3091,0,0.0,4.0,6.0,46,90,0.9724,0.0641,160,0.6538,3
0.0174,1,4,13.9687,26.0383,1,0.0,0.0,0.0,293,4,0.1545,0.9204,6,0.0519,2
3.8902,0,3,336.0352,6951.4867,0,0.0,0.0,0.0,17,12,0.8039,0.0983,225,0.9616,0
12.7653,0,1,686.2768,5605.9769,0,0.0,0.0,0.0,14,11,0.7816,0.015,78,0.7507,0
0.9398,0,2,213.5613,740.0807,0,0.0,3.0,4.0,134,95,0.9921,0.0901,119,0.6753,3
0.7968,0,3,45.5416,31.6759,1,0.0,0.0,0.0,175,10,0.0398,0.9466,4,0.0973,2
0.0245,0,0,5.6179,6.914,1,0.0,0.0,0.0,501,238,0.9772,0.0756,35,0.1844,1
0.3086,0,0,4.4862,4.3391,1,0.0,0.0,0.0,413,238,0.9952,0.0137,49,0.2141,1
0.8303,0,5,45.1185,0.9832,2,0.0,0.0,0.0,283,2,0.1477,0.993,2,0.1457,2
8.3463,0,1,323.2283,300.2471,1,0.0,1.0,5.0,137,116,0.9709,0.0283,83,0.6743,3
0.2565,0,0,18.8352,2.0886,2,0.0,0.0,0.0,307,295,0.9118,0.0239,20,0.3298,1
5.3314,0,2,145.3036,2537.991,1,0.0,0.0,0.0,12,16,0.9298,0.1249,96,0.9401,0
0.5397,1,3,21.7474,31.8571,2,0.0,0.0,0.0,223,11,0.0123,0.9565,12,0.1588,2
0.1975,0,0,61.1965,4.4767,1,0.0,0.0,0.0,464,201,0.961,0.0237,1,0.213,1
0.2109,1,0,742.4405,2795.2908,0,0.0,0.0,0.0,8,8,0.8154,0.139,228,0.9211,0
1.905,1,1,151.7055,3697.8755,0,0.0,1.0,0.0,10,10,0.8869,0.0177,253,0.8537,0
1.0502,0,0,888.3888,2877.7431,0,0.0,0.0,0.0,18,6,0.9048,0.108,63,0.7976,0
0.0683,0,0,168.8797,7.5489,0,0.0,0.0,0.0,327,378,0.8974,0.0696,40,0.2434,1
23.8474,0,1,543.1495,1670.6272,0,0.0,0.0,0.0,7,13,0.9866,0.1189,148,0.9203,0
0.0424,2,0,41.8365,4.1292,1,0.0,0.0,0.0,419,222,0.9961,0.037,3,0.2986,1
0.0523,0,5,76.4523,8.3046,1,1.0,0.0,0.0,306,203,0.9063,0.0915,41,0.1472,1
44.7827,0,0,945.2786,3659.0298,0,0.0,0.0,0.0,12,8,0.9339,0.0473,211,0.846,0
12.5551,0,1,1497.3549,1449.1296,0,0.0,0.0,0.0,16,12,0.8663,0.0661,81,0.8068,0
0.5816,0,0,47.8628,12.997,1,0.0,0.0,0.0,293,11,0.1899,0.8231,13,0.0755,2
0.0286,0,3,44.4667,0.7906,2,0.0,0.0,0.0,192,5,0.0671,0.879,23,0.1312,2
6.9905,0,2,1331.9899,4930.0727,0,0.0,0.0,0.0,12,12,0.7855,0.1357,160,0.9896,0
0.3877,2,0,87.5716,3.8148,1,0.0,0.0,0.0,313,361,0.9708,0.0385,22,0.3539,1
0.0135,0,0,99.1321,2.7538,2,1.0,0.0,0.0,496,357,0.9511,0.0763,44,0.3862,1
0.252,1,4,57.7223,17.4486,1,0.0,0.0,0.0,175,7,0.2237,0.8636,15,0.0123,2
6.504,0,0,1380.9445,2704.8892,0,0.0,0.0,0.0,13,12,0.8496,0.0722,212,0.8763,0
0.188,0,3,78.0424,6.1532,1,0.0,0.0,0.0,288,501,0.9413,0.0578,4,0.3354,1
39.052,2,0,225.3474,2089.3581,0,0.0,0.0,0.0,15,10,0.86,0.0794,181,0.9612,0
8.3331,0,4,2601.9582,4731.9233,2,0.0,0.0,0.0,12,15,0.9524,0.0761,238,0.7608,0
4.3737,0,2,174.9685,655.2708,0,0.0,2.0,2.0,59,43,0.9779,0.0013,124,0.6629,3
0.0286,0,3,10.8143,23.5628,0,0.0,0.0,0.0,100,14,0.1238,0.8718,21,0.1939,2
0.8191,2,2,426.779,1955.5053,0,0.0,0.0,0.0,12,9,0.944,0.14,146,0.9958,0
25.293,0,1,453.3968,9250.4497,0,0.0,0.0,0.0,17,11,0.9928,0.094,176,0.9033,0
2.5025,0,1,469.1062,3663.0442,0,0.0,0.0,0.0,13,10,0.994,0.085,152,0.732,0
14.2278,1,1,749.4202,3911.5667,0,0.0,0.0,0.0,14,17,0.8317,0.0791,90,0.9155,0
0.0259,0,0,33.5034,3.7803,1,0.0,0.0,0.0,333,222,0.8654,0.092,45,0.1527,1
9.4669,0,1,537.821,518.0776,0,0.0,5.0,7.0,96,69,0.8392,0.0327,115,0.752,3
6.6626,0,0,614.5815,3839.587,0,0.0,0.0,0.0,10,11,0.8447,0.0929,142,0.7505,0
0.7486,0,4,18.7939,20.1709,3,0.0,0.0,0.0,123,6,0.1553,0.9373,18,0.1892,2
0.0021,0,5,12.2759,6.1586,1,0.0,0.0,0.0,438,400,0.8574,0.091,45,0.2668,1
0.2782,0,0,64.6347,2.329,2,0.0,0.0,0.0,392,475,0.8912,0.0039,17,0.2701,1
6.8718,0,1,440.288,301.2616,0,0.0,2.0,2.0,133,50,0.8209,0.008,148,0.6932,3
4.6263,0,1,404.5134,628.4686,0,0.0,3.0,3.0,67,28,0.9113,0.0046,157,0.8396,3
0.5912,0,2,882.5853,2136.6273,0,0.0,0.0,0.0,16,11,0.8776,0.1012,62,0.948,0
0.8421,1,1,30.9048,4.965,1,0.0,0.0,0.0,222,11,0.1472,0.9513,9,0.1043,2
0.8497,1,1,29.494,16.8138,2,0.0,0.0,0.0,148,12,0.0475,0.9095,17,0.0416,2
0.3797,0,3,26.1966,9.6286,1,0.0,0.0,0.0,311,339,0.9159,0.0201,33,0.2511,1
0.3953,0,2,504.5285,730.7259,0,0.0,5.0,4.0,121,58,0.8606,0.0846,167,0.9413,3
20.484,0,0,896.8576,7313.9354,0,0.0,0.0,0.0,10,9,0.8242,0.0897,210,0.778,0
5.1056,0,0,279.0332,8079.6321,0,0.0,0.0,0.0,14,10,0.8529,0.103,60,0.9112,0
0.7087,0,1,508.9558,451.027,0,0.0,5.0,4.0,33,37,0.9291,0.0334,160,0.7882,3
0.2709,0,0,15.4723,23.113,2,0.0,0.0,0.0,141,11,0.094,0.9018,16,0.1551,2
0.6566,0,2,509.2323,725.787,2,0.0,5.0,4.0,47,138,0.9025,0.0616,70,0.926,3
0.9634,0,2,60.6775,7.0731,2,0.0,0.0,0.0,186,14,0.0582,0.9741,6,0.0139,2
14.6266,0,0,214.0168,8056.8578,0,0.0,0.0,0.0,9,18,0.9798,0.1425,152,0.8896,0
0.2659,2,0,33.486,2.5214,1,1.0,0.0,0.0,503,393,0.9726,0.0346,1,0.2243,1
0.2975,0,0,36.2106,5.3126,1,0.0,0.0,0.0,298,372,0.9695,0.0347,23,0.1441,1
0.0043,1,3,68.2962,2.5727,1,0.0,0.0,0.0,393,293,0.9488,0.0537,34,0.2682,1
0.2246,0,0,288.8352,7.1868,1,0.0,0.0,0.0,273,498,0.9251,0.0987,23,0.3366,1
0.2232,0,0,17.551,1.5794,1,0.0,0.0,0.0,455,373,0.8872,0.0592,1,0.37,1
10.8236,0,3,275.8418,3624.448,0,0.0,0.0,0.0,16,8,0.7968,0.0929,200,0.7793,0
0.3184,1,5,29.1122,3.2148,1,0.0,0.0,0.0,438,442,0.9054,0.0718,13,0.3924,1
0.1878,2,0,39.684,3.4911,0,0.0,0.0,0.0,210,11,0.0968,0.8919,9,0.0166,2
0.4895,1,3,43.1428,14.3645,2,0.0,0.0,0.0,196,6,0.0242,0.9875,19,0.1437,2
16.6849,0,1,403.8519,459.8419,0,0.0,5.0,4.0,113,26,0.9155,0.0858,157,0.7996,3
10.8059,0,2,546.3498,2806.8395,0,0.0,0.0,0.0,19,10,0.9182,0.0946,230,0.7294,0
0.4356,0,0,8.8994,2.9667,1,0.0,0.0,0.0,433,316,0.9251,0.0434,13,0.1959,1
0.2779,0,0,37.4054,1.8745,1,0.0,0.0,0.0,394,386,0.9579,0.0383,14,0.2347,1
6.8944,0,2,463.6437,207.1744,0,0.0,2.0,2.0,132,107,0.8995,0.0664,64,0.885,3
7.0611,0,1,175.4915,1859.2471,0,0.0,0.0,0.0,14,15,0.8776,0.0292,180,0.8294,0
13.779,0,1,331.6993,675.7341,1,0.0,2.0,7.0,64,135,0.9137,0.017,191,0.7331,3
0.2759,0,3,30.0337,4.4935,2,0.0,0.0,0.0,95,7,0.2176,0.7867,16,0.1154,2
0.4729,1,3,24.582,1.4168,1,0.0,0.0,0.0,211,2,0.2432,0.8718,22,0.1645,2
0.0865,0,3,62.7233,9.502,1,0.0,0.0,0.0,309,252,0.8523,0.0405,10,0.2349,1
4.4011,0,1,321.992,699.2369,0,0.0,5.0,7.0,43,27,0.9434,0.0536,63,0.7713,3
0.0623,0,0,121.6788,0.9669,1,1.0,0.0,0.0,318,492,0.9671,0.0471,35,0.1785,1
19.9885,0,2,477.6273,3388.1004,0,0.0,0.0,0.0,17,14,0.8189,0.1436,183,0.7703,0
0.2842,0,0,28.8281,0.455,1,0.0,0.0,0.0,358,429,0.8514,0.0448,48,0.323,1
0.0235,0,0,7.7952,8.2656,1,1.0,0.0,0.0,275,371,0.9545,0.0244,14,0.2625,1
3.3287,0,1,382.0893,449.0992,0,0.0,1.0,2.0,73,96,0.8997,0.0321,81,0.698,3
0.5727,0,2,32.147,20.5619,2,0.0,0.0,0.0,266,3,0.1921,0.8131,3,0.0137,2
0.3509,0,2,4.2869,3.7303,2,0.0,0.0,0.0,184,8,0.0612,0.9526,18,0.1505,2
0.784,0,5,10.5444,16.9496,2,0.0,0.0,0.0,199,7,0.2154,0.8585,1,0.0327,2
8.1035,0,2,322.8727,262.2021,0,0.0,1.0,3.0,81,91,0.8518,0.0303,183,0.8777,3
0.5845,0,1,435.547,628.6355,0,0.0,2.0,5.0,118,121,0.9352,0.0681,139,0.6922,3
2.2097,0,1,1448.3738,602.5941,0,0.0,0.0,0.0,10,8,0.9851,0.1376,74,0.8299,0
0.2979,0,3,47.3644,5.9218,1,0.0,0.0,0.0,388,501,0.9518,0.0827,22,0.3889,1
1.0161,1,1,712.8205,2119.3567,0,0.0,0.0,0.0,12,9,0.9224,0.137,221,0.7507,0
0.1517,0,0,24.1824,9.9131,3,1.0,0.0,0.0,384,472,0.8619,0.0755,1,0.3502,1
12.9618,1,0,575.0685,2673.2533,0,0.0,0.0,0.0,11,6,0.7761,0.1203,157,0.8942,0
1.0354,0,4,38.5739,7.6138,2,0.0,0.0,0.0,285,3,0.148,0.7726,12,0.0383,2
0.7228,0,4,34.3215,4.7014,2,0.0,0.0,0.0,138,6,0.1335,0.762,5,0.0147,2
5.7943,0,2,567.291,456.1394,0,0.0,3.0,2.0,106,38,0.9428,0.0848,189,0.8816,3
0.4308,1,0,46.7193,10.2442,2,0.0,0.0,0.0,185,12,0.2222,0.7659,1,0.0769,2
0.888,1,3,1362.7968,1864.1873,0,0.0,0.0,0.0,14,13,0.8361,0.0559,60,0.7877,0
6.4059,0,0,1350.3405,3425.8195,0,0.0,0.0,0.0,17,10,0.9267,0.1169,203,0.7776,0
0.2852,0,1,525.8672,348.3606,0,0.0,2.0,3.0,104,34,0.9954,0.0249,94,0.645,3
0.5081,0,2,52.0269,4.5188,2,0.0,0.0,0.0,167,14,0.0716,0.9383,15,0.0801,2
12.6708,1,1,1192.3856,4461.9583,0,0.0,0.0,0.0,5,15,0.761,0.0078,159,0.9512,0
8.282,0,2,215.8565,315.1912,0,0.0,2.0,6.0,94,58,0.847,0.0211,81,0.6253,3
0.9807,2,4,23.518,3.4741,1,0.0,0.0,0.0,202,13,0.2473,0.7966,17,0.1946,2
23.0412,0,0,2050.0384,2277.6194,0,0.0,0.0,0.0,13,13,0.9775,0.1381,237,0.8837,0
0.3952,2,3,22.3163,2.9169,1,0.0,0.0,0.0,428,282,0.9552,0.0904,36,0.1576,1
0.4683,0,3,64.823,2.186,1,0.0,0.0,0.0,456,458,0.9549,0.0581,9,0.2138,1
4.8488,0,1,358.4409,739.0423,0,0.0,1.0,7.0,80,90,0.9602,0.0017,185,0.6876,3
0.9852,2,0,52.3588,27.9289,0,0.0,0.0,0.0,214,4,0.0548,0.7937,12,0.0586,2
0.4377,0,0,111.488,3.3859,1,0.0,0.0,0.0,344,431,0.9585,0.038,16,0.2192,1
0.3044,0,1,394.4164,589.219,0,0.0,4.0,2.0,75,79,0.8814,0.0167,115,0.6481,3
0.8415,0,1,47.3,12.072,1,0.0,0.0,0.0,86,2,0.0306,0.9599,14,0.1372,2
0.4211,0,0,114.4024,0.3143,1,0.0,0.0,0.0,494,288,0.905,0.0797,26,0.1458,1
0.2548,0,0,151.5509,3.3403,1,0.0,0.0,0.0,508,205,0.9253,0.056,14,0.116,1
2.9229,0,1,368.7506,478.0195,0,0.0,3.0,2.0,34,64,0.972,0.0608,129,0.8674,3
0.3651,0,5,25.311,2.1237,1,3.0,0.0,0.0,362,313,0.9888,0.074,48,0.1822,1
1.4136,0,1,214.9684,201.0057,0,0.0,4.0,2.0,136,75,0.976,0.043,69,0.8411,3
1.1701,1,4,4.7386,25.3677,2,0.0,0.0,0.0,250,9,0.2301,0.8975,15,0.1111,2
8.5543,0,1,496.6515,339.5804,1,0.0,5.0,5.0,123,54,0.9957,0.0055,171,0.7951,3
1.1912,0,0,592.5621,2876.3081,0,0.0,0.0,0.0,8,12,0.8636,0.0335,237,0.8638,0
8.1437,0,2,417.2499,721.8596,0,0.0,1.0,2.0,79,82,0.9336,0.0908,165,0.8566,3
3.6267,0,3,843.9575,6598.4454,0,0.0,0.0,0.0,6,9,0.7766,0.0224,208,0.7853,0
0.2268,0,1,382.2638,610.1593,0,0.0,4.0,2.0,136,49,0.9025,0.0125,92,0.9049,3
0.2479,0,3,37.472,27.3178,2,0.0,0.0,0.0,90,11,0.0108,0.8925,3,0.1336,2
0.6464,1,3,11.4095,5.781,2,0.0,0.0,0.0,182,12,0.1484,0.9729,4,0.1382,2
10.4798,0,1,202.896,412.2774,0,0.0,3.0,3.0,98,115,0.8393,0.0547,179,0.6221,3
0.3084,0,3,174.9876,7.7691,2,0.0,0.0,0.0,467,243,0.9172,0.0741,44,0.1349,1
0.1623,1,4,19.6912,0.9557,2,0.0,0.0,0.0,196,5,0.1316,0.9326,23,0.0396,2
0.458,0,0,10.2057,6.4266,1,3.0,0.0,0.0,364,474,0.8543,0.0171,35,0.2556,1
51.877,1,0,1091.5112,4098.337,0,0.0,0.0,0.0,12,9,0.8932,0.058,238,0.733,0
1.1317,0,0,986.9238,3143.5169,0,0.0,0.0,0.0,18,7,0.8051,0.058,179,0.7804,0
2.0694,0,1,394.1114,528.634,0,0.0,4.0,5.0,116,65,0.8435,0.0949,92,0.796,3
19.07,2,0,315.8243,2933.2679,0,0.0,0.0,0.0,15,7,0.7841,0.018,70,0.9792,0
28.6752,1,0,1621.8548,3335.9008,0,0.0,0.0,0.0,15,15,0.8973,0.1221,223,0.9513,0
6.6648,0,3,544.1323,1017.3769,0,0.0,0.0,0.0,19,5,0.8013,0.0393,140,0.9557,0
0.4029,0,0,97.1361,6.4393,1,0.0,0.0,0.0,267,464,0.9144,0.045,30,0.3594,1
21.7932,2,5,582.4291,3676.0218,0,0.0,0.0,0.0,19,7,0.8915,0.0699,106,0.8251,0
1.0821,0,3,527.2186,4722.5007,0,0.0,0.0,0.0,13,13,0.8216,0.1428,66,0.8296,0
4.4831,0,1,351.9257,413.1903,0,0.0,3.0,4.0,123,139,0.8994,0.0618,197,0.7164,3
36.4917,0,0,1142.8892,3811.6563,0,0.0,0.0,0.0,10,11,0.8854,0.0633,58,0.9947,0
1.4723,0,1,552.9962,249.6102,0,0.0,1.0,6.0,136,25,0.9392,0.0226,73,0.9433,3
2.4042,0,2,181.1354,443.8035,0,0.0,2.0,6.0,37,119,0.9477,0.0381,61,0.7584,3
0.3863,1,0,28.5078,9.6161,1,0.0,0.0,0.0,505,429,0.8601,0.0975,8,0.1799,1
3.3245,0,1,481.6624,532.0644,0,0.0,2.0,4.0,75,60,0.9208,0.0651,189,0.6626,3
4.2869,0,1,204.1296,345.1561,0,0.0,2.0,4.0,67,79,0.9376,0.0088,189,0.7199,3
0.205,0,5,77.612,7.3388,1,0.0,0.0,0.0,503,499,0.9822,0.09,10,0.3563,1
2.7619,0,1,393.6468,646.6093,0,0.0,3.0,7.0,108,37,0.8883,0.0276,93,0.7904,3
2.3924,0,0,1045.2857,5945.3564,0,0.0,0.0,0.0,15,10,0.8768,0.1273,232,0.956,0
1.0426,0,2,4.0412,1.965,2,0.0,0.0,0.0,250,9,0.2206,0.9664,1,0.0853,2
1.098,1,0,0.4696,3.4761,1,0.0,0.0,0.0,100,7,0.2236,0.844,19,0.1656,2
0.6693,0,2,3.7928,13.6314,1,0.0,0.0,0.0,110,1,0.1795,0.8635,22,0.076,2
0.9519,0,1,509.6016,770.3468,0,0.0,3.0,3.0,82,41,0.8825,0.0374,113,0.7652,3
3.0971,0,2,293.898,533.1526,1,0.0,2.0,7.0,55,127,0.8173,0.0969,144,0.7431,3
31.9046,0,3,1976.75,853.9242,1,0.0,0.0,0.0,17,15,0.8609,0.1366,133,0.9313,0
2.7391,0,1,530.5355,722.8447,2,0.0,3.0,3.0,58,125,0.8783,0.0885,54,0.62,3
0.9306,2,5,13.0635,7.8882,1,0.0,0.0,0.0,192,10,0.1181,0.979,7,0.1558,2
0.0334,2,3,10.0884,5.1959,1,0.0,0.0,0.0,451,348,0.9815,0.0029,30,0.3231,1
0.1391,1,0,19.425,25.0671,1,0.0,0.0,0.0,189,5,0.2449,0.7653,18,0.1774,2
5.9173,0,2,469.5447,741.4875,2,0.0,5.0,7.0,127,87,0.9087,0.0248,181,0.6077,3
0.4947,1,3,38.4518,16.1177,1,0.0,0.0,0.0,119,5,0.0285,0.8645,8,0.1166,2
0.1989,0,3,181.887,6.8687,2,0.0,0.0,0.0,305,434,0.8569,0.0068,33,0.2694,1
1.5974,0,2,298.2512,352.2894,0,0.0,3.0,4.0,137,57,0.8482,0.0217,167,0.8397,3
12.795,0,1,415.5931,593.9678,0,0.0,4.0,7.0,120,55,0.9305,0.0765,110,0.8737,3
0.6358,0,1,308.9674,293.6272,0,0.0,5.0,5.0,73,79,0.9998,0.0702,79,0.8051,3
0.4268,1,3,7.0347,3.6016,1,0.0,0.0,0.0,280,211,0.8866,0.0687,35,0.1891,1
0.2667,0,2,164.5143,654.6634,0,0.0,5.0,7.0,133,34,0.9217,0.092,186,0.9367,3
0.312,0,3,27.9896,14.0271,2,0.0,0.0,0.0,118,9,0.1292,0.9031,11,0.0441,2
0.0245,1,0,109.776,3.6467,2,0.0,0.0,0.0,373,461,0.9051,0.061,22,0.3626,1
9.7988,1,0,1437.9007,7207.708,0,0.0,0.0,0.0,13,13,0.8466,0.0229,96,0.8864,0
0.0345,2,0,72.1367,8.1149,2,0.0,0.0,0.0,454,309,0.9037,0.0405,6,0.1676,1
5.8621,0,1,543.7293,259.3626,0,0.0,2.0,4.0,134,133,0.8896,0.0697,75,0.7479,3
5.4506,0,1,525.4488,584.0348,0,0.0,2.0,2.0,89,138,0.8689,0.0182,105,0.8057,3
0.3793,0,0,49.5242,3.5728,1,1.0,0.0,0.0,264,443,0.9239,0.0354,43,0.3166,1
1.0152,0,3,12.7438,30.2497,0,0.0,0.0,0.0,81,1,0.1026,0.802,13,0.1625,2
0.6408,0,2,45.6203,31.8745,2,0.0,0.0,0.0,260,3,0.0685,0.9151,5,0.0538,2
4.1654,0,2,329.3996,766.2348,1,0.0,4.0,6.0,123,126,0.8419,0.0765,153,0.941,3
0.1775,0,0,407.726,0.2624,2,0.0,0.0,0.0,488,279,0.998,0.0602,27,0.1457,1
0.0429,1,1,58.8702,31.5724,1,0.0,0.0,0.0,115,1,0.1241,0.7873,24,0.1601,2
0.8859,0,3,37.6219,10.8937,2,0.0,0.0,0.0,168,9,0.2064,0.8444,1,0.1418,2
13.8948,0,1,581.0371,304.6313,0,0.0,5.0,7.0,77,79,0.9674,0.0076,70,0.7283,3
0.1059,0,0,120.1318,1.6163,1,0.0,0.0,0.0,498,499,0.8588,0.0106,13,0.2903,1
0.0898,1,1,54.2493,4.3282,2,0.0,0.0,0.0,289,11,0.1428,0.9864,12,0.0183,2
1.0136,1,0,55.4914,25.5112,1,0.0,0.0,0.0,199,14,0.1896,0.8136,12,0.0742,2
1.1126,0,1,333.9744,2199.2619,0,0.0,0.0,0.0,13,12,0.8945,0.1478,56,0.8217,0
10.6112,0,2,366.84,545.8478,0,0.0,2.0,6.0,144,104,0.8218,0.0348,89,0.6342,3
5.7326,0,3,169.1454,6118.2217,0,0.0,0.0,0.0,7,9,0.7549,0.1144,66,0.965,0
0.5664,0,1,570.999,713.8077,0,0.0,5.0,3.0,143,84,0.8581,0.0637,92,0.8269,3
0.3991,2,0,175.1224,9.697,1,0.0,0.0,0.0,419,401,0.8682,0.0466,22,0.3435,1
0.42,0,2,493.3414,390.0465,0,0.0,5.0,2.0,37,51,0.8371,0.0693,51,0.7152,3
0.0567,0,2,33.8391,7.5559,1,0.0,0.0,0.0,274,13,0.0149,0.9838,10,0.1653,2
2.7917,0,0,1393.9184,3568.9344,0,0.0,0.0,0.0,19,10,0.9999,0.1116,215,0.9483,0
0.9336,0,2,11.0672,11.7272,1,0.0,0.0,0.0,218,8,0.0355,0.8997,17,0.1364,2
1.1045,0,0,17.2591,0.7455,0,0.0,0.0,0.0,242,12,0.0659,0.8335,3,0.1668,2
1.0894,0,4,42.532,30.1283,1,0.0,0.0,0.0,145,13,0.09,0.8077,18,0.0226,2
0.0643,0,0,16.9649,3.5389,1,1.0,0.0,0.0,287,324,0.9078,0.0207,18,0.3157,1
3.8888,1,0,1475.0147,7533.4616,0,0.0,0.0,0.0,9,11,0.7692,0.0585,234,0.7248,0
0.4878,2,2,17.3266,25.1811,2,0.0,0.0,0.0,173,10,0.1556,0.9087,17,0.0475,2
0.1624,0,3,29.6213,9.8768,3,0.0,0.0,0.0,449,356,0.9177,0.0994,18,0.1616,1
6.8805,0,1,205.0739,207.4949,0,0.0,2.0,4.0,95,105,0.8743,0.0064,40,0.6584,3
0.318,0,0,129.3705,4.957,1,0.0,0.0,0.0,432,408,0.973,0.0366,31,0.1265,1
0.4304,0,5,34.0068,6.6037,1,0.0,0.0,0.0,314,304,0.9456,0.0662,15,0.1911,1
4.4517,0,2,434.2679,270.1743,0,0.0,5.0,6.0,113,35,0.9362,0.0744,166,0.8519,3
0.4665,0,5,25.5166,4.9753,1,0.0,0.0,0.0,276,240,0.8641,0.0484,38,0.3005,1
1.8108,0,1,573.9087,221.6487,0,0.0,2.0,3.0,64,112,0.8274,0.0708,107,0.7367,3
8.8848,0,1,297.1145,659.0761,0,0.0,3.0,2.0,79,97,0.896,0.0392,146,0.766,3
0.3025,1,0,33.3711,9.9721,2,0.0,0.0,0.0,266,237,0.9287,0.0653,26,0.3767,1
1.0792,1,0,47.8986,15.6997,2,0.0,0.0,0.0,179,13,0.1988,0.8117,21,0.1011,2
8.8774,0,3,105.495,3731.9844,0,0.0,0.0,0.0,15,9,0.8303,0.1437,197,0.7473,0
1.6787,0,2,571.7677,491.5504,0,0.0,1.0,2.0,101,134,0.941,0.0968,137,0.7693,3
4.8198,0,0,356.2642,6478.1954,0,0.0,0.0,0.0,10,7,0.9186,0.1266,235,0.8739,0
0.9967,0,1,185.6644,412.8086,2,0.0,4.0,5.0,120,45,0.9282,0.0408,58,0.7786,3
8.6201,1,2,852.3556,1121.3422,0,0.0,0.0,0.0,14,13,0.9724,0.0851,106,0.9061,0
0.3954,0,0,41.5236,7.8885,1,0.0,0.0,0.0,468,309,0.9074,0.0766,38,0.2009,1
0.066,0,3,159.9462,2.9556,1,0.0,0.0,0.0,346,375,0.8962,0.0811,45,0.228,1
0.969,0,1,264.3389,616.9774,0,0.0,4.0,4.0,73,133,0.8526,0.0072,173,0.9216,3
14.9422,0,1,332.602,473.9874,2,0.0,4.0,4.0,33,132,0.8036,0.0319,104,0.9251,3
0.2632,1,3,74.2533,4.7935,1,0.0,0.0,0.0,351,264,0.9139,0.0692,46,0.2852,1
1.8132,0,2,175.2542,604.7013,0,0.0,1.0,5.0,127,78,0.8288,0.0531,160,0.7697,3
6.6278,0,1,292.7468,761.9095,0,0.0,4.0,7.0,94,96,0.8282,0.0432,66,0.8455,3
0.2418,0,0,52.2623,4.4205,1,0.0,0.0,0.0,382,419,0.9791,0.0435,18,0.2588,1
1.1945,0,2,459.5197,646.5081,2,0.0,2.0,2.0,52,79,0.8032,0.0605,139,0.7008,3
7.5767,0,3,554.5294,5781.6403,0,0.0,0.0,0.0,15,15,0.8547,0.1123,77,0.7563,0
0.387,0,0,73.2917,2.3657,1,1.0,0.0,0.0,257,302,0.8582,0.0684,12,0.1543,1
0.5361,0,3,50.8164,25.1132,2,0.0,0.0,0.0,201,13,0.1589,0.897,16,0.0242,2
0.1141,0,0,17.0831,5.7245,2,0.0,0.0,0.0,255,399,0.9627,0.0907,44,0.3601,1
1.0669,0,1,10.8197,13.9405,1,0.0,0.0,0.0,99,3,0.1429,0.9668,2,0.0505,2
0.9985,1,2,49.9727,19.2771,0,0.0,0.0,0.0,135,3,0.145,0.8421,24,0.118,2
2.3734,0,1,167.9311,459.8408,2,0.0,2.0,4.0,60,108,0.8394,0.0695,168,0.7743,3
4.6829,0,2,172.5623,665.2267,2,0.0,5.0,2.0,43,72,0.9201,0.0466,164,0.8723,3
14.3486,0,0,467.9987,2408.2061,0,0.0,0.0,0.0,8,14,0.9979,0.014,142,0.995,0
0.2806,1,4,63.4817,15.5286,2,0.0,0.0,0.0,228,6,0.2042,0.9488,24,0.1964,2
0.9794,1,3,26.1705,25.7602,3,0.0,0.0,0.0,299,2,0.0963,0.8831,1,0.0221,2
0.1263,0,3,19.1439,9.3653,2,3.0,0.0,0.0,416,451,0.8658,0.0467,10,0.1079,1
1.6064,0,2,495.0051,711.4018,0,0.0,1.0,5.0,115,123,0.8264,0.0741,47,0.9465,3
5.6192,0,1,319.2679,772.7531,0,0.0,1.0,3.0,107,68,0.9834,0.0358,132,0.9496,3
19.7912,1,0,455.2475,2524.8374,0,0.0,1.0,0.0,18,10,0.836,0.0918,74,0.8222,0
0.5788,0,1,289.1414,529.2164,0,0.0,3.0,4.0,80,98,0.8748,0.0244,123,0.9246,3
0.1715,1,0,179.7089,1.5412,2,0.0,0.0,0.0,252,318,0.9626,0.0875,46,0.1781,1
0.1608,0,1,27.6085,0.9605,1,0.0,0.0,0.0,274,1,0.2055,0.9932,15,0.1728,2
6.5924,0,1,171.7352,660.5686,2,0.0,5.0,2.0,79,43,0.9084,0.0319,76,0.7734,3
0.8631,1,2,41.377,17.921,0,0.0,0.0,0.0,156,8,0.2475,0.9329,10,0.1923,2
1.0237,0,2,58.4929,20.018,2,0.0,0.0,0.0,286,11,0.1458,0.9228,3,0.0534,2
1.1472,0,4,54.185,19.2286,1,0.0,0.0,0.0,190,12,0.0267,0.7502,19,0.1235,2
0.3275,0,0,19.8449,29.1304,1,0.0,0.0,0.0,284,10,0.2132,0.786,10,0.0446,2
0.8054,0,0,1469.6949,5119.7626,0,0.0,0.0,0.0,15,14,0.8582,0.0995,120,0.796,0
0.4619,0,0,156.9887,8.2105,1,0.0,0.0,0.0,355,369,0.9711,0.033,23,0.3366,1
0.4134,1,0,7.5164,2.4497,1,1.0,0.0,0.0,267,221,0.9202,0.0502,11,0.3049,1
0.751,0,0,30.6473,15.8691,2,0.0,0.0,0.0,164,8,0.0291,0.8551,15,0.1143,2
35.1509,0,3,447.6116,1627.0577,0,0.0,0.0,0.0,17,14,0.7858,0.0947,144,0.9891,0
0.2305,2,0,28.4404,3.1383,1,0.0,0.0,0.0,404,405,0.9847,0.0331,5,0.1886,1
0.1719,0,0,36.531,1.616,1,1.0,0.0,0.0,274,300,0.9259,0.0555,15,0.1132,1
0.0663,0,0,87.0361,3.1063,1,0.0,0.0,0.0,330,508,0.8716,0.0873,24,0.1365,1
0.4387,0,0,72.5185,0.1544,1,0.0,0.0,0.0,397,487,0.9614,0.0859,33,0.3214,1
1.1711,1,1,50.5458,6.7749,2,0.0,0.0,0.0,173,1,0.1009,0.7609,3,0.1027,2
0.4224,1,0,285.6905,4863.4176,0,0.0,0.0,0.0,14,12,0.9251,0.0588,223,0.7448,0
4.9978,0,0,962.1571,2106.6761,1,0.0,0.0,0.0,12,12,0.9762,0.0836,223,0.8569,0
13.8494,0,1,151.0589,669.2273,1,0.0,3.0,4.0,125,87,0.9199,0.0061,59,0.6858,3
0.2467,1,3,72.2154,4.4717,2,0.0,0.0,0.0,483,416,0.8602,0.0453,48,0.3334,1
0.8969,0,3,30.1192,25.5566,2,0.0,0.0,0.0,175,8,0.242,0.8063,24,0.1653,2
0.0402,0,0,48.5138,8.709,1,0.0,0.0,0.0,314,320,0.9173,0.0293,29,0.2094,1
0.2845,1,0,26.2835,1.9469,3,0.0,0.0,0.0,278,407,0.8584,0.0356,23,0.2208,1
0.0552,1,5,51.8265,23.3053,1,0.0,0.0,0.0,156,10,0.0707,0.9818,11,0.1642,2
0.1818,1,2,25.7856,11.7066,2,0.0,0.0,0.0,147,5,0.2428,0.9127,20,0.0733,2
0.1725,0,0,50.1221,0.7367,1,0.0,0.0,0.0,275,370,0.8549,0.0945,16,0.2582,1
6.3939,0,1,204.43,461.6198,0,0.0,2.0,2.0,35,131,0.9687,0.0811,68,0.7968,3
1.3534,1,3,378.1812,5379.6721,0,0.0,0.0,0.0,14,12,0.881,0.0603,221,0.7719,0
3.6848,0,2,968.4224,3515.8447,0,0.0,0.0,0.0,10,15,0.9673,0.1013,92,0.7817,0
0.2268,0,0,100.6215,5.7566,1,0.0,0.0,0.0,464,436,0.9269,0.0332,7,0.2121,1
0.7138,0,1,37.1407,19.7804,0,0.0,0.0,0.0,222,11,0.2343,0.9053,8,0.09,2
0.3275,0,2,331.3469,410.2791,0,0.0,4.0,5.0,38,92,0.8947,0.0037,156,0.6678,3
0.3998,0,0,183.9348,1.1552,1,0.0,0.0,0.0,321,416,0.981,0.0863,41,0.2443,1
8.4795,0,0,835.1021,5205.6862,0,0.0,0.0,0.0,22,13,0.9764,0.0344,252,0.7752,0
9.0179,2,0,300.863,924.1131,0,0.0,0.0,0.0,12,11,0.8614,0.0032,140,0.7376,0
0.0578,0,5,10.7517,14.0081,0,0.0,0.0,0.0,107,13,0.0593,0.8903,3,0.1646,2
3.5755,0,1,285.7426,716.3112,0,0.0,4.0,4.0,114,125,0.8561,0.0979,181,0.7354,3
0.1786,2,0,40.3618,6.1413,0,0.0,0.0,0.0,390,298,0.965,0.0358,22,0.106,1
0.3942,0,5,2.3057,2.4849,2,0.0,0.0,0.0,313,500,0.961,0.0414,9,0.2001,1
0.7763,0,1,266.7253,760.5985,0,0.0,1.0,7.0,66,72,0.8582,0.0499,130,0.6534,3
0.1192,0,0,374.1504,2.9101,1,0.0,0.0,0.0,298,324,0.8628,0.043,28,0.2171,1
1.0495,0,1,336.6207,494.2202,2,0.0,3.0,3.0,84,32,0.9956,0.0197,160,0.9413,3
1.005,1,1,31.3613,7.8127,1,0.0,0.0,0.0,252,2,0.1161,0.911,6,0.1332,2
0.3131,2,0,64.3142,9.0807,1,0.0,0.0,0.0,373,458,0.8954,0.0949,28,0.2841,1
0.8579,0,1,307.3625,454.5786,0,0.0,4.0,5.0,74,88,0.8106,0.0314,74,0.9099,3
0.3891,0,0,65.657,5.7433,1,0.0,0.0,0.0,366,353,0.8595,0.0784,16,0.1323,1
1.1293,2,1,15.6603,29.2681,2,0.0,0.0,0.0,139,12,0.0349,0.8399,20,0.1946,2
1.2514,1,0,523.5814,6497.1401,1,0.0,0.0,0.0,15,11,0.9845,0.0228,211,0.9635,0
1.4564,1,2,558.6452,5696.3771,0,0.0,0.0,0.0,9,6,0.8449,0.0186,188,0.7536,0
5.1008,0,1,524.5311,696.98,0,0.0,2.0,5.0,58,102,0.8154,0.0028,135,0.6177,3
1.821,0,2,540.226,528.2998,0,0.0,1.0,6.0,136,99,0.8587,0.0453,198,0.758,3
2.1508,0,1,249.7203,642.7794,0,0.0,2.0,4.0,59,85,0.951,0.0618,170,0.6209,3
0.3957,0,1,499.0251,644.1489,0,0.0,3.0,7.0,51,83,0.8459,0.096,157,0.7646,3
0.264,0,1,23.8477,10.8988,1,0.0,0.0,0.0,120,8,0.1276,0.8116,6,0.1526,2
0.1024,2,3,49.2364,4.4498,2,0.0,0.0,0.0,283,5,0.1367,0.8987,8,0.0595,2
2.6395,0,2,334.6427,669.9204,0,0.0,4.0,5.0,46,40,0.9173,0.0362,189,0.8826,3
0.3597,1,0,60.6404,5.036,1,0.0,0.0,0.0,312,246,0.8574,0.0912,39,0.3418,1
0.7122,0,3,48.1561,18.533,2,0.0,0.0,0.0,84,10,0.1079,0.9328,8,0.0968,2
0.9206,1,1,45.4429,16.4438,1,0.0,0.0,0.0,140,6,0.0806,0.8919,10,0.0737,2
0.0644,0,3,30.0884,30.6897,2,0.0,0.0,0.0,138,8,0.0332,0.966,12,0.1893,2
0.2081,0,1,417.5297,235.6771,0,0.0,5.0,2.0,35,44,0.8413,0.0903,85,0.8355,3
0.4569,1,3,140.3975,5.4677,1,0.0,0.0,0.0,306,294,0.8944,0.0691,43,0.1938,1
19.1468,0,1,434.359,355.2626,0,0.0,5.0,4.0,40,134,0.9643,0.0216,172,0.8031,3
0.1077,0,0,89.0098,3.6131,1,0.0,0.0,0.0,292,311,0.9106,0.0021,18,0.2339,1
0.9871,0,1,225.6914,795.4505,0,0.0,2.0,2.0,111,63,0.8996,0.0708,85,0.6693,3
1.0898,1,1,32.4552,9.0724,1,0.0,0.0,0.0,297,7,0.0156,0.9704,2,0.0396,2
3.965,0,1,369.6814,612.5395,0,0.0,2.0,4.0,92,108,0.9377,0.0322,80,0.6104,3
1.0321,0,5,52.6385,7.9695,0,0.0,0.0,0.0,259,12,0.1467,0.8271,22,0.1379,2
1.3133,0,1,365.0818,246.2721,0,0.0,4.0,3.0,131,136,0.8799,0.0594,153,0.9438,3
2.448,0,1,584.4507,770.7143,0,0.0,1.0,2.0,132,138,0.975,0.0134,66,0.7204,3
0.0819,0,5,44.209,5.3823,1,0.0,0.0,0.0,405,457,0.8788,0.0238,30,0.382,1
4.4766,0,1,403.8076,618.5452,0,0.0,1.0,6.0,55,134,0.9597,0.0696,51,0.8703,3
0.934,0,1,186.3344,661.5945,0,0.0,3.0,2.0,48,84,0.9596,0.0814,137,0.6354,3
1.6335,0,2,160.3406,289.9584,1,0.0,4.0,4.0,98,130,0.831,0.0768,171,0.7386,3
3.171,0,2,567.2081,387.3056,0,0.0,1.0,7.0,102,114,0.8532,0.0751,83,0.643,3
0.5343,0,0,59.4386,16.6593,2,0.0,0.0,0.0,212,5,0.0655,0.7508,8,0.1538,2
5.9329,0,2,265.4111,732.119,0,0.0,2.0,6.0,98,39,0.9314,0.0337,134,0.9206,3
0.9597,0,1,20.4832,18.1091,0,0.0,0.0,0.0,207,11,0.0235,0.8878,24,0.1601,2
1.1888,2,3,60.1415,30.2177,2,0.0,0.0,0.0,280,11,0.0646,0.8967,14,0.1828,2
0.2121,0,2,456.8495,635.6774,2,0.0,2.0,5.0,145,114,0.9602,0.0281,158,0.7133,3
0.3249,0,5,2.0894,8.9202,2,0.0,0.0,0.0,311,388,0.8753,0.0674,22,0.3599,1
0.0452,1,5,35.9103,8.8652,1,0.0,0.0,0.0,436,242,0.9989,0.075,40,0.2773,1
0.0972,0,1,60.2464,29.5203,1,0.0,0.0,0.0,104,11,0.2008,0.9831,11,0.0235,2
14.0822,1,2,1098.0746,2347.5499,0,0.0,0.0,0.0,9,9,0.8055,0.1403,175,0.8272,0
0.2675,0,5,10.1133,18.5887,2,0.0,0.0,0.0,163,7,0.0276,0.8378,1,0.13,2
0.0389,0,0,82.1206,1.8342,0,0.0,0.0,0.0,410,253,0.9395,0.0105,11,0.2461,1
1.187,0,0,40.7951,11.3705,1,0.0,0.0,0.0,284,9,0.0958,0.9947,6,0.0246,2
0.2952,0,0,192.5298,5.5633,1,0.0,0.0,0.0,334,257,0.9566,0.0612,5,0.2226,1
0.7195,0,1,250.2415,377.5839,0,0.0,3.0,6.0,44,121,0.8906,0.0283,48,0.6688,3
2.2008,0,1,236.2568,610.3915,0,0.0,4.0,4.0,60,78,0.9782,0.0678,183,0.7282,3
1.749,0,0,355.9462,2088.4579,0,0.0,0.0,0.0,20,5,0.9073,0.0302,173,0.8681,0
1.3783,0,0,230.931,3550.5585,0,0.0,0.0,0.0,12,13,0.7962,0.1129,235,0.7309,0
0.0037,0,3,110.0741,3.2134,1,0.0,0.0,0.0,253,497,0.8796,0.0412,46,0.2387,1
5.3107,0,1,247.2028,248.3339,0,0.0,2.0,7.0,125,91,0.8736,0.0128,184,0.8289,3
0.0751,0,2,32.0847,31.9921,0,0.0,0.0,0.0,275,7,0.1434,0.8051,17,0.1514,2
0.3734,0,0,48.875,3.8984,1,0.0,0.0,0.0,450,439,0.9285,0.0313,39,0.3664,1
0.4881,0,3,38.9456,7.3785,1,0.0,0.0,0.0,246,8,0.0552,0.8425,15,0.0516,2
0.4972,0,0,62.703,8.3577,2,0.0,0.0,0.0,144,4,0.2191,0.9498,23,0.035,2
0.9614,0,0,34.3115,28.825,2,0.0,0.0,0.0,290,10,0.1342,0.8095,15,0.0719,2
7.3981,0,0,1399.6841,4809.4717,0,0.0,0.0,0.0,13,12,0.874,0.0512,202,0.982,0
8.931,0,2,559.8142,416.3647,0,0.0,4.0,7.0,115,57,0.8392,0.0954,46,0.8803,3
0.1016,1,0,20.4162,0.1687,2,0.0,0.0,0.0,496,248,0.8893,0.0667,42,0.2738,1
0.479,0,0,13.2151,7.1071,1,0.0,0.0,0.0,306,364,0.9766,0.0568,44,0.2739,1
14.2426,1,3,1500.2541,5397.8683,0,0.0,0.0,0.0,10,12,0.8018,0.1485,215,0.9921,0
3.2672,0,1,152.5106,621.0357,2,0.0,4.0,6.0,79,78,0.9565,0.0176,175,0.7499,3
0.4346,0,3,149.7376,9.2213,3,0.0,0.0,0.0,338,423,0.958,0.0694,9,0.2938,1
0.2965,0,5,148.8763,3.5949,1,0.0,0.0,0.0,346,204,0.958,0.0883,46,0.2041,1
2.7395,0,2,567.048,267.6032,1,0.0,3.0,3.0,71,45,0.9504,0.0934,151,0.7096,3
0.9343,0,4,48.8963,1.4114,2,0.0,0.0,0.0,146,13,0.1901,0.8016,22,0.1456,2
18.5552,0,3,1540.3465,4658.9482,0,0.0,0.0,0.0,11,14,0.817,0.1458,182,0.848,0
2.9492,0,1,385.2095,330.2209,0,0.0,4.0,4.0,140,106,0.8527,0.0422,162,0.6616,3
0.3164,0,0,25.3936,9.5915,1,0.0,0.0,0.0,404,355,0.8872,0.0213,19,0.2789,1
0.3078,0,0,18.9888,7.0349,2,0.0,0.0,0.0,437,303,0.9023,0.0121,48,0.126,1
20.6236,0,4,351.3929,3209.7477,1,0.0,0.0,0.0,15,11,0.8224,0.0129,120,0.9228,0
4.9702,0,1,168.4184,486.7915,0,0.0,1.0,4.0,97,89,0.8039,0.0796,105,0.6897,3
0.1251,2,5,10.5946,30.2432,1,0.0,0.0,0.0,100,12,0.1484,0.7605,22,0.0243,2
0.1045,0,0,34.5173,3.1067,3,0.0,0.0,0.0,403,257,0.9714,0.0173,26,0.3468,1
0.2497,0,0,30.4655,5.2978,1,0.0,0.0,0.0,433,313,0.8557,0.0505,49,0.2141,1
11.0011,2,0,1422.038,7296.0864,0,0.0,0.0,0.0,10,20,0.9684,0.0323,162,0.8195,0
0.0362,0,3,31.9877,9.2391,3,0.0,0.0,0.0,387,255,0.8901,0.0268,3,0.2205,1
2.7398,0,3,728.5365,2678.9367,0,0.0,0.0,0.0,13,14,0.8709,0.1398,68,0.9967,0
1.0607,0,4,16.1943,29.1315,2,0.0,0.0,0.0,217,7,0.0934,0.9588,10,0.1545,2
16.05,0,2,455.5954,641.0871,0,0.0,1.0,7.0,104,40,0.8699,0.0455,103,0.7622,3
1.0943,0,2,16.8234,11.6554,1,0.0,0.0,0.0,182,5,0.0709,0.879,8,0.1485,2
1.1371,0,0,15.7971,14.3548,1,0.0,0.0,0.0,143,11,0.1921,0.8908,12,0.116,2
1.0055,1,0,39.9512,29.5282,1,0.0,0.0,0.0,293,10,0.0188,0.7914,5,0.1197,2
25.9279,1,1,864.7896,3042.0588,0,0.0,0.0,0.0,12,12,0.837,0.1211,57,0.9512,0
0.4928,0,0,113.3377,7.4829,1,0.0,0.0,0.0,380,224,0.9646,0.0698,6,0.2149,1
1.0488,1,3,50.2347,25.011,2,0.0,0.0,0.0,174,6,0.2376,0.8633,6,0.1854,2
0.2113,0,3,35.3085,7.6757,1,0.0,0.0,0.0,164,4,0.0979,0.8976,24,0.1821,2
0.2223,0,1,502.3489,718.8306,0,0.0,5.0,7.0,137,121,0.8836,0.0399,173,0.7199,3
0.2931,1,0,118.4617,9.4513,1,0.0,0.0,0.0,449,375,0.9915,0.0586,8,0.3729,1
5.0686,0,2,779.35,4179.7961,2,0.0,1.0,0.0,13,16,0.8168,0.0268,166,0.8571,0
4.861,0,0,726.2417,2744.6603,0,0.0,0.0,0.0,15,10,0.7918,0.1207,234,0.8216,0
0.362,1,0,114.1779,4.2527,0,1.0,0.0,0.0,289,324,0.9674,0.0635,9,0.3074,1
0.0154,0,0,45.1286,0.6628,1,0.0,0.0,0.0,449,208,0.907,0.0489,48,0.1538,1
0.1591,1,0,79.4129,3.4881,2,3.0,0.0,0.0,444,429,0.9064,0.0189,16,0.3758,1
6.3399,0,1,502.9096,590.6149,2,0.0,4.0,2.0,110,125,0.9228,0.0235,98,0.8727,3
0.1092,1,3,155.6777,3.5017,2,0.0,0.0,0.0,498,387,0.8955,0.0111,45,0.356,1
0.3689,0,5,219.3336,4.2773,1,0.0,0.0,0.0,460,510,0.8614,0.071,18,0.2647,1
15.9269,1,1,1647.9497,1900.4492,0,0.0,0.0,0.0,10,13,0.7878,0.1228,220,0.8248,0
15.8506,0,4,1224.0521,3286.1795,0,0.0,0.0,0.0,17,10,0.9425,0.0184,123,0.9748,0
4.1102,0,1,168.7611,623.0589,0,0.0,3.0,2.0,143,27,0.8079,0.0065,98,0.9233,3
0.4239,0,0,23.4721,1.0547,1,0.0,0.0,0.0,500,441,0.9585,0.0714,2,0.3212,1
0.2651,0,3,6.4028,2.4704,1,0.0,0.0,0.0,285,510,0.945,0.0844,48,0.1574,1
0.404,0,0,70.0371,7.0361,1,0.0,0.0,0.0,477,500,0.902,0.0971,31,0.3875,1
0.1055,0,3,32.4387,21.6877,1,0.0,0.0,0.0,187,7,0.0613,0.81,8,0.0278,2
0.9072,0,0,649.2014,3697.4371,0,0.0,0.0,0.0,18,9,0.8129,0.037,159,0.9197,0
7.2712,0,2,478.9802,748.6991,1,0.0,2.0,7.0,107,25,0.8114,0.0366,111,0.6527,3
0.2036,0,2,6.0569,5.4153,1,0.0,0.0,0.0,174,6,0.0331,0.8768,9,0.1041,2
1.4076,0,1,156.2467,691.5389,0,0.0,5.0,5.0,113,36,0.9221,0.0253,69,0.8192,3
1.8426,0,0,1169.8278,2608.6696,0,0.0,0.0,0.0,9,11,0.7841,0.0165,50,0.8628,0
0.4067,0,5,5.9806,1.5635,1,0.0,0.0,0.0,430,250,0.9921,0.0422,13,0.1459,1
0.1973,0,0,40.4859,8.3611,2,1.0,0.0,0.0,265,430,0.9685,0.0337,40,0.166,1
0.1878,0,0,49.683,1.9259,1,1.0,0.0,0.0,414,427,0.8855,0.0989,47,0.356,1
0.3587,0,0,45.4946,6.6452,1,0.0,0.0,0.0,453,272,0.9679,0.0409,46,0.3483,1
6.7142,0,1,223.0342,497.3535,0,0.0,1.0,7.0,101,101,0.858,0.0784,112,0.6116,3
4.5594,0,1,176.2091,750.2047,1,0.0,4.0,7.0,51,131,0.9389,0.0791,42,0.6328,3
0.2234,1,0,35.9427,17.4444,1,0.0,0.0,0.0,113,3,0.1143,0.857,10,0.0121,2
0.844,1,0,20.7067,28.8338,1,0.0,0.0,0.0,295,5,0.0108,0.901,14,0.1574,2
0.4524,0,0,35.0346,8.811,1,0.0,0.0,0.0,252,501,0.8985,0.0363,28,0.2437,1
0.4432,0,3,6.7271,7.2488,1,0.0,0.0,0.0,280,12,0.1203,0.788,17,0.1495,2
0.4147,2,0,64.0211,8.9954,1,0.0,0.0,0.0,480,285,0.9193,0.0102,24,0.1545,1
0.0283,0,2,9.4259,13.2859,1,0.0,0.0,0.0,294,9,0.12,0.9873,1,0.0722,2
0.1788,0,0,58.7887,3.5882,1,0.0,0.0,0.0,473,396,0.9162,0.0695,17,0.3791,1
0.2156,2,0,127.6566,9.3311,1,0.0,0.0,0.0,403,202,0.8661,0.0745,3,0.3093,1
0.9046,0,5,9.4481,27.2148,0,0.0,0.0,0.0,295,11,0.2081,0.8246,1,0.1805,2
2.3016,0,5,672.5483,2412.2078,0,0.0,0.0,0.0,11,8,0.7972,0.1354,96,0.9085,0
5.7774,0,2,382.5834,3506.2711,0,0.0,0.0,0.0,11,5,0.8023,0.1474,171,0.9343,0
0.372,1,4,24.9511,17.9229,1,0.0,0.0,0.0,188,10,0.1795,0.8197,13,0.0153,2
7.3509,0,1,449.1206,243.551,0,0.0,3.0,2.0,147,81,0.8484,0.0505,125,0.7326,3
6.426,0,1,463.7799,308.7012,0,0.0,3.0,7.0,149,138,0.8207,0.0254,173,0.9482,3
0.9822,0,1,50.1615,12.6164,2,0.0,0.0,0.0,232,9,0.1013,0.9039,8,0.1975,2
1.0983,0,1,347.2038,575.8098,2,0.0,3.0,3.0,142,123,0.9309,0.0409,86,0.811,3
4.2286,0,2,195.5822,326.234,2,0.0,3.0,7.0,149,80,0.8453,0.0592,51,0.8678,3
6.4397,1,0,645.0795,6083.5491,0,0.0,0.0,0.0,12,11,0.7518,0.0266,61,0.9864,0
1.0454,1,0,8.7642,26.2903,2,0.0,0.0,0.0,202,12,0.0718,0.876,18,0.1807,2
0.4583,0,0,54.7443,4.0132,2,0.0,0.0,0.0,485,396,0.9037,0.0374,29,0.2674,1
41.3519,0,0,664.3305,3332.8386,0,0.0,0.0,0.0,12,8,0.9539,0.0819,132,0.9905,0
0.6583,0,2,28.4551,0.9965,1,0.0,0.0,0.0,269,4,0.1193,0.8388,15,0.0476,2
6.4765,0,2,387.2503,444.1598,0,0.0,2.0,3.0,135,54,0.9231,0.098,151,0.832,3
4.622,0,1,383.9424,764.7613,0,0.0,4.0,4.0,129,32,0.8709,0.098,185,0.718,3
0.8971,0,5,46.1756,24.0234,0,0.0,0.0,0.0,244,8,0.144,0.7608,10,0.1476,2
0.3099,1,0,46.3013,2.7742,1,1.0,0.0,0.0,474,291,0.8697,0.014,17,0.2652,1
1.4641,0,1,307.1203,369.5797,0,0.0,1.0,7.0,98,42,0.975,0.0241,62,0.6918,3
0.3729,0,3,91.32,0.0053,0,0.0,0.0,0.0,414,435,0.9036,0.0777,18,0.3163,1
0.3153,2,0,25.5603,5.0452,1,0.0,0.0,0.0,140,7,0.1033,0.8958,11,0.1033,2
0.6326,0,0,899.3938,8199.0788,0,0.0,0.0,0.0,12,7,0.9628,0.0002,190,0.8924,0
0.2942,1,1,54.1482,23.5866,2,0.0,0.0,0.0,288,11,0.1333,0.9474,14,0.1652,2
0.0807,0,0,45.8973,1.3485,1,0.0,0.0,0.0,380,331,0.9602,0.0231,48,0.304,1
9.5665,0,1,238.5755,771.4787,0,0.0,1.0,4.0,68,89,0.9926,0.0413,84,0.7505,3
12.4407,0,2,1909.8585,3393.584,0,0.0,0.0,0.0,6,16,0.897,0.1357,95,0.7632,0
12.7402,0,0,1612.7314,1869.2502,0,0.0,0.0,0.0,16,9,0.8054,0.0808,165,0.777,0
2.9963,0,2,536.939,767.5024,0,0.0,4.0,6.0,66,77,0.8928,0.0217,85,0.6533,3
0.0353,0,0,161.2711,0.0756,2,0.0,0.0,0.0,402,364,0.9488,0.0589,10,0.3066,1
0.087,1,0,17.5892,11.3462,2,0.0,0.0,0.0,189,14,0.2084,0.9342,11,0.1449,2
0.2491,0,3,42.4552,24.715,1,0.0,0.0,0.0,109,3,0.0541,0.8455,1,0.0287,2
3.0079,1,3,339.6558,1573.3739,0,0.0,0.0,0.0,24,9,0.8733,0.0566,158,0.9832,0
0.584,0,1,19.1845,16.7235,3,0.0,0.0,0.0,196,10,0.0235,0.9944,8,0.1779,2
0.0581,0,4,27.7602,26.1737,0,0.0,0.0,0.0,282,12,0.0356,0.977,9,0.1276,2
26.8169,0,0,1163.0024,2277.1658,0,0.0,0.0,0.0,8,10,0.922,0.0271,69,0.9267,0
43.6623,1,3,277.9598,2515.4551,0,0.0,0.0,0.0,14,8,0.8191,0.0779,170,0.8184,0
4.3381,0,0,457.7357,7248.6295,0,0.0,0.0,0.0,13,12,0.8949,0.1197,239,0.7405,0
0.4202,0,0,68.7125,9.5255,2,0.0,0.0,0.0,418,399,0.9828,0.0977,36,0.1215,1
0.977,0,1,423.0012,671.5027,0,0.0,5.0,2.0,52,59,0.8301,0.0936,53,0.7247,3
0.007,0,3,33.8222,1.5249,1,3.0,0.0,0.0,394,271,0.908,0.0351,4,0.2403,1
0.3037,0,0,133.1566,9.5395,1,0.0,0.0,0.0,372,248,0.9189,0.0746,30,0.2028,1
0.351,0,5,54.6836,3.1787,2,0.0,0.0,0.0,423,237,0.8742,0.0391,46,0.1991,1
0.3635,1,0,185.2021,3.6717,2,0.0,0.0,0.0,457,363,0.9291,0.0187,6,0.2313,1
0.1449,0,0,115.6852,9.5731,1,1.0,0.0,0.0,264,396,0.946,0.0113,12,0.1269,1
23.5581,0,0,676.1415,1444.7365,0,0.0,0.0,0.0,20,13,0.9089,0.0616,145,0.7591,0
0.4185,0,0,34.4851,3.409,3,0.0,0.0,0.0,271,241,0.9441,0.0763,2,0.1189,1
0.1688,0,4,17.6107,22.5545,2,0.0,0.0,0.0,251,9,0.1586,0.9535,13,0.0411,2
0.7474,0,1,39.1742,22.8452,2,0.0,0.0,0.0,199,12,0.0474,0.9829,13,0.1959,2
1.0446,0,1,400.8157,401.5039,1,0.0,3.0,4.0,41,61,0.981,0.0789,55,0.8844,3
0.5808,2,5,51.5025,25.703,2,0.0,0.0,0.0,172,10,0.0811,0.782,23,0.1347,2
31.5132,0,2,618.1467,6229.5875,0,0.0,0.0,0.0,12,11,0.8769,0.1202,201,0.8979,0
0.91,0,2,48.6192,21.1528,1,0.0,0.0,0.0,117,7,0.141,0.9842,18,0.1016,2
5.4411,0,3,1128.945,1922.9815,0,0.0,0.0,0.0,7,9,0.9602,0.0693,254,0.8387,0
42.6096,0,3,568.7707,5135.1374,0,0.0,0.0,0.0,17,7,0.757,0.0876,174,0.9786,0
0.4963,0,0,28.8731,6.4519,1,0.0,0.0,0.0,309,445,0.8831,0.0538,30,0.3775,1
1.1399,1,5,48.134,29.4344,2,0.0,0.0,0.0,108,4,0.1745,0.8433,13,0.127,2
0.231,0,3,109.2885,0.6712,1,0.0,0.0,0.0,289,456,0.9283,0.0247,34,0.2247,1
0.3578,2,1,41.9892,24.8007,3,0.0,0.0,0.0,258,1,0.1815,0.8278,9,0.0578,2
7.2821,0,0,1249.538,4018.2778,0,0.0,0.0,0.0,15,6,0.9682,0.1404,175,0.753,0
0.1494,0,0,18.4961,7.212,1,3.0,0.0,0.0,410,397,0.8941,0.0331,4,0.3824,1
2.8971,0,1,341.3816,486.8189,0,0.0,3.0,6.0,109,133,0.8614,0.0224,179,0.8707,3
0.1389,0,0,31.3881,8.1172,1,0.0,0.0,0.0,474,211,0.9916,0.0987,27,0.2793,1
6.6428,0,1,319.831,751.2102,0,0.0,3.0,6.0,108,109,0.8232,0.0752,102,0.7766,3
2.7066,0,0,2707.7481,6446.7989,0,0.0,0.0,0.0,7,15,0.9964,0.1447,185,0.9889,0
3.8969,0,1,522.91,563.5252,0,0.0,5.0,3.0,67,47,0.9333,0.0666,123,0.7369,3
0.3201,0,0,102.2893,6.2574,2,0.0,0.0,0.0,387,462,0.9485,0.0552,15,0.1204,1
0.5431,0,1,34.3022,26.5519,1,0.0,0.0,0.0,264,13,0.0502,0.9792,21,0.0994,2
0.0833,1,0,70.7709,6.0584,1,0.0,0.0,0.0,498,373,0.9945,0.076,40,0.382,1
0.1967,1,5,15.6066,4.3803,1,0.0,0.0,0.0,113,12,0.1078,0.9721,6,0.0157,2
0.7174,0,3,26.5438,6.1258,1,0.0,0.0,0.0,220,10,0.0901,0.7666,17,0.1021,2
4.8734,0,2,1481.8561,4562.6882,0,0.0,0.0,0.0,10,13,0.8098,0.0213,227,0.9705,0
0.2775,0,1,555.2163,322.2583,0,0.0,3.0,2.0,39,132,0.9014,0.0188,96,0.7181,3
0.532,1,4,2.1075,16.9729,2,0.0,0.0,0.0,155,14,0.2389,0.7698,18,0.1876,2
0.0324,1,3,117.4298,7.7136,1,0.0,0.0,0.0,349,380,0.982,0.0906,35,0.2323,1
0.1373,1,0,33.5191,5.2995,1,0.0,0.0,0.0,442,220,0.9,0.0732,15,0.3223,1
6.5917,0,1,319.8062,785.0158,0,0.0,4.0,5.0,54,132,0.8982,0.0984,128,0.7917,3
0.4236,0,0,112.3953,0.4731,2,0.0,0.0,0.0,505,459,0.8815,0.0129,37,0.3568,1
6.155,1,0,1439.7479,2646.3196,0,0.0,0.0,0.0,8,17,0.9783,0.0153,120,0.8328,0
1.9822,0,1,484.2447,652.7494,2,0.0,2.0,4.0,95,86,0.8811,0.015,106,0.6757,3
0.7758,0,4,489.6148,1624.0395,0,0.0,0.0,0.0,10,10,0.775,0.023,80,0.7576,0
9.0896,0,1,295.1007,360.0952,1,0.0,5.0,5.0,71,37,0.935,0.0015,54,0.6676,3
1.9454,0,1,213.0512,284.192,0,0.0,4.0,2.0,51,84,0.9778,0.0477,151,0.6023,3
9.3335,0,1,497.0952,333.8395,0,0.0,1.0,2.0,128,96,0.8133,0.0898,199,0.6242,3
1.3569,1,0,1130.884,6586.7225,0,0.0,0.0,0.0,14,12,0.8621,0.0066,245,0.8467,0
0.1364,0,0,102.2638,2.8034,1,0.0,0.0,0.0,385,414,0.9776,0.0804,5,0.1302,1
6.21,0,3,773.8101,4456.9249,0,0.0,0.0,0.0,12,8,0.8065,0.1019,165,0.8622,0
0.2124,0,0,40.0515,3.0894,3,0.0,0.0,0.0,469,419,0.9284,0.0989,35,0.3158,1
0.3729,0,5,120.702,0.7057,1,0.0,0.0,0.0,358,442,0.8775,0.0716,13,0.1122,1
3.3691,0,1,238.0304,780.5285,0,0.0,5.0,6.0,74,88,0.8107,0.0404,161,0.8539,3
0.3397,2,3,121.8724,1.11,1,0.0,0.0,0.0,332,405,0.9305,0.0334,3,0.1829,1
0.5982,1,5,16.8316,10.4753,2,0.0,0.0,0.0,181,12,0.1429,0.8369,2,0.1278,2
0.8331,0,0,51.6739,20.0817,2,0.0,0.0,0.0,197,4,0.1932,0.7923,12,0.1084,2
0.2403,1,5,735.5796,3661.2762,0,0.0,0.0,0.0,7,12,0.9442,0.0174,73,0.9464,0
8.2617,0,1,567.3573,568.7144,0,0.0,2.0,4.0,142,59,0.9756,0.0597,78,0.6318,3
0.339,0,1,463.1287,512.8011,0,0.0,4.0,3.0,93,109,0.9749,0.064,68,0.8353,3
1.0757,1,1,17.8941,15.0656,2,0.0,0.0,0.0,293,12,0.1262,0.9642,12,0.0383,2
49.7052,0,0,2141.8614,2143.6584,0,0.0,0.0,0.0,16,14,0.813,0.0209,173,0.9751,0
0.3818,0,5,15.6351,25.559,2,0.0,0.0,0.0,296,3,0.1573,0.9296,24,0.0928,2
33.7611,0,3,1306.3187,2296.91,3,0.0,0.0,0.0,16,14,0.9058,0.0133,200,0.9231,0
0.8343,1,2,2.1695,30.1153,0,0.0,0.0,0.0,217,13,0.0853,0.7606,3,0.1962,2
0.2023,1,2,28.677,23.8317,2,0.0,0.0,0.0,236,5,0.2433,0.7608,13,0.0527,2
15.733,1,1,677.2081,4115.2094,0,0.0,0.0,0.0,9,8,0.9875,0.0476,238,0.9337,0
0.6245,1,1,6.5882,17.2266,2,0.0,0.0,0.0,151,9,0.1589,0.8844,11,0.074,2
6.3166,1,0,478.5543,1298.8565,0,0.0,0.0,0.0,15,9,0.8251,0.0523,100,0.7316,0
15.2731,0,2,1452.7916,5161.4823,0,0.0,0.0,0.0,14,14,0.7732,0.0891,125,0.9039,0
1.1521,1,2,9.543,5.5529,2,0.0,0.0,0.0,123,13,0.1327,0.7924,1,0.0404,2
6.4892,0,1,259.5032,428.1497,2,0.0,5.0,7.0,66,26,0.8235,0.0934,126,0.893,3
1.1986,0,3,43.4504,2.062,2,0.0,0.0,0.0,212,7,0.219,0.9617,1,0.0469,2
0.369,0,3,37.3931,2.525,1,0.0,0.0,0.0,499,466,0.9382,0.065,19,0.3531,1
0.1433,0,2,30.7468,23.0814,2,0.0,0.0,0.0,179,9,0.0331,0.9749,14,0.1135,2
0.3222,0,5,23.4157,4.6695,1,0.0,0.0,0.0,309,337,0.8767,0.0711,32,0.2462,1
1.0066,0,0,849.4219,5990.4722,0,0.0,0.0,0.0,12,9,0.7813,0.0528,218,0.7586,0
0.7943,1,3,53.5304,20.8982,2,0.0,0.0,0.0,88,14,0.197,0.8118,16,0.0187,2
0.1151,0,3,73.6538,3.2812,1,0.0,0.0,0.0,502,343,0.9198,0.0193,7,0.3995,1
6.8076,0,4,1244.733,3882.6769,0,0.0,0.0,0.0,11,19,0.8339,0.0197,182,0.7734,0
0.4656,0,0,58.877,7.3981,0,0.0,0.0,0.0,316,450,0.8585,0.0651,7,0.2925,1
2.7574,0,1,413.589,511.3331,1,0.0,5.0,5.0,135,55,0.9658,0.0372,99,0.7673,3
0.139,1,2,48.5023,28.9377,2,0.0,0.0,0.0,164,12,0.2314,0.9769,13,0.1574,2
0.8174,0,3,43.9051,17.9148,1,0.0,0.0,0.0,139,7,0.0506,0.9188,18,0.1956,2
3.0039,1,3,1333.8289,3453.4315,2,0.0,0.0,0.0,14,9,0.971,0.0429,142,0.8405,0
41.477,0,0,2261.6693,3511.7739,0,0.0,0.0,0.0,12,9,0.9667,0.0179,153,0.7632,0
0.3889,0,3,117.4246,7.5854,2,0.0,0.0,0.0,381,413,0.8695,0.0304,25,0.1159,1
0.174,0,3,22.463,6.1229,1,1.0,0.0,0.0,407,505,0.9963,0.0297,48,0.2709,1
0.9106,0,1,226.2298,308.0011,1,0.0,3.0,2.0,81,121,0.8601,0.0741,155,0.9492,3
3.7219,0,1,230.1135,564.4568,0,0.0,5.0,5.0,93,63,0.9643,0.0556,118,0.692,3
7.5721,1,4,436.1943,4083.155,0,0.0,0.0,0.0,10,17,0.9816,0.0387,106,0.9043,0
0.3544,0,2,61.0018,17.1049,1,0.0,0.0,0.0,268,5,0.1237,0.9416,14,0.0459,2
0.3616,1,5,163.6607,7.3633,1,0.0,0.0,0.0,434,228,0.9275,0.0074,37,0.2916,1
1.273,0,1,285.4955,224.7514,0,0.0,2.0,7.0,79,29,0.8605,0.024,168,0.6061,3
4.2536,0,2,539.0631,374.4096,0,0.0,5.0,5.0,143,34,0.971,0.0928,62,0.8749,3
0.9224,0,2,337.6099,628.1167,0,0.0,1.0,3.0,100,35,0.9756,0.0817,167,0.6453,3
0.133,1,5,68.8001,1.4883,1,1.0,0.0,0.0,332,211,0.9717,0.0881,11,0.3264,1
0.1965,0,0,32.5642,0.3014,1,0.0,0.0,0.0,354,273,0.985,0.0712,3,0.3464,1
2.0846,0,1,286.5154,689.0469,2,0.0,5.0,6.0,113,114,0.8022,0.0635,167,0.9372,3
0.5992,2,2,20.7746,0.6746,1,0.0,0.0,0.0,119,5,0.0425,0.8299,22,0.0775,2
9.8216,1,1,264.3849,4543.6748,1,0.0,0.0,0.0,10,7,0.8044,0.0723,207,0.8818,0
0.2111,1,2,26.5259,30.4573,1,0.0,0.0,0.0,171,6,0.0555,0.8156,7,0.1413,2
0.0901,0,0,40.6922,8.6912,1,0.0,0.0,0.0,391,441,0.8901,0.0773,25,0.173,1
0.1788,0,3,217.7573,1.1155,1,0.0,0.0,0.0,282,425,0.9334,0.065,24,0.1548,1
0.4065,1,0,47.6755,19.6233,2,0.0,0.0,0.0,263,8,0.0585,0.7864,17,0.085,2
6.0529,0,1,426.6328,4320.052,0,0.0,0.0,0.0,20,14,0.8279,0.0204,100,0.7153,0
0.2741,2,0,10.3261,16.3292,1,0.0,0.0,0.0,224,6,0.2379,0.8609,12,0.0533,2
10.324,0,2,531.8499,1954.7026,0,0.0,0.0,0.0,11,12,0.9234,0.0999,235,0.8121,0
0.29,1,3,85.5598,7.5391,1,0.0,0.0,0.0,251,397,0.9802,0.0135,17,0.3169,1
0.0477,1,0,82.2929,2.8962,1,0.0,0.0,0.0,494,381,0.935,0.0778,3,0.3797,1
4.4771,0,1,292.7785,334.289,2,0.0,4.0,2.0,113,46,0.9172,0.0621,140,0.914,3
0.1387,0,0,4.9632,9.9807,2,0.0,0.0,0.0,88,10,0.2219,0.9325,1,0.1331,2
1.0019,2,5,49.3922,31.196,0,0.0,0.0,0.0,147,11,0.0322,0.8625,6,0.1045,2
33.1155,0,5,685.5698,2105.3649,0,0.0,0.0,0.0,12,9,0.8545,0.0279,57,0.8535,0
0.4735,2,5,17.6824,12.586,0,0.0,0.0,0.0,158,14,0.2295,0.9468,3,0.078,2
7.2531,0,1,278.0717,414.0801,0,0.0,4.0,6.0,83,45,0.9945,0.0547,193,0.8084,3
0.2858,0,0,28.5074,6.2949,1,0.0,0.0,0.0,380,201,0.9703,0.0314,45,0.2224,1
7.8556,0,0,1676.9537,1753.5508,0,0.0,0.0,0.0,11,7,0.8618,0.0756,156,0.7197,0
1.0167,0,0,49.0166,22.9367,1,0.0,0.0,0.0,284,13,0.2192,0.8689,4,0.1223,2
1.6041,0,1,202.5395,603.7077,0,0.0,1.0,4.0,116,115,0.9305,0.0636,150,0.8747,3
16.1215,1,3,387.684,2655.8096,0,0.0,0.0,0.0,12,6,0.8509,0.1215,238,0.788,0
7.4072,0,2,694.231,5528.4115,0,0.0,0.0,0.0,13,14,0.9576,0.0034,251,0.771,0
1.8726,0,1,229.0327,311.1423,2,0.0,3.0,3.0,108,111,0.9864,0.008,66,0.8345,3
56.8533,0,1,408.2693,3546.0838,0,0.0,0.0,0.0,13,11,0.8268,0.0518,137,0.9717,0
0.2545,1,3,151.6462,6.1197,1,0.0,0.0,0.0,366,252,0.9118,0.0039,9,0.1447,1
0.1443,0,2,37.3398,20.8535,1,0.0,0.0,0.0,91,12,0.0905,0.794,18,0.1064,2
0.423,0,0,104.3789,6.6589,0,0.0,0.0,0.0,478,483,0.8577,0.0424,38,0.2091,1
0.1387,0,0,72.7573,1.4628,2,0.0,0.0,0.0,373,405,0.9401,0.0342,35,0.3835,1
9.2181,0,1,251.4155,340.996,0,0.0,4.0,7.0,128,63,0.9533,0.068,79,0.8371,3
0.3616,2,0,74.2034,9.2583,1,1.0,0.0,0.0,438,384,0.9401,0.0151,32,0.3766,1
0.4022,0,0,44.9798,3.0364,1,3.0,0.0,0.0,265,363,0.9354,0.0129,17,0.1051,1
2.8738,0,1,184.5995,678.0129,0,0.0,3.0,3.0,46,96,0.9428,0.0304,77,0.6799,3
2.2985,0,1,309.7933,230.0542,0,0.0,1.0,2.0,57,136,0.8847,0.0079,61,0.8307,3
0.8238,1,0,19.4237,4.9243,1,0.0,0.0,0.0,169,10,0.0909,0.7867,13,0.0558,2
20.3375,0,4,564.4067,5501.7696,3,0.0,0.0,0.0,9,16,0.9184,0.0028,197,0.8067,0
11.4184,0,4,1012.0587,2126.395,0,0.0,0.0,0.0,14,15,0.8776,0.1029,71,0.9117,0
1.1907,0,2,54.0164,12.2148,2,0.0,0.0,0.0,245,3,0.0504,0.9443,9,0.1196,2
0.3848,0,0,61.1863,6.4363,1,0.0,0.0,0.0,452,250,0.9749,0.0618,3,0.3333,1
3.946,0,4,756.6816,6847.6227,0,0.0,0.0,0.0,16,9,0.8772,0.1323,84,0.7534,0
4.0786,0,0,1218.2689,3106.7053,0,0.0,0.0,0.0,11,8,0.9119,0.1165,108,0.9433,0
19.3114,1,0,296.5136,661.4217,0,0.0,0.0,0.0,18,6,0.7939,0.082,144,0.7725,0
0.6342,0,3,47.4798,11.1696,2,0.0,0.0,0.0,116,7,0.034,0.7877,8,0.0814,2
8.3347,0,1,425.7961,477.6876,1,0.0,2.0,2.0,130,136,0.8654,0.0879,92,0.7839,3
12.0374,0,1,481.1922,270.8711,0,0.0,1.0,5.0,44,97,0.8083,0.0788,193,0.9401,3
3.3498,0,1,396.0536,655.7021,0,0.0,3.0,5.0,36,119,0.854,0.0538,44,0.7942,3
0.6118,0,0,13.8952,4.819,1,0.0,0.0,0.0,238,6,0.149,0.9221,3,0.1262,2
12.7719,0,1,509.5362,788.0698,0,0.0,4.0,6.0,102,82,0.8644,0.0483,169,0.9241,3
4.9751,0,1,303.1545,744.8126,2,0.0,3.0,2.0,144,69,0.8735,0.0675,133,0.8993,3
0.7248,0,3,22.2255,10.019,1,0.0,0.0,0.0,225,3,0.0608,0.8473,24,0.0856,2
8.3018,1,0,711.2153,6233.3741,0,0.0,0.0,0.0,15,8,0.793,0.0772,149,0.9786,0
0.3291,0,0,92.0117,0.2563,1,3.0,0.0,0.0,379,213,0.9373,0.0085,45,0.2286,1
1.1987,0,2,63.0834,21.294,1,0.0,0.0,0.0,280,8,0.0188,0.754,2,0.1966,2
1.104,2,3,46.0807,27.4116,2,0.0,0.0,0.0,159,5,0.2148,0.9379,7,0.0292,2
12.7467,0,3,778.9439,7567.8027,0,0.0,0.0,0.0,13,8,0.8084,0.0139,123,0.8504,0
14.636,0,1,588.8524,666.9233,0,0.0,2.0,7.0,32,94,0.9734,0.038,143,0.8053,3
0.1623,0,0,107.697,5.1275,2,0.0,0.0,0.0,306,424,0.9526,0.0167,40,0.341,1
0.4455,0,0,28.8128,9.6189,3,0.0,0.0,0.0,400,425,0.9397,0.0072,5,0.1161,1
24.7182,0,0,708.2935,8518.9257,0,0.0,0.0,0.0,14,8,0.9686,0.1105,190,0.7431,0
0.2014,0,1,269.5814,703.9932,0,0.0,4.0,2.0,57,66,0.8629,0.0395,122,0.937,3
1.2337,0,1,160.2786,503.4213,0,0.0,1.0,2.0,101,113,0.8306,0.0182,118,0.9316,3
0.2325,2,0,55.8711,7.3991,2,1.0,0.0,0.0,310,267,0.8674,0.0332,19,0.2966,1
1.1648,0,3,54.64,14.9317,2,0.0,0.0,0.0,89,3,0.2032,0.8691,11,0.0976,2
0.0332,0,0,16.63,14.4716,2,0.0,0.0,0.0,297,9,0.1992,0.7577,9,0.0419,2
1.8999,0,1,196.0362,500.6532,2,0.0,2.0,4.0,36,92,0.8694,0.0027,150,0.6541,3
0.2131,0,3,26.5446,9.7976,1,0.0,0.0,0.0,382,345,0.9093,0.0399,24,0.1302,1
0.367,2,0,41.232,3.2958,3,0.0,0.0,0.0,351,480,0.9035,0.041,4,0.1569,1
3.0858,0,1,505.4304,302.6407,0,0.0,1.0,4.0,58,68,0.983,0.0709,48,0.6366,3
3.6191,0,1,408.8581,732.642,1,0.0,3.0,6.0,100,53,0.8041,0.053,72,0.8931,3
0.2567,0,0,39.5057,6.9315,2,0.0,0.0,0.0,273,293,0.8546,0.0324,33,0.2085,1
0.396,2,0,39.1229,7.4969,1,0.0,0.0,0.0,263,442,0.8598,0.019,12,0.1872,1
0.0221,0,0,116.9414,9.1453,1,0.0,0.0,0.0,491,427,0.853,0.0045,31,0.1153,1
3.4688,0,1,442.8545,740.5565,2,0.0,1.0,5.0,79,102,0.8829,0.0826,178,0.7396,3
7.0621,0,0,1197.139,5068.6516,0,0.0,1.0,0.0,14,9,0.9538,0.085,65,0.9941,0
1.1635,0,1,577.0724,282.917,0,0.0,3.0,3.0,110,95,0.8561,0.0573,55,0.8605,3
0.0055,0,0,18.3322,4.0743,1,0.0,0.0,0.0,275,330,0.8837,0.0811,34,0.3739,1
25.5511,0,0,1096.1115,3749.2816,0,0.0,0.0,0.0,13,20,0.768,0.0986,98,0.799,0
8.0481,0,1,153.6722,656.5675,0,0.0,2.0,4.0,136,35,0.8457,0.0404,116,0.7055,3
0.3245,2,3,115.029,1.2146,1,0.0,0.0,0.0,333,366,0.9009,0.0086,47,0.355,1
1.0592,1,3,35.9152,27.756,2,0.0,0.0,0.0,223,3,0.05,0.8794,8,0.1381,2
0.4505,0,2,613.0774,2081.7809,0,0.0,0.0,0.0,8,7,0.9145,0.1355,202,0.7888,0
1.5514,0,1,289.3947,510.609,1,0.0,5.0,2.0,95,89,0.8704,0.0845,166,0.925,3
7.185,1,0,2081.2057,2449.5762,0,0.0,0.0,0.0,20,10,0.881,0.1498,81,0.9262,0
0.3219,0,2,21.465,24.8905,1,0.0,0.0,0.0,202,7,0.1903,0.9996,18,0.0198,2
1.0944,1,4,31.4137,26.4286,2,0.0,0.0,0.0,85,6,0.2445,0.8838,7,0.0653,2
20.2188,0,0,871.208,5406.2692,0,0.0,0.0,0.0,10,12,0.89,0.1366,112,0.7813,0
0.2746,0,0,114.9647,7.0032,1,0.0,0.0,0.0,428,480,0.9445,0.0441,28,0.1727,1
0.4084,0,0,192.001,1.3676,1,0.0,0.0,0.0,434,326,0.984,0.0459,15,0.1651,1
0.424,0,1,0.7573,21.9705,2,0.0,0.0,0.0,242,9,0.0509,0.8761,21,0.1172,2
0.1705,0,0,188.1894,9.8523,1,0.0,0.0,0.0,306,200,0.8563,0.0815,13,0.3238,1
0.0399,0,5,17.446,2.6196,1,0.0,0.0,0.0,284,333,0.8543,0.0778,3,0.1021,1
0.8729,0,0,43.3901,27.3194,1,0.0,0.0,0.0,89,11,0.2257,0.9347,22,0.0303,2
0.8084,2,5,20.4599,3.2402,1,0.0,0.0,0.0,276,13,0.068,0.8974,17,0.176,2
14.4289,0,2,290.4209,3915.6443,1,0.0,0.0,0.0,16,13,0.8359,0.0271,252,0.8862,0
20.9938,0,1,284.9755,1404.3534,0,0.0,0.0,0.0,12,22,0.9759,0.1363,171,0.7775,0
0.2764,1,0,132.2424,0.2052,1,0.0,0.0,0.0,438,362,0.8918,0.0173,30,0.1998,1
4.8241,0,1,593.0665,641.0656,1,0.0,1.0,4.0,35,43,0.8013,0.0841,90,0.8663,3
0.4546,0,2,570.6477,583.6766,0,0.0,3.0,4.0,113,125,0.9834,0.0167,54,0.9392,3
2.0345,0,0,1082.8689,3607.7563,0,0.0,0.0,0.0,8,11,0.8232,0.1491,76,0.7599,0
1.354,0,2,551.1282,451.2579,0,0.0,3.0,4.0,74,63,0.8934,0.0348,176,0.6647,3
6.9071,0,1,186.8955,320.2505,0,0.0,3.0,7.0,56,128,0.976,0.0289,141,0.7953,3
4.1051,1,3,1117.6565,6871.8445,0,0.0,0.0,0.0,20,7,0.8432,0.0858,102,0.8774,0
0.413,1,5,63.2234,14.5983,0,0.0,0.0,0.0,246,6,0.0299,0.9015,15,0.0872,2
0.7537,0,1,42.0832,12.9069,2,0.0,0.0,0.0,252,8,0.0268,0.9065,5,0.037,2
36.1059,0,3,1226.3197,3906.396,0,0.0,0.0,0.0,7,8,0.8577,0.0223,146,0.8543,0
1.173,1,1,57.6381,2.9173,2,0.0,0.0,0.0,154,2,0.1489,0.8356,6,0.1006,2
0.042,0,3,75.1614,0.0031,1,1.0,0.0,0.0,410,377,0.8563,0.0697,29,0.1494,1
1.5773,0,1,240.9558,290.9163,1,0.0,2.0,4.0,149,128,0.8069,0.0961,57,0.9216,3
7.7914,2,2,680.403,6320.0394,0,0.0,0.0,0.0,12,12,0.9651,0.0978,131,0.7549,0
4.2863,0,1,257.1357,721.5678,0,0.0,3.0,3.0,134,137,0.8443,0.035,167,0.9117,3
1.015,0,1,56.949,17.9431,2,0.0,0.0,0.0,190,8,0.2204,0.8204,2,0.0455,2
1.7924,0,1,337.5896,355.8253,0,0.0,5.0,5.0,110,45,0.9183,0.0222,44,0.86,3
0.0238,0,0,84.821,5.1798,1,0.0,0.0,0.0,420,438,0.9548,0.0861,20,0.3418,1
13.896,0,5,1266.0776,2678.3313,0,0.0,0.0,0.0,11,15,0.7603,0.0954,128,0.8545,0
9.4522,0,4,1530.4442,838.0838,0,0.0,0.0,0.0,11,14,0.8893,0.1401,146,0.9616,0
9.31,1,0,211.6833,4815.0306,0,0.0,0.0,0.0,10,7,0.8306,0.1375,112,0.8274,0
1.1073,0,4,31.7162,10.5628,0,0.0,0.0,0.0,100,3,0.0846,0.774,12,0.0475,2
5.2994,0,2,418.0247,5437.4776,0,0.0,0.0,0.0,8,16,0.9957,0.0886,175,0.9892,0
33.9071,0,1,955.3239,2144.6866,0,0.0,0.0,0.0,14,10,0.8517,0.1059,156,0.986,0
5.5237,0,2,768.2848,2137.4332,0,0.0,0.0,0.0,12,9,0.9603,0.0075,207,0.9462,0
1.1705,0,1,1136.637,4133.0215,0,0.0,0.0,0.0,10,12,0.9838,0.0875,121,0.9741,0
11.4295,0,0,912.2398,3143.0188,0,0.0,0.0,0.0,9,6,0.9608,0.025,154,0.8508,0
11.9968,1,1,1098.0083,2384.3582,0,0.0,0.0,0.0,12,14,0.7726,0.1455,123,0.9582,0
0.1283,2,4,49.5863,16.7501,0,0.0,0.0,0.0,86,4,0.1022,0.7827,12,0.1436,2
0.4134,1,1,18.0107,19.2329,1,0.0,0.0,0.0,258,6,0.2402,0.9947,23,0.1501,2
2.544,0,1,253.8637,640.9997,0,0.0,5.0,4.0,84,77,0.8357,0.0922,47,0.8678,3
0.2466,0,1,29.6003,13.9869,3,0.0,0.0,0.0,124,12,0.2121,0.9038,16,0.0243,2
0.5889,1,1,10.5681,23.2462,1,0.0,0.0,0.0,288,8,0.06,0.7809,13,0.1071,2
15.0967,0,1,527.3877,501.8065,0,0.0,4.0,5.0,57,37,0.9333,0.0257,150,0.6109,3
0.7433,1,2,51.6752,12.3897,2,0.0,0.0,0.0,197,7,0.1095,0.9905,2,0.0749,2
4.4057,0,1,389.3417,475.7368,1,0.0,1.0,2.0,69,65,0.8292,0.0439,149,0.7232,3
0.4166,1,0,20.0767,0.4614,1,0.0,0.0,0.0,475,232,0.9764,0.0192,18,0.3055,1
9.9698,0,0,296.4916,2645.2667,0,0.0,0.0,0.0,11,8,0.9049,0.0841,78,0.9869,0
0.6556,2,3,20.841,24.027,1,0.0,0.0,0.0,110,14,0.2376,0.8096,7,0.09,2
2.1771,0,2,328.9393,571.8856,0,0.0,1.0,7.0,108,47,0.8674,0.0343,89,0.7554,3
3.2549,0,2,425.6123,728.8079,1,0.0,5.0,2.0,103,123,0.8128,0.0423,112,0.6674,3
1.0046,0,0,16.7629,26.9621,1,0.0,0.0,0.0,298,7,0.2083,0.9222,20,0.02,2
1.4958,0,1,481.6584,695.5881,0,0.0,2.0,6.0,88,108,0.873,0.0088,194,0.826,3
0.1158,0,0,25.3998,0.6757,3,0.0,0.0,0.0,367,307,0.9186,0.0997,16,0.3875,1
0.3615,0,2,569.2261,272.3955,0,0.0,4.0,7.0,50,81,0.8337,0.0875,181,0.6325,3
0.9575,0,4,6.1792,25.3239,2,0.0,0.0,0.0,283,10,0.2235,0.8008,22,0.1801,2
0.5115,1,2,61.5938,10.5234,1,0.0,0.0,0.0,298,6,0.1803,0.7573,23,0.1791,2
0.9843,1,2,50.7695,31.9461,2,0.0,0.0,0.0,221,13,0.1751,0.7652,1,0.0758,2
32.3799,0,0,628.8225,2481.8331,0,0.0,0.0,0.0,13,14,0.9997,0.0355,227,0.9309,0
0.0899,0,0,190.3013,2.4217,1,0.0,0.0,0.0,310,412,0.8533,0.0982,28,0.219,1
28.7905,0,0,966.1173,3618.3442,0,0.0,0.0,0.0,17,6,0.9777,0.0416,252,0.7193,0
0.2245,0,5,102.7124,3.2454,2,0.0,0.0,0.0,331,281,0.9139,0.0216,29,0.3686,1
1.4991,0,4,838.5607,2026.8202,0,0.0,0.0,0.0,18,10,0.8435,0.0942,214,0.992,0
0.2438,0,0,62.6644,6.0069,1,0.0,0.0,0.0,313,464,0.9892,0.0224,12,0.3421,1
0.162,1,4,36.3743,3.2854,1,0.0,0.0,0.0,183,5,0.1648,0.7541,3,0.1903,2
0.1974,0,0,49.265,3.8853,2,0.0,0.0,0.0,126,11,0.1512,0.7675,10,0.072,2
0.0272,0,1,16.1576,7.4407,1,0.0,0.0,0.0,239,1,0.1424,0.7917,5,0.0904,2
10.8078,0,4,1292.9298,2725.1228,0,0.0,0.0,0.0,6,14,0.8547,0.1049,132,0.8637,0
0.4547,0,0,239.1912,5.6904,1,0.0,0.0,0.0,467,440,0.8975,0.0794,47,0.3743,1
0.4245,0,2,590.0448,485.8773,0,0.0,3.0,3.0,65,39,0.885,0.0866,190,0.841,3
0.1132,0,0,36.222,4.5995,1,0.0,0.0,0.0,494,279,0.8755,0.0708,35,0.262,1
8.2177,0,1,1929.4139,4820.0378,0,0.0,0.0,0.0,14,14,0.8024,0.0981,58,0.7626,0
17.2769,1,1,2286.363,2318.5561,0,0.0,0.0,0.0,19,15,0.9869,0.0694,62,0.9349,0
0.1599,0,5,198.7641,5.8714,1,0.0,0.0,0.0,509,281,0.959,0.0979,5,0.1358,1
5.7261,1,0,438.0741,2976.1427,0,0.0,0.0,0.0,11,12,0.9212,0.1374,120,0.7974,0
2.6157,0,1,504.6341,475.9452,0,0.0,5.0,4.0,58,120,0.869,0.052,169,0.9486,3
14.8219,0,4,596.7269,2817.5577,0,0.0,0.0,0.0,13,11,0.8819,0.1118,248,0.979,0
13.6432,0,0,557.8857,4070.2468,0,0.0,0.0,0.0,15,11,0.9957,0.0053,50,0.7457,0
0.9807,1,2,52.4428,3.75,1,0.0,0.0,0.0,192,14,0.1805,0.8105,15,0.1981,2
74.2863,0,0,385.3742,1741.4517,0,0.0,0.0,0.0,23,19,0.7999,0.0597,219,0.7354,0
0.3136,0,3,105.9055,3.4449,1,0.0,0.0,0.0,383,473,0.9646,0.0429,49,0.3028,1
1.4899,0,1,375.7303,621.4849,0,0.0,3.0,6.0,69,84,0.8752,0.0869,199,0.7763,3
0.097,0,0,130.3719,4.9485,1,0.0,0.0,0.0,273,361,0.9881,0.0281,47,0.2457,1
0.3974,0,3,79.2943,7.1726,1,0.0,0.0,0.0,257,253,0.91,0.0952,6,0.3352,1
3.6791,0,4,657.1774,5652.3911,0,0.0,1.0,0.0,12,10,0.9536,0.0687,53,0.8772,0
0.9771,0,4,63.2147,23.3897,0,0.0,0.0,0.0,225,5,0.2043,0.8762,7,0.017,2
4.2577,0,1,192.7503,1023.7898,0,0.0,0.0,0.0,21,14,0.86,0.0591,68,0.7263,0
8.1806,0,1,540.639,639.4496,0,0.0,3.0,5.0,137,27,0.95,0.0171,86,0.7755,3
0.3742,1,1,55.7005,10.295,1,0.0,0.0,0.0,288,5,0.1828,0.9351,18,0.0369,2
1.44,0,1,159.2304,596.9572,1,0.0,4.0,7.0,113,118,0.9336,0.0291,169,0.6379,3
6.4873,0,1,459.4733,734.7228,0,0.0,4.0,5.0,149,113,0.8227,0.0416,116,0.9353,3
1.3814,0,1,458.1757,251.4673,0,0.0,5.0,7.0,69,88,0.8717,0.0063,71,0.6933,3
0.1078,0,0,124.9782,2.0501,1,0.0,0.0,0.0,356,421,0.903,0.0627,15,0.2744,1
0.2828,0,1,490.9712,593.5473,0,0.0,2.0,5.0,49,98,0.8505,0.02,54,0.9134,3
0.8323,1,5,39.4612,30.5518,2,0.0,0.0,0.0,111,2,0.0269,0.9192,15,0.18,2
2.7392,0,1,525.4974,417.4619,0,0.0,2.0,5.0,58,46,0.8593,0.0864,143,0.8976,3
0.0266,0,0,404.6278,1.0472,1,0.0,0.0,0.0,395,509,0.9655,0.0735,49,0.1064,1
0.1122,0,0,163.1904,9.5538,0,0.0,0.0,0.0,351,203,0.8672,0.0535,33,0.1108,1
1.7922,0,1,222.2418,432.2217,0,0.0,2.0,4.0,48,108,0.9716,0.0471,183,0.7492,3
2.3154,0,1,253.4825,684.2064,0,0.0,5.0,2.0,88,103,0.9607,0.0437,138,0.9211,3
0.8181,0,0,1925.7181,3075.8386,1,0.0,0.0,0.0,8,12,0.7665,0.0672,225,0.8371,0
0.2316,0,0,78.2516,5.7814,3,0.0,0.0,0.0,467,307,0.9241,0.0336,41,0.1369,1
0.0208,0,5,89.8618,2.7566,1,0.0,0.0,0.0,256,455,0.8947,0.0673,5,0.3501,1
14.8589,0,4,467.8964,3196.8539,2,0.0,0.0,0.0,11,12,0.9293,0.0563,104,0.8553,0
4.1378,0,1,165.0563,780.9335,0,0.0,3.0,4.0,124,44,0.8722,0.0758,62,0.917,3
2.1401,0,1,448.5039,405.6023,0,0.0,5.0,2.0,105,78,0.8843,0.0597,57,0.9219,3
6.1372,0,1,221.5662,272.8404,0,0.0,4.0,3.0,53,116,0.8046,0.0357,56,0.8337,3
2.9369,0,1,472.551,486.6044,0,0.0,3.0,3.0,78,28,0.8031,0.0731,84,0.7987,3
3.6632,0,2,354.1875,636.6828,1,0.0,1.0,5.0,148,56,0.9937,0.0671,115,0.6518,3
4.5131,0,1,501.6206,543.5478,0,0.0,4.0,3.0,106,134,0.991,0.0516,100,0.793,3
0.4462,1,0,99.5366,5.3805,1,0.0,0.0,0.0,381,330,0.9541,0.0532,18,0.1185,1
0.1301,0,1,7.7766,0.7275,2,0.0,0.0,0.0,212,9,0.2215,0.7591,6,0.0466,2
0.2603,0,0,78.1877,5.8537,2,0.0,0.0,0.0,349,236,0.8702,0.0209,47,0.2225,1
4.8527,1,0,935.2935,2305.0028,0,0.0,0.0,0.0,18,12,0.8411,0.0837,183,0.8783,0
0.9018,1,1,39.2206,24.4129,2,0.0,0.0,0.0,100,7,0.1194,0.7833,2,0.0988,2
57.758,0,0,851.6179,7460.3008,0,0.0,0.0,0.0,14,9,0.8113,0.0724,187,0.7318,0
0.4384,0,0,28.0274,8.6807,0,1.0,0.0,0.0,298,408,0.9437,0.0811,38,0.3108,1
0.9685,0,4,32.5554,28.5679,1,0.0,0.0,0.0,116,9,0.0783,0.7564,14,0.0724,2
0.1533,0,0,45.074,6.2823,1,0.0,0.0,0.0,281,422,0.9496,0.0791,32,0.3149,1
0.3736,0,0,24.706,0.8803,1,0.0,0.0,0.0,272,410,0.9685,0.0541,19,0.242,1
0.5824,0,2,1.9154,28.5754,1,0.0,0.0,0.0,267,9,0.2125,0.7597,15,0.042,2
0.7009,0,1,188.1748,734.6348,2,0.0,4.0,4.0,105,59,0.808,0.0475,93,0.9399,3
0.3163,1,3,11.4864,10.1253,1,0.0,0.0,0.0,249,2,0.0562,0.787,14,0.1909,2
1.2025,0,1,354.4404,702.9844,1,0.0,2.0,5.0,71,74,0.9373,0.0015,49,0.8475,3
0.0901,0,0,54.6705,2.9401,1,0.0,0.0,0.0,499,493,0.9333,0.0816,31,0.3056,1
15.5231,1,1,1973.8742,3132.4964,0,0.0,0.0,0.0,16,9,0.8195,0.1452,188,0.7006,0
0.5868,0,3,39.3817,16.0697,2,0.0,0.0,0.0,141,3,0.2452,0.903,24,0.078,2
2.2739,0,1,492.7889,288.9537,2,0.0,1.0,2.0,148,90,0.8187,0.0047,172,0.77,3
1.018,0,1,49.0947,22.9705,1,0.0,0.0,0.0,234,1,0.0605,0.8066,12,0.0445,2
0.8533,1,2,1.1697,8.9409,2,0.0,0.0,0.0,117,9,0.2172,0.8003,5,0.0884,2
0.7982,0,1,316.1541,325.2005,1,0.0,4.0,4.0,93,114,0.9345,0.0865,59,0.7569,3
0.7422,0,1,37.2136,24.239,2,0.0,0.0,0.0,154,12,0.144,0.809,11,0.1891,2
24.0729,0,2,293.7911,2094.8035,0,0.0,0.0,0.0,10,6,0.8859,0.1293,181,0.8068,0
1.5583,0,1,220.6987,277.0558,0,0.0,5.0,5.0,93,103,0.9446,0.0013,154,0.7485,3
0.7416,0,1,526.8511,287.2725,0,0.0,5.0,3.0,142,63,0.8497,0.0167,195,0.8268,3
0.1209,0,0,8.6595,9.1825,1,0.0,0.0,0.0,505,484,0.989,0.0549,21,0.3693,1
0.9122,0,4,12.4269,29.7273,2,0.0,0.0,0.0,202,6,0.1143,0.8217,18,0.1358,2
7.4098,0,1,595.2091,357.5896,0,0.0,4.0,2.0,82,91,0.8623,0.0897,109,0.8838,3
0.1929,1,0,12.4336,23.6529,1,0.0,0.0,0.0,224,14,0.1954,0.8089,7,0.0576,2
0.9589,0,3,28.2121,11.2092,1,0.0,0.0,0.0,263,11,0.0342,0.8524,8,0.1372,2
13.6645,0,1,499.7623,412.0821,0,0.0,5.0,3.0,46,120,0.96,0.0867,158,0.8096,3
4.076,0,5,660.7326,1004.6407,0,0.0,1.0,0.0,11,15,0.8347,0.0443,237,0.7143,0
1.3201,1,1,963.8114,4034.5925,0,0.0,0.0,0.0,14,21,0.9606,0.1122,88,0.8555,0
0.4299,0,0,80.4346,7.3951,1,0.0,0.0,0.0,444,501,0.9765,0.0381,20,0.3753,1
0.3047,0,3,15.2468,7.37,1,0.0,0.0,0.0,319,491,0.9951,0.003,15,0.221,1
9.1406,0,1,355.5961,247.3519,0,0.0,4.0,2.0,145,111,0.8311,0.0739,125,0.7546,3
1.1504,0,1,551.7416,712.0993,2,0.0,2.0,4.0,120,96,0.9874,0.034,144,0.6593,3
1.928,0,2,386.1775,291.0011,0,0.0,4.0,7.0,117,69,0.8538,0.017,135,0.6125,3
0.4312,0,5,79.6105,4.9871,1,0.0,0.0,0.0,359,262,0.951,0.0601,6,0.3907,1
0.9042,0,3,48.0522,19.2765,2,0.0,0.0,0.0,189,11,0.059,0.9019,10,0.1385,2
5.8305,0,1,1450.0219,2739.8914,0,0.0,0.0,0.0,8,12,0.7895,0.0145,127,0.7349,0
8.5403,0,1,506.9772,378.0802,1,0.0,5.0,3.0,86,63,0.9369,0.0347,140,0.8639,3
0.6296,0,3,327.6167,1612.5358,0,0.0,0.0,0.0,14,14,0.7553,0.0946,121,0.9859,0
7.0451,0,0,835.611,6760.9015,0,0.0,0.0,0.0,10,6,0.906,0.1433,145,0.918,0
0.3082,0,0,98.9033,3.4415,2,0.0,0.0,0.0,395,366,0.864,0.0249,30,0.1094,1
4.9017,0,1,389.8821,225.5686,1,0.0,1.0,6.0,98,127,0.9381,0.0813,183,0.7388,3
0.1745,0,5,15.4888,19.6009,0,0.0,0.0,0.0,84,10,0.1408,0.9319,2,0.119,2
0.9702,1,4,3.5282,13.8671,1,0.0,0.0,0.0,190,2,0.0218,0.8051,16,0.0907,2
0.4064,1,5,56.6536,26.3408,0,0.0,0.0,0.0,219,10,0.1591,0.8302,21,0.1167,2
0.0138,0,0,52.9156,8.5491,1,0.0,0.0,0.0,360,406,0.9481,0.0345,31,0.3133,1
4.0891,0,2,577.9612,301.8846,0,0.0,2.0,5.0,55,72,0.8343,0.0218,74,0.7714,3
17.1182,0,0,150.2847,2734.8935,0,0.0,0.0,0.0,13,14,0.8058,0.1106,80,0.8674,0
0.2882,0,1,30.8899,19.7898,1,0.0,0.0,0.0,221,13,0.1229,0.8619,8,0.1222,2
5.26,0,2,245.5493,641.7657,1,0.0,2.0,3.0,30,110,0.8705,0.0258,144,0.7024,3
0.1655,2,5,2.6227,7.1891,1,0.0,0.0,0.0,312,259,0.8914,0.0121,21,0.2473,1
18.6521,0,0,529.0437,1584.7604,0,0.0,0.0,0.0,18,19,0.969,0.0794,116,0.7018,0
0.9088,2,2,15.9732,20.5091,1,0.0,0.0,0.0,124,5,0.0344,0.7992,14,0.1288,2
0.1847,0,1,31.7816,20.4666,2,0.0,0.0,0.0,238,10,0.056,0.8085,4,0.0503,2
0.4461,0,0,136.201,6.6749,2,0.0,0.0,0.0,284,373,0.9597,0.0886,25,0.3905,1
0.2292,0,2,431.0191,562.0317,0,0.0,2.0,7.0,35,95,0.9742,0.0922,54,0.7107,3
3.8243,0,1,376.0033,583.3038,0,0.0,2.0,6.0,39,69,0.8352,0.0913,149,0.909,3
2.2793,0,1,287.4622,599.949,0,0.0,4.0,5.0,75,29,0.815,0.0364,44,0.6516,3
0.4005,0,0,3.4004,25.4428,1,0.0,0.0,0.0,173,5,0.1362,0.9877,3,0.1885,2
6.2205,0,1,239.2837,255.0646,0,0.0,2.0,4.0,47,45,0.8902,0.0613,94,0.8896,3
11.9586,0,1,287.4353,538.6763,1,0.0,2.0,7.0,143,77,0.8315,0.0639,106,0.6698,3
0.9122,1,2,29.5788,2.298,2,0.0,0.0,0.0,106,7,0.1434,0.882,6,0.033,2
1.2834,0,1,421.1717,404.8792,0,0.0,5.0,3.0,74,41,0.879,0.0636,198,0.6492,3
3.1819,1,1,1232.2142,5423.1879,0,0.0,0.0,0.0,13,7,0.82,0.0527,143,0.724,0
0.3536,1,3,24.747,3.4599,1,0.0,0.0,0.0,382,245,0.941,0.0138,3,0.3985,1
6.306,0,1,426.0017,334.7477,2,0.0,4.0,2.0,59,136,0.9827,0.0302,78,0.7595,3
0.0423,0,0,81.4336,2.5831,2,0.0,0.0,0.0,490,480,0.8699,0.0078,22,0.1969,1
0.3248,0,5,18.3982,9.8652,2,0.0,0.0,0.0,403,390,0.8764,0.0871,1,0.1122,1
0.721,1,1,56.6987,14.9019,1,0.0,0.0,0.0,208,5,0.0772,0.9136,11,0.1243,2
5.4398,0,1,495.9886,450.7982,0,0.0,3.0,7.0,112,92,0.8933,0.0923,77,0.7872,3
2.8462,0,1,399.1731,690.8005,0,0.0,2.0,3.0,38,85,0.8931,0.0936,128,0.9377,3
0.1253,0,2,51.9797,2.8164,0,0.0,0.0,0.0,153,5,0.1076,0.9259,17,0.0583,2
0.2397,1,0,50.5027,1.7652,1,0.0,0.0,0.0,455,444,0.9217,0.0649,41,0.3298,1
6.8864,0,0,313.713,3838.6789,1,0.0,0.0,0.0,15,13,0.9919,0.143,110,0.7851,0
0.182,0,3,40.1879,9.3692,0,0.0,0.0,0.0,255,434,0.9539,0.0166,39,0.1521,1
2.4178,0,1,585.0744,700.2172,1,0.0,2.0,5.0,85,59,0.9486,0.0381,80,0.8416,3
0.3227,0,2,1.1665,26.8464,2,0.0,0.0,0.0,137,6,0.1557,0.9673,11,0.035,2
0.4101,0,0,23.3565,2.9735,1,0.0,0.0,0.0,296,357,0.989,0.0968,20,0.3124,1
2.8748,0,1,469.3019,751.6913,0,0.0,3.0,3.0,79,127,0.8158,0.0595,162,0.6665,3
0.0564,0,0,27.8181,8.2865,1,0.0,0.0,0.0,342,327,0.9829,0.0177,34,0.3457,1
27.8155,0,0,967.1915,2778.3769,0,0.0,0.0,0.0,14,11,0.7689,0.1439,240,0.8828,0
0.9343,0,2,37.5711,4.9035,2,0.0,0.0,0.0,92,5,0.2331,0.9467,12,0.1044,2
3.4099,0,1,413.4439,502.1751,1,0.0,5.0,6.0,61,124,0.9966,0.0501,151,0.7888,3
0.346,0,5,148.4616,6.3258,1,0.0,0.0,0.0,435,423,0.8925,0.085,28,0.1309,1
31.1343,0,2,510.8545,6950.3023,0,0.0,0.0,0.0,12,12,0.9848,0.041,213,0.7373,0
6.3929,0,2,537.8488,261.1651,0,0.0,1.0,2.0,105,132,0.8975,0.0715,162,0.892,3
10.7318,0,2,271.4007,769.7156,0,0.0,1.0,7.0,106,132,0.9141,0.0653,118,0.9208,3
3.7954,0,3,1821.9348,1004.9365,0,0.0,0.0,0.0,12,7,0.8069,0.0859,144,0.7842,0
0.6616,0,2,52.0587,19.5823,0,0.0,0.0,0.0,225,1,0.1681,0.8399,8,0.1866,2
37.7203,0,0,1393.3103,5646.9793,0,0.0,0.0,0.0,13,12,0.7989,0.1482,134,0.9369,0
0.1569,0,0,54.0809,2.4612,1,0.0,0.0,0.0,479,283,0.9287,0.0939,45,0.2172,1
3.9574,0,1,502.6143,400.6655,0,0.0,3.0,5.0,106,28,0.8834,0.0429,65,0.8195,3
2.5236,0,1,529.3696,428.6314,0,0.0,5.0,6.0,46,33,0.9636,0.0751,136,0.7733,3
2.2008,0,1,262.4097,521.7798,0,0.0,2.0,4.0,38,97,0.9348,0.0836,110,0.7419,3
0.5391,1,3,24.0026,5.3274,2,0.0,0.0,0.0,132,5,0.068,0.7768,11,0.1373,2
1.1858,2,3,48.5139,24.76,2,0.0,0.0,0.0,208,13,0.174,0.9593,10,0.0332,2
3.8928,0,2,494.2486,687.5236,2,0.0,3.0,7.0,44,66,0.9783,0.0694,78,0.6495,3
0.4562,0,0,443.2798,3469.4172,0,0.0,0.0,0.0,15,16,0.9278,0.0274,58,0.8928,0
19.1058,0,3,378.776,3972.5978,0,0.0,0.0,0.0,9,5,0.7667,0.0758,191,0.9191,0
5.0299,1,1,524.7001,2819.2394,0,0.0,0.0,0.0,8,9,0.9195,0.0769,114,0.961,0
0.9333,1,0,28.2995,9.9684,2,0.0,0.0,0.0,174,2,0.1006,0.8934,20,0.0522,2
32.1749,0,0,1048.1213,3549.9666,0,0.0,0.0,0.0,13,8,0.8938,0.0837,148,0.9363,0
0.8608,1,4,11.3388,10.9592,1,0.0,0.0,0.0,296,11,0.1906,0.7573,16,0.1193,2
2.7239,0,2,361.2193,617.3019,1,0.0,5.0,2.0,116,95,0.9263,0.0016,105,0.9097,3
1.2202,1,1,207.0362,3405.7555,0,0.0,0.0,0.0,7,12,0.9371,0.0669,200,0.9566,0
0.397,0,3,182.0585,5.4867,2,0.0,0.0,0.0,449,344,0.9559,0.0525,17,0.184,1
0.1577,1,0,16.1232,22.0548,2,0.0,0.0,0.0,276,10,0.0986,0.7857,12,0.1835,2
0.0145,1,0,19.7254,28.7405,1,0.0,0.0,0.0,112,12,0.2241,0.9494,7,0.1682,2
0.4563,0,1,280.8535,550.1567,0,0.0,1.0,2.0,119,92,0.8096,0.0816,67,0.8801,3
0.7342,1,5,38.7854,21.6455,1,0.0,0.0,0.0,95,3,0.0434,0.9921,21,0.1725,2
2.2446,0,0,1065.6753,4593.7542,0,0.0,0.0,0.0,13,12,0.8574,0.0763,179,0.7697,0
0.5479,1,3,3.0567,3.9205,1,0.0,0.0,0.0,257,9,0.062,0.8724,24,0.1971,2
3.8736,0,2,855.3384,982.5041,0,0.0,0.0,0.0,12,13,0.7525,0.0926,192,0.9787,0
0.4593,0,0,36.6303,5.7564,1,0.0,0.0,0.0,351,503,0.9545,0.0083,9,0.2826,1
3.6384,0,1,561.3168,427.2241,1,0.0,1.0,6.0,79,109,0.8399,0.045,190,0.8008,3
0.2086,0,1,414.1253,236.9363,1,0.0,2.0,3.0,143,43,0.8304,0.0255,132,0.8196,3
3.7286,0,1,374.3339,398.8919,0,0.0,5.0,2.0,74,63,0.9414,0.032,125,0.8479,3
20.403,0,5,2117.3455,3148.4561,0,0.0,0.0,0.0,13,16,0.7711,0.1027,152,0.8101,0
7.7814,0,2,530.7832,495.5453,0,0.0,2.0,7.0,43,115,0.9324,0.0521,158,0.9483,3
0.4646,2,3,27.6599,0.3576,1,0.0,0.0,0.0,413,460,0.9241,0.0037,44,0.1759,1
0.3324,0,0,54.2555,6.1359,1,0.0,0.0,0.0,301,296,0.945,0.0556,2,0.3125,1
33.319,0,4,341.9084,1509.0526,0,0.0,0.0,0.0,9,14,0.9617,0.0223,240,0.7038,0
0.3383,0,3,189.6321,7.6142,2,0.0,0.0,0.0,308,262,0.9552,0.0761,10,0.2742,1
12.132,0,3,313.9524,2615.9203,0,0.0,0.0,0.0,12,10,0.8769,0.1342,176,0.9428,0
0.6029,0,1,482.8917,426.0779,0,0.0,1.0,7.0,108,41,0.8914,0.0014,47,0.7563,3
8.23,0,5,361.4103,1849.9797,0,0.0,0.0,0.0,13,11,0.9269,0.0348,190,0.7431,0
22.5849,0,0,724.8032,5892.3593,0,0.0,0.0,0.0,13,10,0.9719,0.0983,50,0.9237,0
0.0528,0,0,95.5294,5.1938,0,0.0,0.0,0.0,340,504,0.8986,0.0077,36,0.3973,1
5.1899,0,2,156.5663,670.1878,0,0.0,5.0,5.0,53,59,0.8995,0.0179,122,0.8064,3
1.6545,2,0,1246.0072,2937.2144,0,0.0,0.0,0.0,15,12,0.9528,0.0736,185,0.8848,0
1.2984,0,1,535.5721,650.9434,2,0.0,5.0,6.0,58,111,0.836,0.0318,182,0.8194,3
0.7761,0,2,53.8008,7.7105,3,0.0,0.0,0.0,123,12,0.0151,0.8188,11,0.1009,2
0.2541,0,3,37.8555,2.1973,1,0.0,0.0,0.0,478,499,0.9766,0.0865,43,0.1861,1
0.7615,1,3,12.5514,11.3331,2,0.0,0.0,0.0,251,3,0.0214,0.8909,9,0.1657,2
13.9467,0,1,290.7266,515.9122,0,0.0,2.0,6.0,147,36,0.9037,0.0394,168,0.7827,3
2.0512,0,1,341.0265,526.5339,1,0.0,3.0,6.0,47,97,0.9264,0.0854,138,0.73,3
0.4925,0,0,69.6025,6.338,1,0.0,0.0,0.0,391,432,0.993,0.0962,27,0.3735,1
11.5849,0,4,781.5973,1949.8037,0,0.0,0.0,0.0,9,9,0.8881,0.0843,134,0.7014,0
0.7643,2,0,23.7585,12.6615,1,0.0,0.0,0.0,155,9,0.1832,0.9394,14,0.1454,2
0.1713,0,0,44.942,8.1982,1,0.0,0.0,0.0,367,340,0.9376,0.0585,20,0.2638,1
0.4759,0,0,30.191,5.982,1,0.0,0.0,0.0,438,333,0.8608,0.0511,43,0.3853,1
21.9505,1,2,1399.1912,3045.2218,0,0.0,0.0,0.0,12,9,0.9948,0.0456,207,0.8732,0
2.3823,0,3,574.5901,7531.0554,0,0.0,0.0,0.0,11,15,0.9443,0.0885,221,0.8002,0
3.9657,0,1,460.4004,752.687,2,0.0,4.0,7.0,78,84,0.8134,0.0538,174,0.8183,3
0.2802,0,0,11.1525,3.9372,2,0.0,0.0,0.0,373,320,0.8901,0.0948,9,0.1225,1
19.1326,0,3,1820.2661,6285.4139,0,0.0,0.0,0.0,19,8,0.8035,0.036,110,0.9514,0
0.892,0,0,31.2279,7.2386,2,0.0,0.0,0.0,290,4,0.1138,0.8215,5,0.0826,2
10.9487,1,0,1522.186,6311.3347,0,0.0,0.0,0.0,6,13,0.878,0.0065,118,0.88,0
0.4513,0,5,10.0851,20.3055,2,0.0,0.0,0.0,82,13,0.2127,0.8012,21,0.18,2
0.2161,0,0,110.5071,4.6407,1,0.0,0.0,0.0,294,371,0.9193,0.0704,40,0.2686,1
4.2729,0,2,551.819,473.4633,0,0.0,2.0,5.0,125,47,0.8896,0.0689,194,0.7453,3
14.9734,0,1,289.3501,391.6989,0,0.0,1.0,3.0,115,94,0.9798,0.0833,62,0.7753,3
0.2819,1,3,43.8131,8.1063,1,0.0,0.0,0.0,340,498,0.9207,0.0061,35,0.3803,1
14.8095,1,0,780.5423,5607.4346,0,0.0,0.0,0.0,7,14,0.8267,0.1071,200,0.9252,0
13.7812,0,1,203.7715,332.0875,0,0.0,2.0,7.0,120,55,0.8151,0.0123,56,0.8093,3
5.3825,0,1,761.2378,2610.4637,0,0.0,0.0,0.0,15,11,0.8119,0.1069,210,0.9422,0
3.1939,1,1,486.6895,7587.167,0,0.0,0.0,0.0,9,12,0.9079,0.0434,68,0.9231,0
1.0194,1,3,31.8986,17.2946,1,0.0,0.0,0.0,152,10,0.0144,0.8231,6,0.0593,2
0.1939,0,5,45.6528,19.6272,0,0.0,0.0,0.0,104,11,0.2144,0.822,21,0.0474,2
0.3749,1,2,28.2111,27.3947,2,0.0,0.0,0.0,260,10,0.1258,0.8156,22,0.1689,2
0.2697,0,0,8.2649,3.7267,3,0.0,0.0,0.0,258,459,0.8622,0.0707,18,0.1295,1
1.7895,0,1,586.2722,579.2005,0,0.0,2.0,2.0,45,67,0.8357,0.0193,63,0.8575,3
3.2958,0,1,473.841,580.0733,0,0.0,2.0,6.0,32,131,0.9724,0.0575,83,0.9202,3
7.6598,0,1,715.0282,4862.542,1,0.0,0.0,0.0,17,13,0.9491,0.1111,157,0.9894,0
2.8316,0,2,395.2336,333.2703,1,0.0,3.0,3.0,117,111,0.8338,0.0267,78,0.6736,3
0.322,0,3,28.0677,0.8563,2,1.0,0.0,0.0,290,298,0.974,0.0056,4,0.3843,1
0.1588,0,0,49.6655,28.9103,2,0.0,0.0,0.0,123,12,0.1538,0.8209,7,0.1015,2
0.979,1,2,17.4679,3.8385,2,0.0,0.0,0.0,203,3,0.0941,0.8086,24,0.0297,2
19.5458,0,5,986.1099,1293.6872,0,0.0,0.0,0.0,12,18,0.7687,0.063,249,0.9588,0
6.5355,0,1,326.9664,709.3693,0,0.0,5.0,2.0,122,128,0.8643,0.0329,163,0.6429,3
0.3623,0,0,69.2013,9.1738,2,0.0,0.0,0.0,504,370,0.955,0.0945,32,0.3468,1
0.4948,0,1,35.6506,30.3505,1,0.0,0.0,0.0,136,11,0.1047,0.8745,13,0.0403,2
4.8397,0,2,161.8263,261.6786,0,0.0,5.0,7.0,95,116,0.8477,0.034,98,0.7113,3
6.2518,0,2,400.4104,548.6505,0,0.0,1.0,7.0,146,61,0.8639,0.0488,165,0.7436,3
0.0502,0,0,22.9927,8.0871,1,0.0,0.0,0.0,355,409,0.9858,0.0729,10,0.1094,1
0.2645,0,0,31.8861,3.253,1,1.0,0.0,0.0,337,301,0.9184,0.0928,3,0.1676,1
1.0668,0,3,34.7781,18.3616,1,0.0,0.0,0.0,290,4,0.2255,0.9488,4,0.1817,2
13.3218,0,1,381.2552,467.8871,0,0.0,2.0,5.0,101,68,0.8857,0.0844,148,0.7044,3
0.2059,0,0,101.084,1.6564,1,0.0,0.0,0.0,462,290,0.946,0.0983,26,0.3608,1
0.4936,0,0,4.2183,3.5922,1,0.0,0.0,0.0,429,267,0.9177,0.0753,15,0.2211,1
6.9384,0,1,492.7535,242.634,0,0.0,1.0,4.0,97,114,0.9601,0.0739,180,0.7729,3
0.521,1,5,57.1141,24.2513,2,0.0,0.0,0.0,92,13,0.1411,0.9518,14,0.0743,2
10.1091,0,3,439.6773,2102.3398,0,0.0,0.0,0.0,17,8,0.8755,0.018,234,0.8567,0
3.8907,0,1,435.5671,637.9456,0,0.0,1.0,3.0,117,132,0.9678,0.0022,126,0.8081,3
0.7649,0,2,598.1238,521.3876,1,0.0,3.0,3.0,75,79,0.9055,0.0396,156,0.757,3
4.4815,0,2,386.7217,499.6245,0,0.0,2.0,2.0,122,95,0.9982,0.0652,130,0.7729,3
2.9654,0,2,314.4013,551.664,0,0.0,1.0,5.0,131,69,0.9651,0.0242,66,0.7584,3
0.2778,0,0,85.8927,6.3378,1,0.0,0.0,0.0,353,288,0.8683,0.0281,26,0.3716,1
0.4407,0,0,9.21,4.609,2,0.0,0.0,0.0,315,284,0.8859,0.0351,43,0.189,1
0.4845,0,0,57.7601,6.6281,0,0.0,0.0,0.0,294,504,0.9597,0.0851,34,0.3051,1
0.0831,0,1,33.5185,26.6951,3,0.0,0.0,0.0,212,5,0.0334,0.9565,3,0.0175,2
1.8968,0,2,523.9911,340.7475,0,0.0,1.0,3.0,33,102,0.939,0.0074,91,0.7347,3
5.8918,0,1,348.1396,724.0931,0,0.0,1.0,7.0,148,113,0.8556,0.06,92,0.6844,3
0.1904,1,2,48.3348,23.3125,1,0.0,0.0,0.0,214,14,0.0103,0.8755,23,0.088,2
5.4974,0,0,1259.7095,1940.3575,0,0.0,0.0,0.0,7,12,0.8677,0.0799,232,0.8594,0
12.4886,0,2,369.4405,572.6427,1,0.0,2.0,3.0,136,90,0.9236,0.0546,135,0.6143,3
2.2177,0,1,484.5114,643.9362,0,0.0,2.0,5.0,130,45,0.8205,0.0749,51,0.6515,3
0.9323,0,4,60.8513,14.8389,2,0.0,0.0,0.0,139,4,0.1192,0.9657,1,0.0949,2
8.2846,0,3,516.143,2448.5968,0,0.0,0.0,0.0,16,12,0.8422,0.0803,94,0.7167,0
0.5811,0,1,505.1134,749.3787,0,0.0,4.0,3.0,46,71,0.983,0.0463,51,0.8439,3
16.5325,1,0,748.6492,5053.0613,1,0.0,0.0,0.0,16,13,0.9132,0.042,207,0.7266,0
0.2509,0,2,314.0049,462.2932,0,0.0,2.0,6.0,76,27,0.9075,0.0931,88,0.8444,3
0.3189,0,0,112.6539,3.2992,2,0.0,0.0,0.0,300,360,0.9708,0.0665,23,0.211,1
0.4287,0,3,80.1052,6.0402,1,0.0,0.0,0.0,428,306,0.8644,0.033,27,0.1328,1
12.1047,0,0,1373.2814,5603.3777,0,0.0,0.0,0.0,11,12,0.7541,0.0109,240,0.8807,0
0.9803,1,4,7.2793,1.2372,2,0.0,0.0,0.0,86,8,0.18,0.9105,13,0.013,2
0.1252,0,1,19.585,25.4991,2,0.0,0.0,0.0,196,2,0.0551,0.989,6,0.0682,2
3.5807,0,0,1042.9576,6504.1566,0,0.0,0.0,0.0,12,6,0.9773,0.1077,253,0.9635,0
6.7721,0,1,582.4125,450.4165,0,0.0,3.0,4.0,92,69,0.8163,0.0219,141,0.7202,3
8.7788,0,0,860.5109,3799.3335,0,0.0,0.0,0.0,18,11,0.7657,0.1143,152,0.9836,0
0.0727,0,3,47.2177,4.2147,0,0.0,0.0,0.0,392,241,0.9838,0.0929,44,0.2744,1
16.0517,0,1,218.9475,259.4759,0,0.0,5.0,4.0,84,116,0.8159,0.0454,190,0.7708,3
23.4403,0,1,239.8148,259.5365,1,0.0,3.0,2.0,45,132,0.8989,0.079,79,0.8215,3
0.1518,0,0,72.418,8.1913,1,0.0,0.0,0.0,287,471,0.9777,0.0848,30,0.3429,1
7.9607,0,2,1126.2579,2366.7155,0,0.0,1.0,0.0,7,13,0.9954,0.045,52,0.9736,0
0.0481,0,0,66.4834,8.7451,1,0.0,0.0,0.0,495,404,0.8864,0.0339,8,0.2051,1
11.521,0,3,888.8265,9743.8801,0,0.0,0.0,0.0,10,12,0.7523,0.0562,181,0.9205,0
0.174,0,0,4.1977,7.8082,2,0.0,0.0,0.0,322,428,0.888,0.0759,18,0.3596,1
0.2948,0,0,58.1293,2.9868,1,0.0,0.0,0.0,287,1,0.0321,0.8737,18,0.073,2
3.3875,0,1,443.0702,512.0257,0,0.0,4.0,4.0,53,78,0.9446,0.007,199,0.7525,3
1.6179,0,1,203.0512,1215.4282,0,0.0,0.0,0.0,13,11,0.8707,0.0517,241,0.9767,0
7.8102,0,1,151.6386,526.8195,0,0.0,3.0,3.0,44,93,0.8714,0.0971,134,0.6228,3
24.9472,0,3,384.1674,3094.0359,0,0.0,0.0,0.0,12,8,0.9567,0.1046,227,0.8023,0
0.4189,0,5,80.7443,7.3214,1,0.0,0.0,0.0,379,328,0.9828,0.0729,11,0.2429,1
2.7709,1,0,1109.1938,3764.2647,0,0.0,0.0,0.0,11,10,0.7807,0.0911,99,0.8532,0
0.9589,1,0,27.6479,10.1981,2,0.0,0.0,0.0,143,10,0.0961,0.8943,6,0.1735,2
1.9073,0,2,547.4906,539.7002,0,0.0,2.0,6.0,51,49,0.8485,0.0543,81,0.6474,3
3.1844,0,0,295.6932,1994.6055,0,0.0,0.0,0.0,7,10,0.7921,0.0385,86,0.7741,0
0.0736,0,0,18.7538,7.9611,1,0.0,0.0,0.0,322,244,0.9735,0.0261,36,0.2325,1
5.784,1,3,213.7484,6373.2491,0,0.0,0.0,0.0,9,13,0.8732,0.0704,94,0.7528,0
6.5127,0,1,560.4008,455.3621,2,0.0,4.0,7.0,31,99,0.8988,0.0998,98,0.8411,3
0.4873,0,0,164.768,6.4109,1,0.0,0.0,0.0,475,401,0.8963,0.0068,34,0.1553,1
1.1541,0,0,16.624,27.4442,2,0.0,0.0,0.0,141,13,0.2183,0.9697,12,0.1656,2
1.5943,0,1,207.0596,493.2876,0,0.0,3.0,4.0,70,128,0.955,0.0004,71,0.6616,3
2.1143,0,1,378.1868,518.1984,0,0.0,5.0,6.0,53,122,0.9985,0.0413,113,0.8974,3
4.317,1,1,431.2964,5874.7651,0,0.0,0.0,0.0,10,13,0.9404,0.091,226,0.8099,0
3.4257,0,0,1161.7444,10279.3888,0,0.0,0.0,0.0,18,10,0.8308,0.0789,58,0.7249,0
0.3992,0,0,74.2112,3.9021,1,0.0,0.0,0.0,317,242,0.9494,0.0358,48,0.3777,1
0.57,1,2,23.6387,5.804,1,0.0,0.0,0.0,226,10,0.0186,0.9421,13,0.0341,2
0.0576,1,2,37.2531,8.9348,1,0.0,0.0,0.0,159,2,0.2167,0.8348,24,0.1457,2
3.2625,0,0,982.0623,3805.1406,0,0.0,0.0,0.0,9,13,0.8158,0.1247,144,0.9708,0
0.4126,0,3,74.0902,5.3128,3,3.0,0.0,0.0,255,342,0.9323,0.0978,31,0.3511,1
1.1519,0,1,217.3361,764.6393,0,0.0,2.0,7.0,83,133,0.9764,0.0028,155,0.6281,3
0.7428,0,3,24.0408,9.7361,2,0.0,0.0,0.0,152,11,0.2238,0.8622,19,0.0827,2
1.9009,0,0,913.2021,4286.8356,2,0.0,0.0,0.0,23,15,0.9281,0.0878,106,0.9429,0
0.3633,2,0,81.8531,1.7142,2,0.0,0.0,0.0,456,463,0.9872,0.0697,26,0.1964,1
0.2914,1,1,2.9681,31.763,2,0.0,0.0,0.0,114,14,0.0986,0.7864,16,0.0984,2
5.394,0,1,322.9573,305.8327,0,0.0,5.0,6.0,38,100,0.9673,0.0047,180,0.8492,3
0.3377,0,3,40.9454,9.9107,1,0.0,0.0,0.0,448,463,0.9424,0.0216,21,0.2699,1
9.4829,0,1,441.5961,358.7867,0,0.0,5.0,6.0,145,99,0.9436,0.0171,164,0.8935,3
3.9918,0,1,251.3395,514.5741,0,0.0,5.0,7.0,139,34,0.9032,0.0126,83,0.6185,3
0.9245,0,2,341.6405,412.3367,1,0.0,5.0,5.0,40,27,0.9128,0.0085,173,0.8588,3
4.1302,0,1,541.8996,541.5159,1,0.0,5.0,7.0,93,127,0.8727,0.0411,47,0.891,3
11.0453,0,1,345.7951,550.8265,0,0.0,5.0,4.0,91,74,0.9197,0.0296,62,0.7734,3
6.8734,0,2,466.7172,248.8703,0,0.0,3.0,6.0,124,122,0.8348,0.002,85,0.6191,3
39.6994,1,5,1096.1487,2296.7372,0,0.0,0.0,0.0,18,12,0.8331,0.1024,242,0.9938,0
2.7414,0,1,525.854,326.7537,0,0.0,4.0,5.0,145,61,0.9465,0.0545,68,0.7135,3
4.5379,0,1,366.2216,650.9873,0,0.0,5.0,4.0,126,27,0.8935,0.0557,195,0.8314,3
1.0474,0,3,41.5974,24.7012,1,0.0,0.0,0.0,210,10,0.1559,0.9401,6,0.1927,2
0.3158,0,0,144.6445,1.6075,1,0.0,0.0,0.0,463,318,0.8865,0.0605,5,0.2745,1
5.4736,0,1,521.6947,510.5274,0,0.0,2.0,4.0,54,104,0.9832,0.031,141,0.7253,3
1.1459,0,1,573.541,272.4852,0,0.0,3.0,2.0,42,85,0.9043,0.0764,96,0.8202,3
8.31,2,0,385.6507,7261.1037,0,0.0,0.0,0.0,17,5,0.8877,0.0034,75,0.9254,0
1.6529,0,0,237.0429,6016.6035,0,0.0,0.0,0.0,9,5,0.9004,0.0426,248,0.7731,0
7.8154,0,1,297.9465,373.6043,1,0.0,5.0,3.0,43,95,0.9599,0.0949,199,0.9397,3
1.7557,0,0,170.2674,7374.4397,0,0.0,0.0,0.0,14,14,0.9171,0.0163,74,0.7404,0
2.4167,0,2,428.2891,480.6149,0,0.0,1.0,4.0,90,88,0.9327,0.0411,172,0.6807,3
1.1051,1,1,5.5406,21.225,2,0.0,0.0,0.0,169,12,0.074,0.8734,21,0.0345,2
0.7515,0,1,479.8837,420.695,0,0.0,3.0,4.0,80,104,0.8772,0.016,174,0.7546,3
6.7895,0,1,186.3702,520.6853,0,0.0,1.0,6.0,131,136,0.9311,0.0683,72,0.9251,3
1.8861,0,1,479.5564,274.7699,0,0.0,3.0,7.0,85,80,0.9752,0.0615,96,0.8776,3
1.5354,0,1,593.8434,643.6758,0,0.0,4.0,7.0,48,59,0.9527,0.0403,141,0.7671,3
0.3277,0,3,96.7075,0.1599,1,1.0,0.0,0.0,480,279,0.8562,0.0352,27,0.2277,1
21.2849,2,0,747.9984,2374.3,0,0.0,0.0,0.0,10,13,0.7993,0.1266,153,0.8975,0
25.2833,0,2,478.034,3724.8486,0,0.0,0.0,0.0,16,11,0.895,0.0046,172,0.7697,0
0.1028,0,3,14.2802,8.3093,1,0.0,0.0,0.0,500,285,0.9675,0.0638,37,0.3426,1
0.2652,0,2,39.5872,6.2262,1,0.0,0.0,0.0,299,7,0.0208,0.8008,10,0.0588,2
3.1786,0,1,593.8196,298.2852,0,0.0,1.0,5.0,115,92,0.8986,0.0851,159,0.9365,3
5.0188,0,1,379.3614,459.9821,0,0.0,5.0,3.0,60,128,0.9709,0.083,125,0.606,3
0.2259,0,3,138.6567,3.454,2,0.0,0.0,0.0,382,439,0.9963,0.0354,38,0.3477,1
0.2786,0,1,321.8269,543.5677,0,0.0,4.0,2.0,117,107,0.9891,0.0398,151,0.895,3
0.2912,0,5,8.1541,5.9405,1,0.0,0.0,0.0,507,467,0.8763,0.0986,43,0.3169,1
2.2156,0,1,240.6706,411.0932,2,0.0,5.0,2.0,51,95,0.9255,0.0461,127,0.7172,3
0.313,0,3,126.44,2.5267,1,0.0,0.0,0.0,346,200,0.8989,0.0809,49,0.1596,1
6.8073,0,0,514.6583,3848.2452,0,0.0,0.0,0.0,9,13,0.9434,0.0848,161,0.8021,0
15.563,0,0,1140.5393,4898.239,0,0.0,0.0,0.0,17,14,0.9955,0.0146,73,0.8237,0
0.5104,0,1,404.2585,469.2621,2,0.0,1.0,4.0,125,55,0.8131,0.0375,197,0.6947,3
0.4424,0,3,35.3732,9.8435,2,0.0,0.0,0.0,232,1,0.0287,0.8859,5,0.0744,2
19.4046,0,4,368.4722,5367.9705,0,0.0,0.0,0.0,13,5,0.9316,0.1152,102,0.979,0
0.601,0,5,26.113,7.8417,1,0.0,0.0,0.0,244,8,0.1439,0.8786,24,0.0554,2
2.0092,0,1,509.7453,481.5007,0,0.0,4.0,4.0,79,107,0.9572,0.0194,145,0.8207,3
4.1273,0,2,1508.1791,4167.2341,1,0.0,0.0,0.0,12,9,0.8668,0.0743,117,0.7084,0
0.3045,0,0,44.8327,2.4252,1,0.0,0.0,0.0,425,343,0.9075,0.0089,35,0.3841,1
4.4766,0,0,1095.8641,6372.8674,0,0.0,0.0,0.0,11,15,0.8652,0.0536,164,0.927,0
1.1996,0,1,157.1793,353.0956,0,0.0,4.0,4.0,122,34,0.8756,0.0835,146,0.6388,3
0.05,0,0,133.9289,1.9108,1,0.0,0.0,0.0,341,477,0.968,0.0258,4,0.3185,1
0.2577,0,3,143.5334,4.2906,1,0.0,0.0,0.0,505,220,0.965,0.0626,40,0.2572,1
0.3066,1,3,48.1222,4.1682,1,0.0,0.0,0.0,303,387,0.9284,0.0471,5,0.3051,1
27.9443,0,0,332.8265,4330.0804,0,0.0,0.0,0.0,10,17,0.7919,0.0232,231,0.8351,0
0.2718,0,3,12.937,3.5745,2,0.0,0.0,0.0,340,395,0.9341,0.0751,16,0.1447,1
0.0538,1,0,69.7375,7.8928,1,0.0,0.0,0.0,459,443,0.8667,0.075,38,0.1825,1
0.9859,0,3,28.8118,24.1387,1,0.0,0.0,0.0,183,5,0.1767,0.895,8,0.0595,2
0.0782,0,3,78.7738,7.2283,1,0.0,0.0,0.0,480,433,0.965,0.0919,44,0.3652,1
4.0417,0,0,1945.3244,4064.0977,0,0.0,0.0,0.0,10,12,0.7699,0.1276,96,0.8162,0
11.9631,0,0,1765.3164,4585.845,0,0.0,0.0,0.0,13,10,0.8616,0.0173,230,0.8517,0
0.0856,0,0,11.4615,4.2205,2,0.0,0.0,0.0,275,384,0.9458,0.0677,33,0.137,1
0.0516,0,0,86.9728,0.3845,2,0.0,0.0,0.0,266,447,0.8541,0.0121,42,0.3392,1
1.777,0,1,459.2643,647.5683,0,0.0,4.0,6.0,107,112,0.9681,0.0945,141,0.9117,3
2.6595,0,1,443.0589,666.0073,0,0.0,5.0,4.0,145,42,0.8289,0.0213,136,0.852,3
5.3692,0,5,1089.3346,4226.1357,1,0.0,0.0,0.0,12,11,0.9692,0.0823,229,0.7251,0
0.5401,0,1,60.5863,6.1327,1,0.0,0.0,0.0,213,14,0.0757,0.8017,1,0.1161,2
10.2293,0,0,508.9059,4230.8441,0,0.0,0.0,0.0,8,13,0.8375,0.0692,76,0.9485,0
0.307,0,0,75.5075,0.1222,2,3.0,0.0,0.0,362,471,0.9572,0.0085,6,0.1308,1
0.0028,0,0,10.4997,4.8377,2,1.0,0.0,0.0,402,229,0.9122,0.0485,15,0.1589,1
0.0453,0,0,23.3182,6.7126,1,0.0,0.0,0.0,293,221,0.9985,0.0337,32,0.3759,1
0.4793,0,3,23.4731,0.8538,1,0.0,0.0,0.0,272,497,0.9129,0.0624,24,0.2071,1
0.6244,0,0,14.4234,16.8606,2,0.0,0.0,0.0,174,9,0.0615,0.8225,5,0.1995,2
0.1623,1,0,23.1299,6.5897,1,0.0,0.0,0.0,318,442,0.9689,0.0333,5,0.302,1
3.6506,0,1,239.2082,389.5109,2,0.0,4.0,6.0,141,118,0.9019,0.0612,170,0.8713,3
10.6339,0,0,602.2087,2455.9003,0,0.0,0.0,0.0,11,10,0.827,0.0542,196,0.7007,0
0.4866,0,0,165.3454,5.8396,1,0.0,0.0,0.0,411,230,0.9857,0.0029,18,0.2007,1
0.292,1,5,36.7159,31.0085,2,0.0,0.0,0.0,256,13,0.0262,0.7794,17,0.175,2
0.1723,0,0,11.3699,9.4467,1,1.0,0.0,0.0,429,280,0.9937,0.0676,48,0.223,1
24.2348,1,0,570.0159,1923.5772,0,0.0,0.0,0.0,9,12,0.9709,0.0026,58,0.7301,0
0.3378,0,0,74.2594,6.5603,2,0.0,0.0,0.0,323,367,0.9943,0.0436,36,0.2391,1
2.3104,0,1,591.4181,666.8976,0,0.0,1.0,4.0,69,123,0.8199,0.0891,79,0.7823,3
0.6907,0,0,62.8593,1.6318,2,0.0,0.0,0.0,279,3,0.1633,0.9798,18,0.0116,2
0.0556,2,0,16.6249,6.7178,1,0.0,0.0,0.0,445,306,0.9728,0.0077,38,0.327,1
1.1289,0,0,2347.2829,9451.5549,0,0.0,0.0,0.0,13,14,0.8808,0.0627,241,0.9608,0
0.3417,0,0,26.0599,4.796,1,3.0,0.0,0.0,332,336,0.8541,0.0214,9,0.1545,1
52.8467,0,3,562.1705,2365.3069,0,0.0,0.0,0.0,10,14,0.9871,0.1008,143,0.9468,0
0.3205,0,2,468.2688,216.9271,2,0.0,3.0,4.0,63,31,0.8857,0.0117,41,0.8577,3
1.5048,2,0,242.554,3670.6501,0,0.0,0.0,0.0,14,11,0.8117,0.012,254,0.9739,0
2.1767,0,1,230.1306,11331.3814,0,0.0,0.0,0.0,13,12,0.9743,0.0256,114,0.7265,0
0.3942,1,0,34.9452,7.8726,2,0.0,0.0,0.0,324,285,0.8619,0.0606,26,0.3776,1
0.8295,0,1,20.1115,30.531,0,0.0,0.0,0.0,116,7,0.0194,0.9652,21,0.1971,2
13.7291,0,1,213.7846,600.391,0,0.0,2.0,5.0,94,39,0.8519,0.086,134,0.8113,3
0.4569,0,3,66.0093,3.4325,1,3.0,0.0,0.0,310,202,0.9053,0.012,43,0.1639,1
0.4718,0,2,490.8358,594.8117,1,0.0,2.0,3.0,99,125,0.9537,0.0498,71,0.8042,3
0.1138,0,0,10.9571,5.8265,2,1.0,0.0,0.0,363,302,0.8702,0.0038,10,0.2405,1
9.4896,1,0,346.5242,5500.85,3,0.0,0.0,0.0,12,7,0.7769,0.0956,220,0.8825,0
4.9071,0,2,503.9028,419.1392,0,0.0,3.0,4.0,114,71,0.9185,0.0768,47,0.6744,3
1.8696,1,2,245.5385,4403.5442,0,0.0,0.0,0.0,8,9,0.7922,0.0035,105,0.9697,0
0.4606,0,3,26.6438,4.5822,1,0.0,0.0,0.0,456,227,0.912,0.0945,47,0.319,1
12.6858,2,0,591.2496,1693.8278,0,0.0,0.0,0.0,7,12,0.8,0.0692,79,0.8653,0
0.8162,2,1,4.1907,29.7362,2,0.0,0.0,0.0,120,14,0.2166,0.7657,2,0.1529,2
0.3678,0,1,477.9395,531.8613,0,0.0,5.0,7.0,141,76,0.9657,0.0282,69,0.6034,3
11.2577,0,1,535.6498,681.1973,1,0.0,1.0,5.0,34,57,0.9557,0.0915,100,0.7744,3
0.6532,0,1,585.9346,769.5658,0,0.0,4.0,4.0,74,117,0.9755,0.0515,133,0.6065,3
0.3196,0,0,48.8513,0.3186,1,0.0,0.0,0.0,446,413,0.9452,0.0307,30,0.2855,1
1.0639,0,1,578.2798,692.4833,0,0.0,1.0,7.0,82,93,0.8531,0.0634,111,0.8849,3
0.2046,0,0,72.9593,0.3924,2,0.0,0.0,0.0,318,496,0.8725,0.0545,44,0.3179,1
68.6546,0,0,1056.3612,1271.3673,0,0.0,0.0,0.0,17,14,0.9712,0.1331,76,0.9102,0
0.5813,1,0,1226.5131,3862.4595,0,0.0,0.0,0.0,11,14,0.9886,0.0958,134,0.8765,0
0.5819,0,3,11.8491,13.2521,1,0.0,0.0,0.0,115,4,0.1166,0.8623,6,0.1219,2
6.9268,0,3,93.614,5046.416,1,0.0,0.0,0.0,14,14,0.7896,0.0944,57,0.8129,0
0.4386,1,3,58.7102,26.181,1,0.0,0.0,0.0,259,2,0.1539,0.8691,16,0.1646,2
2.3336,0,1,367.6886,335.4466,0,0.0,3.0,7.0,141,61,0.8663,0.0411,168,0.6427,3
0.2207,0,0,248.3502,6.9497,1,0.0,0.0,0.0,479,235,0.9819,0.0673,40,0.104,1
10.2739,0,2,177.9472,625.2714,0,0.0,5.0,5.0,108,44,0.8306,0.0535,136,0.7561,3
5.326,0,1,215.8737,219.2408,0,0.0,3.0,6.0,31,77,0.8104,0.0102,108,0.9301,3
0.3133,2,0,29.7944,0.3619,1,0.0,0.0,0.0,281,441,0.8988,0.0817,17,0.2697,1
6.7938,0,0,481.7265,5526.2464,0,0.0,0.0,0.0,8,19,0.8472,0.0627,224,0.9714,0
0.137,0,3,54.1538,20.1152,2,0.0,0.0,0.0,199,8,0.2472,0.8301,16,0.172,2
13.8152,0,4,1078.5049,2642.23,0,0.0,0.0,0.0,10,9,0.9589,0.087,86,0.7236,0
0.1368,0,0,125.4471,4.3104,1,0.0,0.0,0.0,497,494,0.8979,0.065,2,0.1047,1
0.0649,0,0,20.7969,7.9261,1,0.0,0.0,0.0,274,390,0.9883,0.0332,6,0.1163,1
1.15,0,1,208.3671,574.7056,0,0.0,1.0,7.0,68,127,0.857,0.0531,199,0.759,3
0.8238,1,2,40.5205,4.809,2,0.0,0.0,0.0,135,6,0.1152,0.9152,6,0.1764,2
27.497,0,3,295.6456,1516.4291,0,0.0,0.0,0.0,15,16,0.7585,0.0186,189,0.832,0
2.0268,0,1,210.6851,364.1625,0,0.0,1.0,5.0,115,27,0.8967,0.0724,192,0.7798,3
0.6709,2,1,27.1669,14.268,2,0.0,0.0,0.0,231,1,0.0131,0.9823,10,0.1628,2
1.0135,1,0,7.6222,0.6235,2,0.0,0.0,0.0,296,9,0.1643,0.8796,9,0.1768,2
0.0287,0,0,181.834,4.2624,1,0.0,0.0,0.0,265,251,0.9571,0.0007,21,0.3269,1
0.4399,0,5,20.8204,7.5429,1,0.0,0.0,0.0,254,495,0.9013,0.0493,13,0.2224,1
6.161,0,0,1010.6328,2534.7671,0,0.0,0.0,0.0,16,7,0.8932,0.1047,171,0.9435,0
11.6639,0,1,405.5636,484.6455,2,0.0,1.0,2.0,49,116,0.854,0.0754,156,0.8453,3
5.6786,0,1,537.1206,267.1076,0,0.0,4.0,7.0,72,117,0.8816,0.0471,190,0.8766,3
6.7277,0,1,157.05,325.2419,2,0.0,5.0,3.0,128,136,0.968,0.026,47,0.8979,3
0.1632,0,3,16.4614,6.6524,1,0.0,0.0,0.0,263,308,0.9498,0.042,33,0.2576,1
0.2238,1,2,11.1413,3.754,0,0.0,0.0,0.0,183,10,0.2367,0.917,15,0.035,2
0.9811,0,1,56.7935,29.0286,1,0.0,0.0,0.0,147,12,0.2021,0.8897,8,0.1916,2
0.868,0,4,23.7683,23.6671,2,0.0,0.0,0.0,249,9,0.073,0.8825,22,0.0733,2
1.0404,0,4,34.6405,5.9293,2,0.0,0.0,0.0,137,9,0.0394,0.7944,22,0.0905,2
0.3993,0,3,40.7527,25.9925,0,0.0,0.0,0.0,166,10,0.084,0.8528,8,0.1782,2
0.4831,0,1,59.8561,30.2184,2,0.0,0.0,0.0,232,11,0.0839,0.9068,2,0.1971,2
1.3747,0,0,786.7985,1558.7349,0,0.0,0.0,0.0,15,9,0.8228,0.0001,99,0.7679,0
8.376,0,0,663.0685,595.0533,0,0.0,0.0,0.0,10,10,0.9665,0.143,84,0.9727,0
0.9052,0,1,7.5639,4.6441,2,0.0,0.0,0.0,133,8,0.2188,0.948,9,0.1152,2
4.7393,0,1,468.7732,278.6546,2,0.0,5.0,4.0,33,35,0.9164,0.0067,108,0.7092,3
0.1495,0,0,55.7788,0.041,2,0.0,0.0,0.0,478,258,0.9573,0.0968,18,0.2884,1
0.2682,0,3,137.7104,9.3132,1,0.0,0.0,0.0,358,345,0.9885,0.0635,47,0.2605,1
0.2319,0,0,52.083,8.8512,1,0.0,0.0,0.0,273,321,0.9994,0.0239,39,0.2291,1
0.6347,0,1,16.9353,23.4252,1,0.0,0.0,0.0,118,13,0.1254,0.9655,19,0.1909,2
2.3555,0,1,280.2514,275.9805,0,0.0,5.0,3.0,95,114,0.9936,0.0152,66,0.6893,3
0.696,0,2,379.7794,510.3542,0,0.0,3.0,5.0,65,135,0.9051,0.0195,182,0.6405,3
0.3658,0,0,60.2025,2.1961,2,0.0,0.0,0.0,493,264,0.8767,0.0549,47,0.2281,1
0.5309,1,4,46.9414,4.8516,2,0.0,0.0,0.0,273,10,0.0109,0.9736,23,0.169,2
0.3718,1,3,53.5796,16.9678,0,0.0,0.0,0.0,95,12,0.2469,0.8025,18,0.0427,2
0.5217,1,0,39.7711,22.4489,1,0.0,0.0,0.0,171,12,0.0711,0.9193,14,0.1451,2
47.778,0,1,313.9514,3300.4389,0,0.0,0.0,0.0,12,9,0.8038,0.0064,195,0.8807,0
6.2524,0,1,168.4206,228.7633,0,0.0,2.0,5.0,137,49,0.8164,0.0308,136,0.8057,3
0.6095,1,5,333.0374,4713.2135,0,0.0,0.0,0.0,16,12,0.8503,0.0259,205,0.9474,0
2.0765,0,1,573.2813,416.505,0,0.0,1.0,5.0,148,44,0.8829,0.029,84,0.6264,3
2.9344,0,2,284.9416,456.0793,0,0.0,3.0,2.0,40,138,0.9363,0.087,138,0.7114,3
0.8294,1,4,25.1023,15.1499,0,0.0,0.0,0.0,87,3,0.0975,0.8486,18,0.1811,2
0.4086,1,0,671.942,2074.3555,0,0.0,0.0,0.0,13,10,0.8952,0.1142,167,0.9165,0
0.2935,2,0,122.1369,6.491,1,0.0,0.0,0.0,499,299,0.9215,0.0491,26,0.2892,1
0.4907,0,3,22.1345,6.4694,1,0.0,0.0,0.0,468,287,0.9838,0.0706,14,0.2782,1
2.856,0,1,382.1887,284.6405,2,0.0,3.0,7.0,108,62,0.8025,0.0366,56,0.9062,3
0.2582,0,5,3207.2908,1413.3882,0,0.0,0.0,0.0,12,11,0.7806,0.0358,103,0.9812,0
47.0638,1,0,251.2527,3907.3555,0,0.0,0.0,0.0,21,17,0.9302,0.0584,89,0.9258,0
11.2899,1,0,383.8953,3109.3031,0,0.0,0.0,0.0,12,14,0.8065,0.1123,110,0.9989,0
22.2445,1,3,1519.135,4475.4907,0,0.0,0.0,0.0,12,10,0.8856,0.1374,169,0.7424,0
0.1369,0,3,48.1312,7.7756,1,0.0,0.0,0.0,298,350,0.8764,0.0528,49,0.2464,1
0.4545,0,0,98.6258,8.7352,2,0.0,0.0,0.0,443,217,0.9717,0.0768,2,0.2826,1
5.8382,0,2,531.8604,252.5685,0,0.0,5.0,7.0,81,125,0.9822,0.0461,134,0.9297,3
26.8824,0,0,84.5374,987.1227,0,0.0,0.0,0.0,13,9,0.7518,0.0018,222,0.8697,0
27.1692,1,0,1602.0217,6245.8219,0,0.0,0.0,0.0,14,13,0.7579,0.0268,191,0.7095,0
0.9907,1,5,63.1615,18.9153,1,0.0,0.0,0.0,127,3,0.1145,0.8493,4,0.0217,2
3.2671,0,2,596.0527,332.3446,0,0.0,2.0,7.0,98,114,0.8459,0.0321,137,0.6387,3
4.3583,0,0,588.7044,5876.3308,0,0.0,0.0,0.0,10,14,0.9117,0.0855,156,0.8498,0
12.1461,0,1,250.7798,6255.1585,0,0.0,1.0,0.0,15,11,0.8038,0.113,227,0.729,0
1.0397,0,2,63.0433,10.1403,2,0.0,0.0,0.0,158,14,0.2262,0.9103,12,0.1147,2
3.6322,0,2,361.5779,234.2063,0,0.0,5.0,6.0,111,89,0.8101,0.0858,158,0.8857,3
0.7596,0,4,7.9552,7.3276,0,0.0,0.0,0.0,84,5,0.0655,0.8613,10,0.0214,2
0.0123,1,4,10.5343,8.5787,1,0.0,0.0,0.0,268,9,0.0977,0.8625,10,0.0277,2
2.1374,0,2,721.637,5258.6225,0,0.0,0.0,0.0,17,10,0.8737,0.0369,149,0.7182,0
8.798,2,0,839.4907,2568.4707,0,0.0,0.0,0.0,10,9,0.979,0.106,228,0.9951,0
0.6977,1,3,1.5596,28.8841,2,0.0,0.0,0.0,233,5,0.1052,0.8437,17,0.0752,2
6.8448,0,1,537.8138,406.6741,0,0.0,4.0,5.0,87,47,0.958,0.1,141,0.6509,3
1.1985,0,0,39.3298,3.9738,2,0.0,0.0,0.0,223,11,0.1729,0.9806,12,0.0824,2
0.491,0,2,17.2899,30.5061,1,0.0,0.0,0.0,227,4,0.0625,0.9126,10,0.1412,2
0.2209,0,0,16.3064,1.9964,1,0.0,0.0,0.0,445,258,0.8764,0.0888,6,0.2487,1
12.911,0,1,593.7708,3435.527,0,0.0,0.0,0.0,14,8,0.8919,0.0476,92,0.7401,0
0.1532,0,3,135.5011,3.0529,2,0.0,0.0,0.0,368,395,0.9777,0.0397,3,0.3358,1
0.1765,1,0,34.6126,3.5697,1,0.0,0.0,0.0,418,394,0.8999,0.0027,35,0.3738,1
1.6262,0,1,159.4293,630.6317,0,0.0,5.0,2.0,85,50,0.8652,0.0178,49,0.793,3
3.1737,0,1,376.1668,390.2295,2,0.0,3.0,3.0,36,41,0.8938,0.0378,71,0.946,3
1.6491,0,1,440.6657,508.6805,1,0.0,1.0,2.0,85,45,0.8882,0.0019,61,0.6584,3
0.8052,0,2,51.3014,29.6094,1,0.0,0.0,0.0,183,14,0.073,0.8223,6,0.0509,2
0.4922,2,0,60.9435,7.2383,2,1.0,0.0,0.0,256,410,0.8556,0.089,34,0.2826,1
0.5069,0,2,502.7191,591.23,2,0.0,2.0,3.0,131,66,0.8384,0.0094,95,0.7963,3
0.9614,0,1,415.6349,561.0224,2,0.0,1.0,6.0,54,108,0.8194,0.0062,133,0.7632,3
0.5327,1,0,49.432,12.8388,2,0.0,0.0,0.0,265,7,0.1038,0.8139,5,0.0488,2
0.4996,0,0,37.297,2.8756,1,0.0,0.0,0.0,416,293,0.8921,0.0933,29,0.1467,1
0.319,0,0,12.4917,4.9961,2,0.0,0.0,0.0,451,375,0.9208,0.0009,18,0.2109,1
0.1457,0,0,21.5166,6.2274,1,0.0,0.0,0.0,129,7,0.1064,0.775,19,0.0161,2
1.5465,0,0,1254.1668,1168.0001,0,0.0,0.0,0.0,14,8,0.9532,0.0586,65,0.872,0
13.8956,0,0,238.7107,2970.1889,0,0.0,0.0,0.0,15,7,0.9041,0.0477,188,0.7813,0
0.5959,0,2,49.7359,7.3685,3,0.0,0.0,0.0,234,6,0.0524,0.927,23,0.0881,2
0.481,0,0,126.6294,9.2153,1,0.0,0.0,0.0,326,350,0.8776,0.025,15,0.3478,1
9.7953,0,2,516.5539,3256.4831,0,0.0,0.0,0.0,14,11,0.7947,0.1147,54,0.8459,0
1.2762,0,1,363.3291,718.5292,0,0.0,1.0,7.0,49,42,0.8983,0.0236,122,0.7038,3
0.1125,0,3,84.0333,2.4528,1,0.0,0.0,0.0,295,224,0.9445,0.0335,30,0.3759,1
7.5289,1,0,147.013,3740.1409,0,0.0,0.0,0.0,15,19,0.9743,0.0423,80,0.9664,0
2.4093,0,1,506.211,439.186,0,0.0,1.0,3.0,94,51,0.849,0.0114,65,0.8539,3
0.0481,1,0,18.6029,9.7602,2,0.0,0.0,0.0,261,305,0.8738,0.0153,19,0.109,1
11.8071,0,1,296.702,512.6649,1,0.0,3.0,4.0,83,134,0.8141,0.0688,52,0.8713,3
12.9634,0,1,153.1531,372.0053,2,0.0,4.0,4.0,133,73,0.9442,0.0845,138,0.6903,3
29.6595,2,0,440.5424,2799.0615,0,0.0,0.0,0.0,16,13,0.8901,0.1156,131,0.7303,0
0.4516,0,0,99.6621,0.1596,1,1.0,0.0,0.0,399,310,0.9511,0.0061,35,0.3458,1
0.1619,1,5,9.8743,20.931,1,0.0,0.0,0.0,269,7,0.2085,0.8571,12,0.1268,2
8.6467,0,1,482.7625,409.7179,0,0.0,4.0,7.0,81,121,0.9331,0.0632,190,0.6845,3
0.3792,0,0,14.0646,8.7812,0,0.0,0.0,0.0,493,438,0.9485,0.0469,49,0.3065,1
0.5567,0,2,351.8367,574.5196,0,0.0,4.0,3.0,143,34,0.883,0.0864,160,0.838,3
0.2396,0,1,380.9142,388.5124,0,0.0,2.0,3.0,84,45,0.93,0.0853,168,0.7816,3
16.7774,0,0,464.4999,5749.4436,0,0.0,0.0,0.0,17,9,0.9416,0.1364,105,0.7404,0
0.3093,0,0,9.6519,0.4717,3,0.0,0.0,0.0,388,406,0.9922,0.0088,42,0.2725,1
1.6458,0,1,452.4169,590.6216,0,0.0,1.0,6.0,35,57,0.9041,0.0915,184,0.7181,3
0.2178,1,4,783.2664,2843.2048,0,0.0,0.0,0.0,13,9,0.9923,0.1075,179,0.8978,0
0.0241,1,0,52.7048,30.0972,2,0.0,0.0,0.0,193,10,0.1485,0.8362,3,0.073,2
0.3813,0,2,2.2684,25.9578,2,0.0,0.0,0.0,126,1,0.0487,0.8413,19,0.1135,2
0.5457,0,1,54.8671,16.3648,1,0.0,0.0,0.0,106,4,0.1219,0.9704,9,0.0365,2
1.7449,1,4,374.6691,1015.1479,0,0.0,0.0,0.0,20,12,0.7856,0.0727,223,0.9952,0
0.5144,1,4,792.0543,2450.8518,0,0.0,0.0,0.0,11,11,0.813,0.0328,142,0.7704,0
2.5124,1,0,1010.3008,2421.4622,0,0.0,0.0,0.0,8,11,0.9321,0.0867,107,0.9022,0
0.2058,0,1,11.8984,15.3529,2,0.0,0.0,0.0,116,4,0.1097,0.99,21,0.1201,2
59.5819,1,0,398.3419,1463.3678,0,0.0,0.0,0.0,8,8,0.9651,0.0703,185,0.8443,0
0.2621,0,0,19.271,6.8623,1,0.0,0.0,0.0,262,281,0.9421,0.0882,28,0.3833,1
0.2547,0,1,349.5154,535.1579,0,0.0,3.0,4.0,61,139,0.8562,0.0088,149,0.8016,3
4.4338,0,2,636.6873,4748.0666,0,0.0,0.0,0.0,11,6,0.7784,0.024,238,0.7943,0
7.1343,0,1,519.7411,619.8142,0,0.0,4.0,5.0,86,30,0.9116,0.0676,92,0.9408,3
0.8306,0,1,375.0281,568.9328,0,0.0,2.0,5.0,78,98,0.9073,0.0455,58,0.7416,3
0.123,0,0,124.974,3.5813,2,0.0,0.0,0.0,309,213,0.8764,0.0283,2,0.299,1
13.8974,1,3,238.6794,2948.3878,0,0.0,0.0,0.0,14,15,0.8676,0.1404,177,0.7511,0
0.6854,0,1,38.059,21.0411,0,0.0,0.0,0.0,227,13,0.1851,0.8054,5,0.0743,2
13.1316,0,1,591.3008,663.9159,0,0.0,2.0,6.0,62,46,0.8992,0.005,117,0.8594,3
0.6385,0,2,257.9101,352.5639,0,0.0,1.0,6.0,66,58,0.9716,0.0737,138,0.794,3
0.8802,0,0,20.1899,11.1588,1,0.0,0.0,0.0,234,14,0.0701,0.982,5,0.0916,2
2.5097,1,0,1122.1713,4130.9936,0,0.0,0.0,0.0,8,13,0.8857,0.0977,99,0.9134,0
0.0117,0,0,62.1268,1.0903,1,0.0,0.0,0.0,347,350,0.972,0.0321,29,0.1031,1
11.2822,1,1,440.9278,2586.6163,0,0.0,0.0,0.0,11,7,0.8407,0.0545,142,0.7661,0
1.1142,1,0,92.0565,4351.7201,0,0.0,0.0,0.0,11,14,0.9401,0.0962,203,0.7705,0
6.0567,0,1,165.2591,277.7512,0,0.0,1.0,4.0,65,60,0.8713,0.0808,144,0.7668,3
1.6853,0,1,290.1314,481.9499,0,0.0,1.0,6.0,140,45,0.923,0.0208,80,0.6734,3
0.1314,0,3,106.6309,4.089,1,0.0,0.0,0.0,429,439,0.9072,0.0639,18,0.2535,1
1.1256,2,3,45.9993,28.4638,2,0.0,0.0,0.0,183,5,0.0355,0.8423,3,0.1218,2
0.0211,1,3,54.5164,7.9928,2,1.0,0.0,0.0,300,208,0.9394,0.0286,49,0.2191,1
0.6867,0,0,47.1602,15.8463,1,0.0,0.0,0.0,116,3,0.1684,0.9615,18,0.1655,2
0.059,1,0,159.7129,4.1957,2,0.0,0.0,0.0,305,449,0.9869,0.0822,27,0.2658,1
0.0191,0,3,27.995,13.5515,2,0.0,0.0,0.0,108,6,0.0828,0.8477,22,0.1002,2
4.9479,0,1,281.5819,702.8776,0,0.0,4.0,5.0,76,92,0.9103,0.0644,46,0.7456,3
0.2407,2,5,41.8406,2.0121,1,0.0,0.0,0.0,299,212,0.9069,0.0963,16,0.1901,1
0.0985,0,0,106.842,8.2281,1,0.0,0.0,0.0,507,240,0.8993,0.0079,1,0.2315,1
0.9911,0,1,213.838,527.7964,0,0.0,3.0,7.0,59,132,0.8106,0.022,70,0.7294,3
8.0701,0,1,171.325,224.8059,0,0.0,1.0,6.0,48,95,0.8948,0.0044,45,0.7663,3
1.0471,0,3,15.4238,19.6505,2,0.0,0.0,0.0,189,14,0.2348,0.8955,17,0.1457,2
0.3333,0,3,69.6026,1.6126,1,0.0,0.0,0.0,347,446,0.9298,0.0751,9,0.2941,1
5.5327,0,1,228.5199,461.1238,2,0.0,1.0,3.0,104,120,0.9064,0.0371,102,0.7385,3
0.637,2,4,22.4487,19.0096,1,0.0,0.0,0.0,253,10,0.2352,0.8909,21,0.1492,2
2.2849,0,1,465.1511,277.9327,0,0.0,1.0,4.0,77,131,0.8822,0.0349,128,0.8997,3
0.1725,2,0,21.4737,0.1941,0,0.0,0.0,0.0,342,503,0.9226,0.0214,46,0.142,1
0.7266,0,2,429.8552,402.0693,0,0.0,5.0,3.0,43,132,0.9618,0.027,54,0.6047,3
0.1366,1,1,25.0215,12.994,2,0.0,0.0,0.0,183,10,0.1755,0.8165,5,0.1823,2
18.6207,1,0,1193.741,2153.4662,0,0.0,1.0,0.0,13,18,0.8872,0.0188,141,0.9246,0
0.5457,1,0,59.0573,20.9682,1,0.0,0.0,0.0,276,9,0.0929,0.972,3,0.0572,2
0.31,0,0,20.7133,1.9312,1,0.0,0.0,0.0,362,338,0.9547,0.0859,16,0.37,1
0.4231,0,0,70.2615,2.5797,2,0.0,0.0,0.0,287,464,0.8882,0.0762,41,0.289,1
0.3758,1,0,56.6766,22.9318,2,0.0,0.0,0.0,90,7,0.2364,0.7517,22,0.1593,2
0.2126,0,3,102.3594,0.0802,1,0.0,0.0,0.0,315,493,0.9124,0.0837,12,0.2212,1
0.2186,0,3,29.1149,11.4766,1,0.0,0.0,0.0,181,9,0.1765,0.9337,9,0.0622,2
0.7599,0,2,353.8927,733.9817,2,0.0,5.0,3.0,66,32,0.8956,0.0498,86,0.7918,3
43.4477,0,0,986.2055,4824.2458,0,0.0,0.0,0.0,15,10,0.9944,0.1367,114,0.8884,0
0.5827,0,2,695.4435,1848.6131,0,0.0,0.0,0.0,19,12,0.9859,0.0344,156,0.8297,0
0.9046,0,4,717.0457,3460.0747,0,0.0,0.0,0.0,12,9,0.8825,0.0245,99,0.768,0
0.098,0,0,18.574,17.9831,2,0.0,0.0,0.0,297,2,0.0949,0.7581,11,0.025,2
13.1808,1,0,2325.5365,3810.663,0,0.0,0.0,0.0,14,10,0.8213,0.0748,185,0.8198,0
0.1106,0,0,62.1576,5.5317,1,0.0,0.0,0.0,386,502,0.8675,0.0482,42,0.1641,1
10.5454,0,1,254.9066,1259.1852,0,0.0,0.0,0.0,14,9,0.8389,0.0122,243,0.9758,0
12.879,1,4,2441.6939,2541.429,0,0.0,0.0,0.0,6,14,0.8308,0.1351,185,0.9889,0
0.3923,0,3,19.2825,9.4949,1,1.0,0.0,0.0,499,424,0.9487,0.0643,37,0.2253,1
3.6271,0,3,886.5064,1388.4115,2,0.0,0.0,0.0,15,7,0.8236,0.0726,103,0.7861,0
0.7153,1,2,56.4135,10.5517,1,0.0,0.0,0.0,232,11,0.1823,0.8025,8,0.0404,2
0.3022,0,3,26.4288,7.2896,1,0.0,0.0,0.0,376,224,0.8531,0.0619,21,0.1601,1
0.1449,0,3,53.0045,5.1978,1,0.0,0.0,0.0,334,413,0.9866,0.0614,21,0.2862,1
15.5816,2,5,369.8548,2633.3221,0,0.0,0.0,0.0,14,7,0.984,0.009,92,0.7735,0
0.0458,1,0,136.2915,9.5592,0,1.0,0.0,0.0,324,244,0.9543,0.0586,13,0.2916,1
1.045,1,1,59.5783,20.1982,1,0.0,0.0,0.0,241,4,0.1039,0.8566,16,0.0427,2
4.5432,0,1,325.3026,418.3058,0,0.0,2.0,7.0,76,104,0.9041,0.0105,123,0.7097,3
39.5486,1,4,557.8895,2925.5543,0,0.0,0.0,0.0,9,8,0.7524,0.113,119,0.9986,0
0.35,0,0,104.5467,7.2217,2,0.0,0.0,0.0,317,288,0.9574,0.0526,23,0.1444,1
0.0083,0,3,132.9027,0.2736,1,0.0,0.0,0.0,502,462,0.9352,0.0383,37,0.2257,1
3.3034,0,1,234.1979,461.2543,0,0.0,1.0,3.0,67,34,0.9026,0.0196,107,0.669,3
0.0381,0,0,16.8271,7.9417,1,0.0,0.0,0.0,337,283,0.8699,0.0912,24,0.3146,1
0.3211,0,5,64.6651,2.4313,1,0.0,0.0,0.0,493,211,0.9954,0.0392,9,0.3249,1
0.4106,0,0,45.7953,5.4605,1,0.0,0.0,0.0,496,334,0.9841,0.0523,33,0.3785,1
3.1037,0,1,560.7399,206.0182,0,0.0,5.0,5.0,133,127,0.9183,0.0807,175,0.7895,3
0.4021,0,0,17.7943,0.005,1,0.0,0.0,0.0,509,300,0.8637,0.0652,47,0.1718,1
12.3305,1,2,218.735,5012.6492,0,0.0,0.0,0.0,16,14,0.9933,0.0197,138,0.8451,0
0.5391,1,2,30.7774,10.3896,3,0.0,0.0,0.0,224,11,0.1368,0.8051,17,0.1656,2
0.0931,1,0,4.3577,1.1451,1,0.0,0.0,0.0,335,467,0.908,0.0382,46,0.1791,1
0.5551,1,4,17.8168,24.0503,1,0.0,0.0,0.0,82,1,0.0391,0.7811,15,0.1867,2
1.3359,0,1,477.4233,767.3834,2,0.0,2.0,5.0,134,138,0.9373,0.0141,199,0.9068,3
0.1979,0,2,59.4117,24.7155,2,0.0,0.0,0.0,200,8,0.0439,0.8292,21,0.0257,2
5.7643,0,0,296.6205,4670.3914,0,0.0,0.0,0.0,14,7,0.762,0.0185,235,0.8824,0
1.0753,0,0,19.73,5.112,2,0.0,0.0,0.0,188,6,0.1835,0.7933,24,0.1831,2
4.8425,0,0,153.5668,1151.4788,0,0.0,0.0,0.0,11,7,0.7581,0.1237,69,0.9932,0
0.224,1,5,198.5723,3.5203,2,0.0,0.0,0.0,278,373,0.8878,0.0973,27,0.3475,1
12.4699,0,2,458.3671,3365.1494,0,0.0,0.0,0.0,16,10,0.8589,0.0086,199,0.7967,0
4.9807,0,1,553.4618,490.146,0,0.0,2.0,6.0,57,92,0.8046,0.0798,61,0.6706,3
4.2262,0,1,291.3981,642.4659,0,0.0,2.0,3.0,132,35,0.8695,0.0053,140,0.6058,3
0.4219,0,0,66.0738,5.382,2,1.0,0.0,0.0,419,445,0.9717,0.0156,34,0.369,1
4.2462,1,2,1098.7056,2400.9373,0,0.0,0.0,0.0,13,14,0.9803,0.1293,85,0.8063,0
0.337,0,5,29.8488,8.8922,1,0.0,0.0,0.0,474,271,0.9777,0.0253,44,0.3184,1
5.458,0,0,369.8014,6439.184,0,0.0,0.0,0.0,18,11,0.9039,0.0428,174,0.9909,0
5.0246,0,2,1485.7003,4387.7221,0,0.0,0.0,0.0,16,10,0.9147,0.115,177,0.8115,0
1.9365,0,1,342.1398,493.3279,2,0.0,3.0,7.0,34,40,0.8241,0.0667,124,0.618,3
0.2533,0,0,56.637,1.8162,1,0.0,0.0,0.0,356,218,0.9132,0.0556,7,0.1371,1
7.172,1,1,582.5406,2445.8094,0,0.0,0.0,0.0,17,11,0.9738,0.0973,243,0.7698,0
4.3258,0,1,295.2485,642.4857,0,0.0,4.0,4.0,105,39,0.8807,0.0773,161,0.6051,3
0.448,1,0,84.3095,9.2571,1,0.0,0.0,0.0,420,223,0.9773,0.0637,19,0.3046,1
0.2463,0,0,31.1228,9.844,0,1.0,0.0,0.0,477,457,0.8966,0.0013,27,0.3547,1
0.4221,0,0,53.786,3.3495,1,0.0,0.0,0.0,322,481,0.8921,0.0741,35,0.332,1
1.6003,2,0,691.6929,6314.6543,0,0.0,0.0,0.0,13,14,0.7923,0.0438,90,0.832,0
0.2148,0,2,52.3945,20.1667,2,0.0,0.0,0.0,159,10,0.244,0.9797,17,0.1221,2
0.7557,1,0,52.4384,27.5796,1,0.0,0.0,0.0,263,6,0.1438,0.9412,6,0.1756,2
6.1536,0,0,870.2738,1503.2788,0,0.0,0.0,0.0,14,12,0.9441,0.1406,207,0.851,0
0.2185,0,3,10.4469,3.7576,1,0.0,0.0,0.0,287,265,0.9088,0.0876,7,0.1923,1
5.7512,0,0,1345.1608,2743.4704,0,0.0,0.0,0.0,17,11,0.9879,0.1097,180,0.9217,0
0.3322,0,3,36.4765,0.6991,2,0.0,0.0,0.0,151,10,0.2041,0.8624,14,0.07,2
0.0142,1,1,57.1016,14.6326,1,0.0,0.0,0.0,108,8,0.0347,0.929,7,0.0737,2
0.8581,0,3,15.4361,8.1092,2,0.0,0.0,0.0,225,7,0.1326,0.9296,16,0.0836,2
0.0137,0,0,51.8119,8.2847,1,0.0,0.0,0.0,493,261,0.8555,0.0629,48,0.1536,1
0.2331,2,2,50.1346,10.2274,1,0.0,0.0,0.0,269,2,0.0384,0.7557,24,0.0163,2
0.3731,0,5,154.0082,1.1835,1,0.0,0.0,0.0,444,276,0.9361,0.0164,30,0.1235,1
2.4768,0,3,1457.0323,2098.6982,0,0.0,0.0,0.0,7,12,0.8593,0.0389,170,0.9258,0
5.9374,0,1,187.8001,684.7395,0,0.0,2.0,4.0,105,127,0.9656,0.0628,81,0.8988,3
0.3965,1,2,35.5077,15.1639,3,0.0,0.0,0.0,144,3,0.1255,0.9697,21,0.1932,2
2.3695,0,0,594.5066,2223.7077,0,0.0,0.0,0.0,16,13,0.9737,0.1369,173,0.8918,0
0.7644,0,1,57.6514,26.2388,2,0.0,0.0,0.0,160,4,0.1784,0.9211,2,0.1069,2
2.0944,0,2,424.8733,437.2075,1,0.0,3.0,3.0,45,31,0.916,0.0829,67,0.8286,3
0.1077,0,3,42.1012,24.6793,2,0.0,0.0,0.0,189,10,0.0895,0.8113,24,0.0308,2
2.0156,0,1,525.3403,451.144,0,0.0,5.0,7.0,101,126,0.9287,0.0708,127,0.7096,3
8.459,0,1,553.1631,770.2992,0,0.0,4.0,5.0,128,41,0.8093,0.0546,163,0.7848,3
0.2966,0,2,255.3594,584.791,1,0.0,4.0,5.0,38,123,0.8476,0.0165,147,0.7451,3
0.09,0,0,16.4113,8.3276,1,0.0,0.0,0.0,467,401,0.9075,0.0055,26,0.3483,1
0.823,2,4,26.4986,23.1594,2,0.0,0.0,0.0,243,1,0.2336,0.7883,15,0.0812,2
0.4746,0,0,487.9388,0.0625,1,0.0,0.0,0.0,346,364,0.9708,0.0168,12,0.1673,1
0.5923,0,2,170.7773,334.8735,0,0.0,1.0,3.0,126,70,0.8502,0.0966,144,0.9108,3
7.3833,0,1,312.4045,231.9343,0,0.0,4.0,4.0,75,54,0.9578,0.0819,167,0.6381,3
0.3994,1,3,57.2576,1.1753,3,0.0,0.0,0.0,268,507,0.9164,0.0469,46,0.1298,1
0.9362,0,0,4.05,5.3637,1,0.0,0.0,0.0,84,4,0.1188,0.8294,9,0.0715,2
3.4486,0,1,544.9501,569.1601,0,0.0,1.0,2.0,60,122,0.9535,0.0443,135,0.8985,3
0.3847,0,0,41.8315,20.8785,1,0.0,0.0,0.0,165,7,0.1773,0.9031,11,0.1542,2
0.1946,0,0,57.73,7.7022,1,3.0,0.0,0.0,429,491,0.8999,0.0947,17,0.3841,1
0.5518,0,1,328.7814,217.8081,2,0.0,3.0,7.0,116,65,0.8257,0.0286,145,0.6885,3
9.8638,0,0,1082.9686,5730.6559,0,0.0,0.0,0.0,9,15,0.9106,0.1273,150,0.8378,0
1.065,0,2,49.6385,10.7052,2,0.0,0.0,0.0,237,6,0.0197,0.776,4,0.138,2
0.4955,0,0,49.9005,9.4787,1,0.0,0.0,0.0,335,330,0.884,0.0336,5,0.1926,1
1.3707,0,2,191.3172,719.5258,0,0.0,3.0,4.0,109,39,0.8906,0.0756,65,0.7075,3
0.6114,1,0,3.7297,26.0849,1,0.0,0.0,0.0,151,9,0.2078,0.8966,24,0.1214,2
0.498,1,3,22.6602,7.1136,1,0.0,0.0,0.0,461,359,0.9432,0.0543,21,0.112,1
0.3398,0,0,39.772,1.182,1,0.0,0.0,0.0,411,361,0.8558,0.0545,8,0.3741,1
0.8333,1,0,59.4942,27.2142,2,0.0,0.0,0.0,91,14,0.1842,0.9918,12,0.169,2
4.925,0,2,300.2525,325.9227,0,0.0,5.0,7.0,146,103,0.9105,0.0269,163,0.7381,3
0.1981,1,1,1.4443,9.7585,2,0.0,0.0,0.0,252,1,0.1172,0.8631,15,0.0597,2
0.3163,0,0,40.3954,6.4575,1,0.0,0.0,0.0,493,353,0.9808,0.0958,30,0.1913,1
0.4546,2,0,63.9118,29.937,1,0.0,0.0,0.0,143,12,0.2152,0.9401,18,0.1433,2
0.3343,0,0,3.6485,9.7014,1,3.0,0.0,0.0,484,347,0.953,0.0666,30,0.118,1
0.3019,2,2,31.8263,22.9103,1,0.0,0.0,0.0,135,14,0.2444,0.9536,1,0.0168,2
5.8537,0,1,1149.4011,2498.4682,0,0.0,0.0,0.0,12,15,0.9727,0.0085,207,0.8493,0
42.1445,0,4,152.8934,2568.3368,0,0.0,0.0,0.0,13,15,0.9853,0.0498,73,0.9729,0
1.9964,0,1,460.7026,289.0078,0,0.0,3.0,2.0,100,66,0.8405,0.0284,41,0.8958,3
10.3631,0,1,593.4368,290.7281,2,0.0,2.0,7.0,114,108,0.8701,0.0672,86,0.8614,3
0.2506,0,1,245.6133,444.9057,0,0.0,5.0,7.0,102,78,0.8623,0.0826,132,0.8315,3
1.1758,0,1,223.9975,514.2868,0,0.0,4.0,3.0,95,73,0.9058,0.0081,89,0.8945,3
14.308,0,0,2238.9197,4093.3491,0,0.0,0.0,0.0,10,13,0.7651,0.0431,107,0.8025,0
10.8424,0,1,384.9585,388.0079,0,0.0,1.0,7.0,79,70,0.8428,0.0393,47,0.7733,3
1.119,0,2,33.4051,6.8168,2,0.0,0.0,0.0,252,4,0.1607,0.915,1,0.1565,2
9.3431,0,3,343.5206,2528.4742,0,0.0,0.0,0.0,9,8,0.9575,0.0422,187,0.8753,0
0.1462,0,4,2.4602,29.8278,1,0.0,0.0,0.0,247,3,0.0865,0.7836,18,0.0752,2
0.405,0,0,175.2648,5.7691,3,0.0,0.0,0.0,394,300,0.9747,0.042,36,0.3199,1
0.9626,1,0,761.2057,4200.9776,0,0.0,0.0,0.0,14,10,0.9153,0.1498,61,0.7772,0
0.0617,0,2,31.8067,0.8171,1,0.0,0.0,0.0,95,2,0.0919,0.8701,13,0.1799,2
0.6876,0,2,53.1586,31.916,0,0.0,0.0,0.0,215,11,0.156,0.9221,17,0.0349,2
0.3826,1,3,187.3077,4280.1624,0,0.0,0.0,0.0,15,16,0.8035,0.0079,179,0.7032,0
4.0323,0,1,477.4451,488.809,2,0.0,4.0,3.0,112,79,0.9491,0.0883,151,0.7969,3
0.0496,0,0,213.4292,9.0804,1,0.0,0.0,0.0,319,229,0.9499,0.0397,28,0.3388,1
2.4181,0,1,472.8636,239.5691,0,0.0,3.0,2.0,143,42,0.9857,0.0005,143,0.8845,3
4.8047,1,0,894.6445,2339.8723,0,0.0,0.0,0.0,16,11,0.9231,0.0299,184,0.8162,0
1.5257,0,1,350.2163,630.7048,0,0.0,2.0,4.0,57,132,0.9266,0.0507,124,0.8014,3
0.4745,0,0,110.1313,0.8148,1,0.0,0.0,0.0,427,235,0.941,0.0204,28,0.2417,1
3.478,0,0,557.0074,2793.1928,0,0.0,0.0,0.0,12,15,0.819,0.1012,62,0.8895,0
1.8689,0,1,320.3719,362.5875,0,0.0,3.0,4.0,37,123,0.923,0.0343,96,0.9025,3
8.1904,0,1,439.2823,681.5552,0,0.0,5.0,5.0,43,139,0.8806,0.0846,45,0.8665,3
0.2096,0,1,159.2128,717.4158,2,0.0,4.0,4.0,116,26,0.8284,0.0807,106,0.8615,3
0.8572,1,1,41.77,20.7538,2,0.0,0.0,0.0,251,2,0.0871,0.9773,7,0.142,2
10.3814,0,0,1166.2268,4357.494,0,0.0,0.0,0.0,11,16,0.9217,0.1429,173,0.9081,0
0.147,0,0,51.9725,4.8578,1,0.0,0.0,0.0,325,367,0.8884,0.0115,13,0.3009,1
1.8872,0,1,488.293,562.474,0,0.0,3.0,4.0,115,93,0.9684,0.0964,96,0.6156,3
1.7883,0,3,213.056,3764.2391,0,0.0,0.0,0.0,16,8,0.9692,0.0714,225,0.9865,0
0.1716,1,0,46.1096,14.8853,2,0.0,0.0,0.0,99,4,0.2356,0.9599,11,0.1899,2
0.6856,1,2,14.268,4.5617,2,0.0,0.0,0.0,278,3,0.1154,0.9201,15,0.1338,2
0.398,0,5,28.9576,6.0007,1,0.0,0.0,0.0,410,272,0.8959,0.0454,23,0.3672,1
3.3887,0,1,263.712,626.9794,1,0.0,5.0,2.0,67,68,0.8946,0.066,74,0.6013,3
0.1483,0,0,87.0446,8.7125,1,0.0,0.0,0.0,286,343,0.8649,0.0883,35,0.1466,1
0.1089,1,0,148.0759,8.667,2,0.0,0.0,0.0,426,245,0.9599,0.014,2,0.332,1
0.1602,0,3,14.6679,7.3434,1,3.0,0.0,0.0,375,396,0.8834,0.0563,40,0.3566,1
1.7366,1,0,1442.7341,1124.5088,0,0.0,0.0,0.0,9,12,0.8043,0.0405,160,0.7556,0
0.4013,0,1,348.9093,407.3583,2,0.0,5.0,6.0,125,92,0.9639,0.0873,194,0.8692,3
0.0672,1,3,36.1238,4.8382,1,0.0,0.0,0.0,252,214,0.8725,0.0177,32,0.1448,1
1.5487,0,1,349.7087,728.414,0,0.0,2.0,4.0,142,91,0.9221,0.0638,90,0.866,3
1.3992,0,1,559.6239,631.9311,1,0.0,4.0,3.0,142,90,0.9859,0.0607,191,0.6581,3
1.0678,0,0,8.344,12.7445,1,0.0,0.0,0.0,140,8,0.0999,0.9477,4,0.0591,2
0.5856,1,2,3.9534,4.5141,2,0.0,0.0,0.0,151,1,0.2026,0.79,23,0.0841,2
18.8295,0,5,677.2438,745.0133,0,0.0,0.0,0.0,17,4,0.7894,0.0209,253,0.7946,0
5.9551,0,2,718.7169,2744.7527,0,0.0,0.0,0.0,9,17,0.8436,0.1066,235,0.9265,0
0.0688,0,2,19.8453,24.4073,2,0.0,0.0,0.0,207,10,0.0507,0.9224,6,0.0357,2
5.8294,0,1,570.9999,231.2118,0,0.0,3.0,5.0,113,83,0.9549,0.0912,41,0.6458,3
0.9602,0,4,34.9329,24.4397,2,0.0,0.0,0.0,236,12,0.0369,0.9714,15,0.012,2
8.4822,0,0,1145.6499,3820.0764,1,0.0,0.0,0.0,11,9,0.9754,0.1309,85,0.8192,0
7.4174,0,1,438.5895,627.0322,1,0.0,3.0,6.0,85,122,0.8042,0.042,79,0.6871,3
0.2035,0,0,19.9372,9.9177,1,0.0,0.0,0.0,489,380,0.8994,0.0315,40,0.319,1
0.3097,0,1,384.8545,299.4543,2,0.0,2.0,2.0,143,31,0.9914,0.0599,100,0.9308,3
0.2308,0,0,687.9496,4952.2759,0,0.0,0.0,0.0,10,5,0.9542,0.0057,91,0.8765,0
2.6843,0,2,191.3864,588.1333,0,0.0,3.0,7.0,97,69,0.9435,0.0889,74,0.6136,3
0.0368,1,0,8.1342,5.6368,1,0.0,0.0,0.0,283,231,0.9055,0.0577,31,0.1739,1
0.2723,1,1,14.2599,9.7158,2,0.0,0.0,0.0,138,1,0.1463,0.7838,1,0.0508,2
0.2589,0,0,170.2006,1.2474,2,0.0,0.0,0.0,346,296,0.9764,0.0183,38,0.2257,1
0.0538,0,0,27.8042,3.1362,1,3.0,0.0,0.0,279,236,0.8778,0.0041,5,0.1643,1
0.6078,1,3,49.6603,1.6276,2,0.0,0.0,0.0,254,9,0.2098,0.9535,15,0.0243,2
10.9841,0,1,478.6854,4603.6721,0,0.0,0.0,0.0,14,14,0.9462,0.1088,108,0.8657,0
0.4562,0,2,56.1743,4.7858,2,0.0,0.0,0.0,106,14,0.2048,0.8905,7,0.0819,2
2.6388,0,0,751.2758,4767.5745,0,0.0,0.0,0.0,16,13,0.9439,0.1299,186,0.9145,0
0.0844,0,0,104.6897,7.5268,1,0.0,0.0,0.0,366,219,0.8847,0.026,46,0.133,1
5.4267,2,3,1684.5564,3712.3814,0,0.0,0.0,0.0,14,12,0.754,0.0258,157,0.7696,0
0.2925,1,3,15.4882,0.7365,1,0.0,0.0,0.0,252,428,0.9493,0.0301,11,0.3089,1
0.6582,0,2,33.7724,0.9101,3,0.0,0.0,0.0,267,11,0.1971,0.8027,11,0.0927,2
13.6047,0,1,317.1127,402.7477,1,0.0,1.0,6.0,138,117,0.8303,0.0786,41,0.8176,3
1.2533,0,2,298.7356,567.1091,0,0.0,2.0,4.0,58,104,0.9678,0.0581,137,0.7267,3
0.4504,0,1,580.117,308.562,0,0.0,2.0,6.0,55,92,0.8687,0.0573,50,0.7987,3
0.9364,2,2,1.4864,0.6333,0,0.0,0.0,0.0,105,2,0.0778,0.8895,9,0.0527,2
7.5389,2,0,783.5085,2914.9807,0,0.0,0.0,0.0,9,12,0.9451,0.1459,50,0.8301,0
0.2875,0,0,25.2939,8.5912,3,0.0,0.0,0.0,441,212,0.9999,0.0572,32,0.118,1
0.332,0,4,0.6642,17.0634,2,0.0,0.0,0.0,165,10,0.1728,0.8743,7,0.0785,2
0.2996,0,0,194.1769,9.9271,1,0.0,0.0,0.0,264,410,0.8612,0.0344,9,0.3142,1
1.36,0,1,419.8644,544.4703,0,0.0,5.0,4.0,134,55,0.8473,0.019,191,0.6048,3
8.5277,0,2,189.0273,692.5485,0,0.0,2.0,6.0,110,66,0.9611,0.033,85,0.6201,3
0.0913,0,0,62.084,7.1213,1,0.0,0.0,0.0,320,253,0.8832,0.092,2,0.3261,1
0.3608,1,4,37.2768,15.882,1,0.0,0.0,0.0,147,13,0.1865,0.7554,3,0.0438,2
0.8114,0,0,1385.6284,4771.9443,0,0.0,0.0,0.0,14,5,0.9591,0.143,134,0.7585,0
5.6829,0,2,543.8453,2666.1601,0,0.0,0.0,0.0,12,7,0.7708,0.1182,227,0.972,0
0.5014,0,4,59.2015,14.1712,3,0.0,0.0,0.0,253,10,0.1728,0.9893,20,0.1282,2
4.0148,0,2,549.9645,643.528,2,0.0,2.0,2.0,146,43,0.8374,0.066,47,0.6174,3
0.0476,0,4,14.4071,28.9344,1,0.0,0.0,0.0,180,4,0.0975,0.8519,7,0.1699,2
0.4387,0,0,174.9047,2.2821,1,0.0,0.0,0.0,429,509,0.9718,0.0582,29,0.3263,1
1.3401,0,1,317.4868,321.2376,0,0.0,5.0,4.0,124,136,0.8953,0.0889,181,0.912,3
0.5901,2,0,36.8981,30.5983,0,0.0,0.0,0.0,104,12,0.176,0.9218,21,0.1625,2
0.0206,1,3,135.288,4.6026,3,1.0,0.0,0.0,329,393,0.9332,0.0067,9,0.3295,1
13.0064,0,5,556.4009,1018.2706,0,0.0,0.0,0.0,10,8,0.8913,0.0067,162,0.8229,0
2.6189,0,1,404.4393,763.0828,2,0.0,3.0,6.0,120,75,0.9691,0.0931,106,0.7599,3
7.7742,0,1,179.4077,725.4217,1,0.0,5.0,2.0,53,47,0.804,0.0251,40,0.757,3
0.1999,0,4,61.2366,17.9911,2,0.0,0.0,0.0,190,10,0.0905,0.8652,12,0.0567,2
0.2077,0,0,41.5965,5.5484,1,3.0,0.0,0.0,471,258,0.9676,0.0588,14,0.3855,1
1.6653,0,1,257.7319,560.039,0,0.0,3.0,6.0,88,105,0.9313,0.0259,66,0.7765,3
2.0979,0,1,441.3337,271.996,0,0.0,1.0,4.0,78,110,0.8181,0.0844,60,0.7264,3
1.4359,0,1,179.1023,355.2581,0,0.0,2.0,3.0,109,122,0.9044,0.0233,49,0.8769,3
0.0787,1,1,46.1154,21.2085,0,0.0,0.0,0.0,180,5,0.0808,0.9967,6,0.0827,2
0.5332,0,1,414.0881,572.329,0,0.0,1.0,6.0,91,89,0.8608,0.0664,148,0.6677,3
0.2923,0,3,42.1634,1.817,1,1.0,0.0,0.0,335,378,0.8594,0.0376,32,0.2616,1
9.4466,0,2,313.3149,343.5797,0,0.0,5.0,2.0,116,114,0.9463,0.0415,185,0.8118,3
0.4635,0,0,82.7431,6.4029,1,0.0,0.0,0.0,475,258,0.9512,0.0538,40,0.2686,1
0.7461,0,5,20.4494,22.4284,2,0.0,0.0,0.0,133,12,0.1395,0.9002,15,0.0935,2
0.4212,0,2,481.0018,585.9078,1,0.0,5.0,5.0,112,114,0.893,0.0593,87,0.9092,3
4.5412,0,1,323.3674,538.6037,1,0.0,5.0,2.0,148,123,0.986,0.0578,171,0.8813,3
39.3966,0,2,723.0614,1840.3173,0,0.0,0.0,0.0,14,13,0.7706,0.0263,114,0.7444,0
9.3086,1,0,1617.5689,3724.0571,0,0.0,0.0,0.0,7,15,0.9651,0.0153,131,0.9755,0
2.8103,0,1,336.5182,672.6292,0,0.0,2.0,6.0,92,44,0.9498,0.0157,41,0.684,3
1.8904,0,1,331.497,704.165,0,0.0,1.0,3.0,149,47,0.9492,0.0824,150,0.7792,3
1.6669,0,2,207.9239,430.4244,2,0.0,4.0,6.0,118,46,0.9546,0.0898,121,0.8514,3
1.6413,0,1,416.1835,414.3929,0,0.0,3.0,4.0,79,109,0.9627,0.0703,141,0.8708,3
0.4648,0,5,145.7254,5.7372,1,0.0,0.0,0.0,271,236,0.929,0.0453,2,0.214,1
0.0133,0,0,120.0601,0.0373,1,0.0,0.0,0.0,379,363,0.9915,0.0838,45,0.3574,1
2.8966,0,0,117.5996,8261.9469,0,0.0,0.0,0.0,12,10,0.9857,0.1116,191,0.7351,0
11.9114,0,1,327.3463,678.7137,1,0.0,2.0,2.0,118,79,0.9709,0.0328,49,0.8371,3
0.2439,1,4,21.7966,14.2993,1,0.0,0.0,0.0,150,5,0.1304,0.8586,22,0.143,2
0.0552,0,0,26.6573,1.7147,1,0.0,0.0,0.0,365,422,0.974,0.091,1,0.1614,1
0.4808,1,3,50.2527,29.8026,0,0.0,0.0,0.0,283,13,0.0328,0.8973,16,0.0635,2
0.7721,0,2,50.0682,1.7948,2,0.0,0.0,0.0,241,7,0.097,0.9084,19,0.1733,2
0.4426,0,0,12.0512,1.1702,2,0.0,0.0,0.0,374,344,0.9486,0.0134,13,0.1427,1
32.6941,0,2,470.7287,211.7933,0,0.0,2.0,3.0,117,55,0.9532,0.027,191,0.7868,3
2.0509,0,4,1215.1895,4516.405,0,0.0,0.0,0.0,8,9,0.8432,0.0074,79,0.7288,0
12.1337,0,0,2267.7277,5426.2603,0,0.0,0.0,0.0,15,14,0.8167,0.0892,96,0.9347,0
0.4582,2,0,162.3552,2.5185,1,0.0,0.0,0.0,298,235,0.9151,0.0181,34,0.2797,1
2.8227,0,1,337.2861,520.3958,1,0.0,2.0,7.0,95,106,0.8006,0.0386,65,0.9052,3
0.1997,0,3,33.7266,5.3826,1,0.0,0.0,0.0,391,380,0.9606,0.0562,4,0.121,1
25.224,0,0,380.1785,7527.4596,2,0.0,0.0,0.0,26,9,0.9105,0.0867,125,0.8986,0
11.335,1,0,812.7491,3408.2142,0,0.0,0.0,0.0,15,11,0.754,0.0846,235,0.8433,0
6.424,0,1,307.2384,485.8252,0,0.0,1.0,7.0,78,103,0.8019,0.0681,142,0.7181,3
0.8587,0,3,38.9999,26.9692,1,0.0,0.0,0.0,89,7,0.1968,0.8986,24,0.0133,2
0.4662,1,5,43.4704,3.3199,1,0.0,0.0,0.0,90,3,0.2435,0.7633,15,0.0551,2
1.1438,0,2,536.7959,396.0183,1,0.0,5.0,2.0,92,58,0.815,0.0181,111,0.6806,3
0.8917,1,4,47.0572,13.9099,2,0.0,0.0,0.0,230,8,0.1186,0.7823,1,0.1444,2
0.0745,2,0,25.6299,5.3374,2,0.0,0.0,0.0,360,282,0.8734,0.0465,44,0.1951,1
4.9992,0,0,234.4271,3972.4462,0,0.0,0.0,0.0,9,10,0.8461,0.0339,223,0.9576,0
16.1,0,0,1692.0897,8469.4753,0,0.0,0.0,0.0,8,4,0.9864,0.0474,214,0.7359,0
41.9459,0,0,647.7369,3241.9513,1,0.0,0.0,0.0,15,13,0.9779,0.1081,180,0.9006,0
0.0272,0,3,38.9591,0.9763,1,0.0,0.0,0.0,460,302,0.865,0.0767,36,0.1623,1
58.7879,0,0,586.926,2794.0233,0,0.0,0.0,0.0,12,11,0.9622,0.0256,160,0.7477,0
3.9577,0,1,389.3216,311.1881,0,0.0,3.0,7.0,128,102,0.8462,0.0128,114,0.6644,3
16.9556,0,0,224.3453,1724.8585,0,0.0,0.0,0.0,19,4,0.8955,0.1261,65,0.9325,0
0.3389,0,3,483.6799,3802.1146,0,0.0,0.0,0.0,12,15,0.8938,0.0135,235,0.7876,0
0.2633,0,3,11.3981,2.5617,2,3.0,0.0,0.0,254,302,0.981,0.0967,9,0.2071,1
0.5987,0,2,191.057,367.2392,0,0.0,2.0,7.0,77,94,0.8784,0.0305,59,0.7086,3
9.4514,0,4,848.2359,1780.4311,2,0.0,0.0,0.0,17,8,0.877,0.0384,62,0.9127,0
1.1426,0,1,52.3439,10.7397,2,0.0,0.0,0.0,283,13,0.1955,0.8785,22,0.0921,2
0.4309,0,2,20.6525,23.484,1,0.0,0.0,0.0,116,13,0.2393,0.9653,7,0.1103,2
0.2352,0,0,42.2853,22.1475,1,0.0,0.0,0.0,100,8,0.1265,0.8538,2,0.0854,2
0.4328,0,0,53.7615,1.6805,3,0.0,0.0,0.0,325,511,0.9132,0.0058,14,0.1521,1
0.6718,1,1,54.8468,12.885,1,0.0,0.0,0.0,95,10,0.1434,0.9764,17,0.0961,2
0.237,0,2,621.4358,5837.4418,0,0.0,0.0,0.0,20,7,0.809,0.017,71,0.9316,0
0.5725,0,2,302.8237,421.0738,0,0.0,3.0,3.0,87,53,0.9892,0.0944,81,0.6339,3
1.2133,0,0,49.2257,3569.713,3,0.0,0.0,0.0,15,9,0.9274,0.1428,111,0.8176,0
2.5849,0,5,930.8466,3670.4191,0,0.0,0.0,0.0,10,10,0.8648,0.0704,243,0.818,0
3.2514,0,2,565.5793,231.2864,0,0.0,4.0,5.0,90,35,0.8911,0.0418,135,0.7134,3
1.9701,0,1,358.2146,375.2397,2,0.0,3.0,6.0,63,72,0.8306,0.0902,143,0.9345,3
16.0664,0,2,662.0643,3927.3551,0,0.0,0.0,0.0,15,11,0.8278,0.1211,148,0.8546,0
0.4528,0,0,63.5188,5.0954,1,0.0,0.0,0.0,362,435,0.9236,0.0511,28,0.2462,1
0.6868,0,1,42.3624,8.5547,2,0.0,0.0,0.0,256,11,0.0244,0.9062,22,0.1979,2
0.8181,0,3,17.6796,0.6611,2,0.0,0.0,0.0,107,3,0.2139,0.8786,23,0.1723,2
0.6725,1,5,25.6822,19.4062,2,0.0,0.0,0.0,216,3,0.2201,0.9317,24,0.1299,2
1.7626,0,2,345.9442,553.3159,2,0.0,4.0,7.0,31,123,0.8301,0.0079,163,0.8103,3
2.1933,1,0,1270.4803,1243.9778,0,0.0,0.0,0.0,15,12,0.9881,0.0369,246,0.8262,0
2.9639,0,1,344.5668,353.5025,1,0.0,3.0,6.0,64,95,0.9673,0.0207,60,0.7237,3
8.133,0,1,369.4485,685.7805,0,0.0,4.0,5.0,117,98,0.9407,0.0313,147,0.8687,3
0.2048,0,3,22.1719,1.6994,1,0.0,0.0,0.0,298,287,0.8845,0.0197,19,0.2795,1
0.0806,0,0,13.2417,0.9497,2,0.0,0.0,0.0,320,382,0.8983,0.0708,24,0.2776,1
0.304,1,0,15.5589,2.3909,1,0.0,0.0,0.0,498,404,0.9975,0.0546,43,0.2405,1
6.526,0,0,549.7788,6633.6185,0,0.0,0.0,0.0,19,13,0.9432,0.009,248,0.8505,0
3.2152,1,0,1346.5103,3944.613,3,0.0,0.0,0.0,8,7,0.798,0.0142,177,0.9192,0
0.2569,0,0,34.5431,3.373,0,0.0,0.0,0.0,354,476,0.9855,0.0745,21,0.2125,1
1.1747,0,1,18.6409,17.1269,2,0.0,0.0,0.0,91,8,0.1213,0.7759,8,0.0896,2
0.2341,0,5,69.9356,9.0944,2,0.0,0.0,0.0,481,257,0.9974,0.0589,33,0.1787,1
8.0873,0,1,316.5433,303.7544,0,0.0,1.0,7.0,71,101,0.9813,0.084,139,0.7628,3
5.5015,0,2,329.3532,686.4272,0,0.0,3.0,6.0,128,134,0.9752,0.0204,40,0.907,3
0.7885,0,2,29.4088,14.262,1,0.0,0.0,0.0,118,11,0.1402,0.9153,6,0.0492,2
0.4148,1,0,93.7994,7.4178,2,0.0,0.0,0.0,340,509,0.8765,0.0858,32,0.343,1
0.316,0,0,20.795,1.6241,1,1.0,0.0,0.0,259,263,0.9754,0.0815,21,0.1488,1
24.5918,0,0,109.5772,2042.1841,0,0.0,0.0,0.0,14,10,0.7987,0.086,107,0.7124,0
1.6113,0,0,780.9731,2200.9206,0,0.0,0.0,0.0,13,14,0.844,0.0719,138,0.9595,0
0.1413,0,0,54.9988,9.383,1,0.0,0.0,0.0,265,419,0.9717,0.0276,11,0.2939,1
0.7387,0,1,375.3216,649.0134,0,0.0,4.0,6.0,71,45,0.9399,0.0646,69,0.6504,3
0.3954,0,3,701.0706,4712.8496,0,0.0,0.0,0.0,13,11,0.7927,0.0096,237,0.9205,0
0.95,1,3,30.9138,29.085,2,0.0,0.0,0.0,174,14,0.1047,0.9985,5,0.1606,2
3.0844,0,0,267.0806,3702.4359,0,0.0,0.0,0.0,8,11,0.7959,0.056,191,0.9066,0
1.701,0,1,594.9401,434.2478,0,0.0,4.0,6.0,95,36,0.9009,0.0132,83,0.6255,3
0.984,0,1,52.427,15.3672,2,0.0,0.0,0.0,243,5,0.103,0.9684,6,0.1961,2
0.7314,1,3,16.2676,6.2517,2,0.0,0.0,0.0,141,2,0.109,0.8054,9,0.0335,2
0.2528,0,1,181.2204,364.3075,0,0.0,4.0,7.0,125,120,0.8594,0.0643,62,0.8145,3
1.8708,0,1,263.6302,287.1148,0,0.0,2.0,7.0,71,78,0.8612,0.0858,128,0.8809,3
0.2078,0,0,57.9106,8.2599,2,0.0,0.0,0.0,497,352,0.882,0.0522,41,0.2569,1
8.9658,0,1,267.5227,282.8924,2,0.0,1.0,4.0,54,39,0.9756,0.0429,99,0.8833,3
9.7601,0,1,342.1807,757.6599,0,0.0,4.0,4.0,91,85,0.9886,0.0547,49,0.9012,3
6.8733,0,1,485.1646,430.5921,0,0.0,4.0,6.0,47,99,0.918,0.0867,121,0.7659,3
0.0444,1,1,58.0434,11.2783,1,0.0,0.0,0.0,251,6,0.2148,0.9775,24,0.17,2
0.1923,1,0,72.7697,7.3686,3,0.0,0.0,0.0,423,334,0.9604,0.0897,47,0.1986,1
0.4496,0,0,16.1757,2.8476,1,0.0,0.0,0.0,387,215,0.9349,0.0813,28,0.2061,1
2.9181,0,1,407.8173,361.4257,2,0.0,1.0,2.0,40,67,0.812,0.0703,116,0.8091,3
0.68,1,3,0.3201,17.0253,1,0.0,0.0,0.0,124,7,0.1463,0.7852,16,0.028,2
6.4151,0,1,512.7336,558.8129,1,0.0,3.0,2.0,84,130,0.9923,0.0196,146,0.7684,3
0.1483,0,5,4.494,7.9336,1,1.0,0.0,0.0,464,268,0.8998,0.0871,10,0.1235,1
0.6143,0,2,568.6601,1696.3624,0,0.0,0.0,0.0,12,6,0.8336,0.1185,200,0.9366,0
5.1897,0,0,591.0555,1974.0861,0,0.0,0.0,0.0,12,14,0.967,0.0079,249,0.9796,0
0.1908,0,0,55.3429,4.9177,2,0.0,0.0,0.0,492,466,0.9006,0.0057,34,0.1677,1
0.2632,0,1,9.3214,5.5564,2,0.0,0.0,0.0,84,8,0.0348,0.8231,23,0.1643,2
14.712,1,3,897.103,8087.4885,0,0.0,0.0,0.0,13,14,0.9154,0.0135,149,0.9924,0
1.963,0,1,258.6084,289.5219,2,0.0,1.0,2.0,104,95,0.9481,0.0024,188,0.8302,3
0.4676,0,0,63.0969,29.7669,2,0.0,0.0,0.0,95,14,0.0908,0.8353,13,0.1856,2
5.6474,2,0,631.8753,3430.5553,0,0.0,0.0,0.0,14,10,0.8664,0.0654,178,0.761,0
0.6182,1,1,57.4101,19.3685,1,0.0,0.0,0.0,86,6,0.0152,0.8063,17,0.0632,2
0.7156,1,5,19.184,4.6383,1,0.0,0.0,0.0,176,6,0.0692,0.9788,21,0.1782,2
27.2055,0,2,431.8741,2706.986,0,0.0,0.0,0.0,11,8,0.7568,0.0652,111,0.8996,0
13.4989,0,0,1519.5274,4225.3611,0,0.0,0.0,0.0,8,10,0.9485,0.0207,219,0.7366,0
55.4268,0,4,786.8621,4798.3561,0,0.0,0.0,0.0,10,10,0.8206,0.1337,208,0.8522,0
0.55,2,2,60.6269,14.3456,2,0.0,0.0,0.0,156,7,0.0306,0.7694,19,0.1241,2
5.9676,0,1,566.3674,712.6577,2,0.0,3.0,5.0,93,112,0.9901,0.0469,54,0.6035,3
17.4683,0,2,787.9495,4212.6672,0,0.0,0.0,0.0,10,7,0.9807,0.0732,181,0.7926,0
0.8718,1,2,782.4922,5863.3993,0,0.0,0.0,0.0,12,12,0.7686,0.0387,97,0.7483,0
0.8702,0,1,449.9004,383.5632,0,0.0,5.0,5.0,96,134,0.8332,0.0126,186,0.657,3
0.1177,1,3,54.51,2.0285,0,0.0,0.0,0.0,108,6,0.0749,0.8257,10,0.0811,2
0.0457,0,0,2.511,1.609,1,1.0,0.0,0.0,255,229,0.924,0.0567,8,0.2189,1
0.6439,0,1,10.5137,19.5561,1,0.0,0.0,0.0,131,11,0.216,0.7569,8,0.0725,2
8.2182,1,0,550.5837,3503.3135,0,0.0,0.0,0.0,14,13,0.8152,0.055,244,0.9419,0
4.0899,0,1,246.4439,399.8949,2,0.0,4.0,2.0,119,60,0.9673,0.0086,147,0.8824,3
4.7876,0,0,312.9151,2072.8693,0,0.0,0.0,0.0,17,10,0.8117,0.0217,235,0.7199,0
0.6783,2,0,27.8483,22.5238,2,0.0,0.0,0.0,170,12,0.0789,0.9486,14,0.0398,2
0.1673,1,0,181.5757,4.6594,1,0.0,0.0,0.0,460,356,0.8711,0.0645,1,0.2444,1
0.3592,0,1,550.7862,393.2314,0,0.0,4.0,2.0,32,67,0.8984,0.0742,95,0.9455,3
0.2918,0,0,103.8819,4.0356,3,0.0,0.0,0.0,446,264,0.9397,0.0188,6,0.1353,1
1.3833,0,0,89.7952,1451.1026,0,0.0,0.0,0.0,12,13,0.9211,0.0778,233,0.7042,0
1.0312,0,1,38.3713,1.6682,2,0.0,0.0,0.0,283,10,0.2323,0.961,12,0.1385,2
8.2049,0,2,504.6856,795.8038,2,0.0,5.0,4.0,93,28,0.851,0.1,149,0.844,3
6.3842,0,1,272.4809,771.6307,0,0.0,4.0,5.0,84,28,0.8479,0.0162,148,0.7897,3
0.8404,0,2,3.6436,1.8788,1,0.0,0.0,0.0,110,13,0.072,0.8662,16,0.1844,2
1.5431,0,1,279.5258,645.3484,0,0.0,3.0,4.0,141,89,0.9864,0.0918,157,0.6472,3
16.1435,0,0,576.5674,2734.3235,0,0.0,0.0,0.0,12,14,0.8761,0.0486,249,0.9606,0
10.6361,0,1,415.4534,258.0444,0,0.0,1.0,7.0,43,106,0.8059,0.0914,164,0.7264,3
1.0922,1,0,48.3387,0.6939,1,0.0,0.0,0.0,280,10,0.1277,0.9893,13,0.1326,2
0.5083,0,4,14.3449,1.2724,2,0.0,0.0,0.0,103,14,0.1623,0.7624,20,0.1849,2
0.4988,0,2,430.7654,355.4518,0,0.0,1.0,6.0,35,72,0.9414,0.0165,64,0.9331,3
0.6177,0,1,463.5079,794.7774,2,0.0,4.0,7.0,124,35,0.8035,0.0845,128,0.8451,3
12.4941,0,1,400.5264,568.2592,0,0.0,5.0,2.0,78,93,0.902,0.0774,180,0.773,3
9.5658,0,1,2009.7549,3743.6808,0,0.0,0.0,0.0,16,8,0.9875,0.0074,233,0.7268,0
4.5664,0,1,543.6721,787.8544,0,0.0,2.0,3.0,131,46,0.828,0.0889,199,0.7646,3
4.5329,0,1,581.2224,381.464,0,0.0,3.0,3.0,66,81,0.9159,0.0514,150,0.8009,3
0.5885,1,4,56.1781,26.379,2,0.0,0.0,0.0,131,13,0.0276,0.9457,8,0.1468,2
0.4884,1,2,46.0978,14.3704,2,0.0,0.0,0.0,83,14,0.1849,0.8202,22,0.0818,2
1.8581,0,2,207.1018,507.0772,0,0.0,2.0,5.0,75,121,0.8829,0.0238,168,0.676,3
7.5925,0,2,401.1383,534.5607,1,0.0,3.0,4.0,34,135,0.8946,0.0702,48,0.7298,3
0.0777,0,0,80.9251,6.558,2,1.0,0.0,0.0,362,242,0.8869,0.0214,46,0.1298,1
1.0629,0,0,0.0709,24.1689,0,0.0,0.0,0.0,163,8,0.1536,0.8081,14,0.0311,2
2.3966,0,1,199.6517,249.7655,0,0.0,2.0,7.0,52,78,0.8618,0.0203,135,0.6824,3
5.2684,0,1,173.5304,282.3017,0,0.0,2.0,4.0,107,43,0.9966,0.0212,102,0.9139,3
0.4623,0,0,76.8324,5.2713,1,0.0,0.0,0.0,391,247,0.8702,0.084,9,0.3634,1
0.8372,0,1,314.0151,491.1139,0,0.0,4.0,5.0,46,56,0.8002,0.055,76,0.796,3
0.3762,0,3,20.5851,0.5816,3,0.0,0.0,0.0,426,259,0.9966,0.0904,36,0.2221,1
8.7013,0,3,317.8316,2922.6287,0,0.0,0.0,0.0,13,17,0.9015,0.0497,180,0.7697,0
0.254,0,0,194.0354,2.6965,1,0.0,0.0,0.0,345,322,0.8717,0.0807,41,0.1815,1
0.299,0,3,206.5142,1.9336,1,0.0,0.0,0.0,258,287,0.9995,0.0706,29,0.2406,1
0.1601,1,4,39.1111,11.9768,2,0.0,0.0,0.0,139,8,0.1893,0.8128,15,0.038,2
0.7165,0,4,31.7034,23.1197,2,0.0,0.0,0.0,265,5,0.0259,0.8738,18,0.0572,2
0.0327,0,1,25.3098,9.5133,1,0.0,0.0,0.0,146,5,0.2418,0.9512,4,0.0149,2
0.6322,0,1,566.1762,570.1516,0,0.0,4.0,6.0,106,77,0.895,0.0689,49,0.7517,3
0.0842,0,0,86.295,3.5294,2,0.0,0.0,0.0,474,408,0.9099,0.0337,7,0.301,1
21.0518,0,1,524.7407,671.5974,2,0.0,5.0,2.0,98,49,0.8753,0.0301,88,0.7416,3
0.2891,0,3,57.1006,5.58,1,1.0,0.0,0.0,333,419,0.9004,0.0911,15,0.3421,1
0.2177,0,3,31.1717,5.642,2,0.0,0.0,0.0,347,492,0.8651,0.0895,47,0.2245,1
0.1441,1,5,50.7214,27.3417,2,0.0,0.0,0.0,94,9,0.03,0.8763,8,0.1557,2
0.7874,0,3,44.9969,3.8738,1,0.0,0.0,0.0,248,10,0.112,0.8956,8,0.1142,2
11.1994,0,0,983.4868,3631.0541,0,0.0,0.0,0.0,12,10,0.7946,0.0824,201,0.8472,0
0.2126,0,0,29.57,2.6788,2,0.0,0.0,0.0,384,282,0.8806,0.0085,8,0.1639,1
0.3974,0,0,22.3565,5.6517,2,1.0,0.0,0.0,298,312,0.8658,0.0315,29,0.2038,1
2.9759,0,3,812.5631,4260.4642,0,0.0,0.0,0.0,15,11,0.9914,0.0166,179,0.7129,0
0.2901,0,0,14.6209,6.9701,1,0.0,0.0,0.0,463,282,0.9421,0.0545,39,0.3144,1
0.2421,0,0,21.834,2.3221,1,0.0,0.0,0.0,346,353,0.9984,0.0054,13,0.2556,1
0.0111,1,2,11.0296,14.7087,2,0.0,0.0,0.0,196,5,0.1389,0.7865,3,0.0279,2
6.9144,0,2,171.1505,350.6503,2,0.0,3.0,7.0,110,89,0.8991,0.0105,111,0.836,3
9.3879,0,1,179.6707,370.0074,0,0.0,4.0,3.0,84,31,0.9779,0.0148,135,0.6394,3
5.9681,0,1,488.191,393.0467,2,0.0,5.0,4.0,90,39,0.8705,0.0446,131,0.891,3
0.2035,1,4,45.6661,9.3015,1,0.0,0.0,0.0,80,10,0.1157,0.9253,24,0.1571,2
0.4707,0,2,31.0372,10.6004,2,0.0,0.0,0.0,224,11,0.0723,0.9269,19,0.0641,2
0.4588,0,3,48.006,3.5176,1,0.0,0.0,0.0,254,418,0.9846,0.0802,37,0.1383,1
0.8894,0,2,309.6962,545.701,2,0.0,4.0,3.0,40,55,0.9646,0.0462,55,0.9496,3
2.363,0,1,428.444,575.6474,0,0.0,3.0,4.0,35,27,0.8238,0.0326,61,0.7428,3
26.2225,0,2,928.2838,1775.9199,0,0.0,0.0,0.0,13,19,0.8493,0.0868,152,0.8268,0
0.4459,2,0,29.2672,2.3106,1,0.0,0.0,0.0,258,274,0.9658,0.0349,45,0.3279,1
6.9292,0,1,443.1726,320.5212,0,0.0,1.0,6.0,107,44,0.9599,0.0379,117,0.9409,3
1.6109,0,1,549.7935,623.5786,0,0.0,4.0,2.0,88,114,0.8896,0.017,165,0.8869,3
0.2137,0,0,27.2692,2.1454,1,0.0,0.0,0.0,436,318,0.9237,0.0802,49,0.1806,1
0.0223,0,0,38.3259,0.1075,1,0.0,0.0,0.0,270,357,0.9815,0.0669,48,0.1599,1
4.0208,0,1,519.5543,475.218,0,0.0,3.0,3.0,61,38,0.9399,0.0667,116,0.8309,3
6.2617,0,1,556.6618,508.5393,0,0.0,3.0,6.0,62,60,0.9204,0.0593,120,0.7622,3
1.7039,0,1,539.6369,596.5357,0,0.0,4.0,4.0,136,69,0.9846,0.0079,144,0.6454,3
20.0208,0,0,812.1397,6598.8474,0,0.0,0.0,0.0,13,12,0.8512,0.1112,64,0.9513,0
0.1839,2,0,62.6968,6.112,1,0.0,0.0,0.0,405,258,0.912,0.0368,29,0.3065,1
14.8199,0,1,306.8302,574.3999,0,0.0,3.0,3.0,50,38,0.963,0.0774,168,0.8614,3
0.1437,0,4,9.8693,0.9482,2,0.0,0.0,0.0,265,6,0.0775,0.7546,20,0.0632,2
10.8346,0,1,309.8753,429.8838,0,0.0,4.0,3.0,111,38,0.8727,0.0944,52,0.842,3
0.1664,0,1,489.9151,4587.7742,0,0.0,0.0,0.0,12,12,0.7823,0.1233,107,0.8979,0
0.6739,1,3,48.7357,11.2538,2,0.0,0.0,0.0,211,2,0.1572,0.9924,20,0.0126,2
1.093,2,0,34.1433,3.3998,2,0.0,0.0,0.0,186,13,0.2313,0.7943,22,0.1386,2
1.05,0,1,549.012,428.8569,2,0.0,3.0,7.0,44,101,0.8782,0.0555,166,0.6012,3
1.1537,0,0,57.0074,11.2591,1,0.0,0.0,0.0,91,6,0.1287,0.989,17,0.125,2
0.9367,0,0,2141.29,2599.1515,0,0.0,0.0,0.0,13,10,0.8522,0.1006,223,0.7434,0
0.2704,0,0,3.6149,0.3596,1,0.0,0.0,0.0,470,427,0.9262,0.066,49,0.1959,1
9.705,0,2,791.6844,5765.9347,0,0.0,0.0,0.0,10,15,0.8653,0.1322,205,0.875,0
18.0853,0,0,1369.7022,2479.9475,0,0.0,0.0,0.0,16,9,0.9126,0.0515,104,0.7098,0
1.1926,0,1,248.4207,241.4492,0,0.0,4.0,3.0,84,114,0.9454,0.0574,93,0.9375,3
5.0804,0,1,349.1086,309.9248,0,0.0,1.0,2.0,118,45,0.892,0.0845,108,0.6704,3
2.7031,0,1,259.2642,309.0938,1,0.0,2.0,3.0,67,107,0.8685,0.0781,140,0.827,3
0.1479,0,0,55.6143,2.8692,3,0.0,0.0,0.0,444,307,0.9231,0.0567,10,0.3508,1
0.2619,0,3,57.9743,26.626,1,0.0,0.0,0.0,226,10,0.0924,0.8667,14,0.0147,2
0.1118,1,0,18.5331,18.5797,2,0.0,0.0,0.0,170,13,0.1131,0.9744,5,0.0645,2
12.4257,0,5,476.8145,3114.8171,0,0.0,0.0,0.0,16,10,0.8385,0.0524,129,0.7905,0
0.0622,1,3,24.8679,6.1668,3,0.0,0.0,0.0,390,353,0.8878,0.0226,27,0.1635,1
0.4723,0,0,40.6971,7.3034,1,3.0,0.0,0.0,361,209,0.9282,0.0193,45,0.2789,1
0.6869,2,3,32.7892,4.906,2,0.0,0.0,0.0,111,3,0.0741,0.753,19,0.173,2
15.6868,0,0,1438.7672,2785.0214,0,0.0,0.0,0.0,15,12,0.9525,0.0648,147,0.898,0
4.2619,0,1,569.1407,220.7341,2,0.0,1.0,6.0,113,90,0.8574,0.063,41,0.6263,3
2.1513,0,1,550.8513,494.5923,0,0.0,5.0,4.0,71,41,0.8893,0.065,105,0.8395,3
1.1638,0,4,420.0774,3117.1463,0,0.0,0.0,0.0,17,15,0.8002,0.0625,253,0.708,0
0.815,0,0,567.6442,5545.6371,0,0.0,0.0,0.0,11,10,0.7774,0.0997,97,0.7013,0
0.3018,0,3,87.0152,9.0301,1,0.0,0.0,0.0,437,319,0.8694,0.0444,5,0.377,1
0.5368,0,4,61.206,5.2611,2,0.0,0.0,0.0,217,11,0.2372,0.9757,3,0.176,2
8.3804,0,0,662.8892,4517.4427,0,0.0,0.0,0.0,15,11,0.8537,0.0269,124,0.8189,0
19.7783,0,0,712.8113,2238.2709,0,0.0,0.0,0.0,15,16,0.9465,0.1483,147,0.7768,0
1.3817,0,1,599.4422,313.9625,0,0.0,1.0,6.0,109,57,0.8927,0.0058,138,0.7429,3
13.3799,0,2,440.0214,317.4399,0,0.0,4.0,4.0,63,48,0.8002,0.0573,47,0.7332,3
0.0767,0,0,107.1175,7.1059,1,0.0,0.0,0.0,344,376,0.9139,0.0633,33,0.2884,1
0.3932,0,0,36.8834,7.1906,0,0.0,0.0,0.0,429,324,0.9658,0.0079,20,0.2709,1
0.7526,0,1,54.6256,21.3905,2,0.0,0.0,0.0,86,2,0.2242,0.9269,2,0.0853,2
15.0939,0,0,820.1341,8458.6396,1,0.0,0.0,0.0,10,18,0.769,0.0547,71,0.9397,0
0.0264,0,3,16.4449,24.2348,1,0.0,0.0,0.0,146,9,0.1023,0.8798,9,0.0846,2
11.6057,0,0,1337.3281,2889.0106,2,0.0,0.0,0.0,11,17,0.7811,0.1467,181,0.7581,0
1.0704,1,2,63.4845,8.3931,1,0.0,0.0,0.0,154,11,0.2177,0.996,11,0.0207,2
7.3735,1,1,766.9544,7840.2358,0,0.0,0.0,0.0,11,7,0.7612,0.064,173,0.9927,0
52.9616,0,0,794.3177,2481.2137,0,0.0,0.0,0.0,13,7,0.9849,0.1369,160,0.8881,0
0.3905,0,1,24.8004,16.2007,1,0.0,0.0,0.0,276,11,0.1969,0.7901,18,0.1731,2
1.4526,0,0,747.7663,1731.9494,0,0.0,0.0,0.0,11,9,0.9654,0.0253,81,0.7975,0
0.4325,1,0,41.7275,6.6768,0,0.0,0.0,0.0,427,505,0.9327,0.0434,8,0.3902,1
0.6612,0,4,42.9992,13.3744,1,0.0,0.0,0.0,214,3,0.1761,0.8517,17,0.1963,2
3.5988,0,2,157.1294,362.5179,0,0.0,2.0,6.0,73,131,0.9233,0.0673,43,0.7839,3
0.2946,1,0,36.2615,1.8407,1,0.0,0.0,0.0,436,258,0.9904,0.023,20,0.1284,1
0.479,0,0,161.4064,2.126,1,0.0,0.0,0.0,417,231,0.8787,0.0196,35,0.2603,1
0.282,2,2,16.7972,5.3453,1,0.0,0.0,0.0,205,9,0.0944,0.8539,13,0.1031,2
0.4482,0,2,182.5828,432.2547,1,0.0,2.0,6.0,53,117,0.9103,0.0599,121,0.7263,3
0.7623,0,3,29.2126,7.2118,1,0.0,0.0,0.0,184,2,0.2166,0.8433,19,0.0765,2
0.0795,0,3,79.1418,6.7199,1,0.0,0.0,0.0,457,378,0.9523,0.0011,11,0.2333,1
0.6161,0,0,58.1652,2365.6642,0,0.0,0.0,0.0,17,14,0.8055,0.0741,213,0.756,0
0.7023,0,3,19.0089,27.607,2,0.0,0.0,0.0,246,4,0.0774,0.9239,1,0.0219,2
0.4134,0,0,79.0532,6.0783,0,0.0,0.0,0.0,428,433,0.9023,0.0008,29,0.3004,1
11.1133,0,0,1641.671,2918.1554,0,0.0,0.0,0.0,16,11,0.8732,0.0486,86,0.8145,0
0.2902,0,0,22.5267,6.3843,1,0.0,0.0,0.0,420,207,0.961,0.062,44,0.2806,1
0.5518,1,3,37.4933,21.8521,1,0.0,0.0,0.0,239,4,0.1406,0.8401,10,0.1185,2
1.0624,0,1,445.1939,668.5179,0,0.0,1.0,5.0,74,94,0.8813,0.0286,41,0.8643,3
1.9087,0,2,301.2997,720.7103,0,0.0,3.0,2.0,98,80,0.8706,0.094,135,0.9234,3
0.2378,0,0,94.7108,6.476,1,0.0,0.0,0.0,338,248,0.9694,0.0937,48,0.3022,1
0.051,0,3,28.1233,5.5725,1,0.0,0.0,0.0,361,279,0.8964,0.0329,13,0.276,1
4.7687,0,1,576.9621,288.3948,0,0.0,3.0,3.0,68,104,0.9448,0.0804,131,0.8178,3
1.3063,0,2,386.3787,384.2226,0,0.0,5.0,2.0,71,42,0.8894,0.0776,60,0.72,3
0.2728,0,4,39.5908,7.2496,2,0.0,0.0,0.0,230,14,0.0736,0.9741,12,0.0784,2
2.9506,0,1,442.3972,257.9648,1,0.0,5.0,7.0,83,136,0.9543,0.0565,107,0.9363,3
0.316,0,2,25.6777,9.8606,1,0.0,0.0,0.0,205,9,0.0704,0.8029,11,0.1019,2
10.664,0,0,48.899,479.3494,2,0.0,0.0,0.0,10,10,0.9201,0.0216,59,0.8949,0
3.4042,0,0,298.0446,5507.9914,0,0.0,0.0,0.0,16,10,0.7824,0.0194,116,0.9585,0
0.9871,0,5,1046.7898,3174.5543,0,0.0,0.0,0.0,10,11,0.9726,0.0808,251,0.7713,0
0.0484,0,0,56.8996,8.0603,1,0.0,0.0,0.0,399,299,0.859,0.0641,1,0.3506,1
13.3168,1,0,1197.5344,5178.355,0,0.0,0.0,0.0,12,6,0.9123,0.0146,56,0.8106,0
1.0872,0,4,15.5736,11.7297,0,0.0,0.0,0.0,187,1,0.0425,0.867,11,0.0595,2
19.928,0,5,121.6816,3682.8767,0,0.0,0.0,0.0,13,15,0.8942,0.0011,63,0.9596,0
0.5059,0,1,206.8216,523.7184,0,0.0,5.0,2.0,61,104,0.9416,0.0928,142,0.8593,3
20.2069,0,0,651.4583,983.292,0,0.0,0.0,0.0,5,12,0.9168,0.1056,176,0.7772,0
0.4189,1,3,126.5862,0.9735,1,0.0,0.0,0.0,384,409,0.9885,0.0995,21,0.3001,1
0.2224,0,5,126.8716,4.8282,1,0.0,0.0,0.0,452,417,0.9991,0.0728,18,0.1317,1
4.2011,0,1,487.4579,638.6727,0,0.0,4.0,6.0,113,131,0.8191,0.0276,186,0.8826,3
0.2155,0,0,88.4552,0.0715,1,0.0,0.0,0.0,307,373,0.853,0.0219,14,0.2437,1
1.2036,0,5,1128.0509,5003.4044,0,0.0,0.0,0.0,10,13,0.8716,0.1308,133,0.9331,0
0.5865,0,2,9.7424,25.6902,1,0.0,0.0,0.0,106,9,0.1987,0.8765,3,0.1596,2
0.3819,1,5,13.4066,2.7152,1,0.0,0.0,0.0,229,1,0.1081,0.9417,15,0.0899,2
0.0109,1,0,115.6306,5.7671,1,0.0,0.0,0.0,322,248,0.8849,0.0614,34,0.3705,1
0.4646,0,0,28.4908,6.746,1,1.0,0.0,0.0,255,261,0.865,0.0612,2,0.3957,1
0.1481,0,0,21.4738,0.5669,1,1.0,0.0,0.0,297,217,0.8864,0.0402,4,0.2516,1
0.0948,2,3,20.3438,10.0216,1,0.0,0.0,0.0,173,8,0.2475,0.8555,7,0.1989,2
2.1607,0,1,214.0453,252.9276,0,0.0,2.0,4.0,31,135,0.9691,0.0799,142,0.8191,3
44.6631,0,0,137.3197,2277.1546,1,0.0,0.0,0.0,12,10,0.9358,0.1028,181,0.8428,0
0.6042,0,0,54.0983,7.7398,1,0.0,0.0,0.0,81,14,0.1634,0.8038,22,0.0934,2
1.0813,0,5,51.1361,14.4406,1,0.0,0.0,0.0,83,9,0.0951,0.8326,1,0.0394,2
6.2032,1,2,482.6462,2290.2798,0,0.0,0.0,0.0,24,11,0.7634,0.0868,64,0.9896,0
1.5528,0,1,272.7866,621.1754,0,0.0,3.0,5.0,58,47,0.9155,0.0719,55,0.791,3
7.5066,0,1,487.026,459.9147,0,0.0,3.0,6.0,62,137,0.9654,0.0533,42,0.7497,3
0.2772,0,5,67.0967,5.6911,1,0.0,0.0,0.0,258,471,0.9377,0.0578,45,0.1814,1
1.2905,0,0,1213.3669,2128.9812,0,0.0,0.0,0.0,8,12,0.859,0.0453,153,0.7211,0
4.6211,0,1,541.5143,362.9824,2,0.0,4.0,3.0,127,70,0.8932,0.0708,54,0.7186,3
0.1581,1,2,17.4774,7.8945,1,0.0,0.0,0.0,266,12,0.0517,0.8017,1,0.0885,2
0.2588,0,3,31.6578,23.5604,1,0.0,0.0,0.0,221,10,0.0148,0.8797,19,0.152,2
3.5722,0,1,205.3582,401.38,0,0.0,3.0,3.0,32,25,0.84,0.0007,87,0.7937,3
39.4841,1,0,1277.6846,6113.4348,0,0.0,0.0,0.0,7,11,0.8657,0.0235,85,0.8321,0
0.6299,0,2,52.4094,26.1251,2,0.0,0.0,0.0,146,12,0.1943,0.9693,1,0.0806,2
1.0437,1,3,36.1351,2.7092,1,0.0,0.0,0.0,230,4,0.1191,0.8828,13,0.1961,2
4.5336,0,1,313.3199,245.0093,0,0.0,1.0,7.0,41,52,0.9731,0.0586,70,0.6062,3
0.8338,0,1,275.6027,451.516,0,0.0,3.0,6.0,96,110,0.8995,0.0035,148,0.7585,3
5.2485,0,1,1001.2799,3680.8354,0,0.0,0.0,0.0,7,8,0.7899,0.0387,232,0.7925,0
0.621,0,4,5.487,7.4275,2,0.0,0.0,0.0,97,13,0.1621,0.8453,10,0.1399,2
0.276,0,3,21.3051,6.4173,1,0.0,0.0,0.0,403,247,0.9694,0.0452,29,0.218,1
0.4532,0,2,251.6874,274.9098,0,0.0,5.0,6.0,94,42,0.9972,0.0678,78,0.8626,3
0.0413,1,3,20.3038,31.9574,1,0.0,0.0,0.0,218,4,0.2165,0.7957,9,0.1264,2
0.5207,1,0,30.565,22.3579,2,0.0,0.0,0.0,212,10,0.1585,0.7887,13,0.1553,2
6.0159,0,4,573.3825,7615.672,0,0.0,0.0,0.0,18,10,0.932,0.0314,172,0.7206,0
11.4565,2,0,1392.0637,3913.8988,0,0.0,0.0,0.0,14,12,0.8399,0.1493,232,0.9047,0
19.8135,0,4,367.2235,4799.2502,0,0.0,0.0,0.0,4,11,0.8234,0.0898,238,0.7021,0
1.0056,0,0,39.1003,3.2129,0,0.0,0.0,0.0,255,10,0.2141,0.7927,20,0.1055,2
0.3918,2,0,103.1614,4.6564,1,0.0,0.0,0.0,309,419,0.9939,0.0498,30,0.1381,1
0.1636,0,3,60.2373,8.8489,1,0.0,0.0,0.0,412,310,0.9937,0.0565,24,0.1856,1
2.63,0,1,219.5766,451.294,2,0.0,4.0,6.0,86,86,0.9239,0.021,152,0.7905,3
0.0896,0,0,107.3437,7.5692,1,0.0,0.0,0.0,363,423,0.9321,0.087,22,0.25,1
4.0525,0,1,271.6791,706.4631,0,0.0,3.0,5.0,66,86,0.8443,0.0185,105,0.6296,3
0.5199,0,0,1108.4802,4959.8173,2,0.0,0.0,0.0,18,13,0.9107,0.059,245,0.8974,0
0.2294,2,0,42.1679,9.8758,1,0.0,0.0,0.0,280,489,0.8623,0.0659,25,0.1647,1
0.4615,0,5,99.1854,0.2836,1,0.0,0.0,0.0,251,222,0.8502,0.0265,38,0.2351,1
0.468,0,0,52.6482,4.7328,2,1.0,0.0,0.0,495,383,0.9219,0.0958,45,0.1736,1
0.3376,1,3,57.1008,2.6127,1,0.0,0.0,0.0,460,489,0.9206,0.0669,42,0.2213,1
0.06,0,3,31.4722,31.6176,2,0.0,0.0,0.0,173,3,0.0248,0.9098,13,0.0841,2
0.9482,2,0,58.8291,0.4166,1,0.0,0.0,0.0,228,7,0.0701,0.8777,16,0.0453,2
42.1427,0,0,517.8531,3780.5054,0,0.0,0.0,0.0,10,17,0.778,0.0176,203,0.9034,0
0.8433,0,3,29.856,17.0356,3,0.0,0.0,0.0,214,4,0.1949,0.7746,18,0.1566,2
1.4578,1,0,1286.6234,3179.7765,0,0.0,0.0,0.0,13,8,0.8251,0.0919,130,0.7743,0
2.0143,0,0,352.5415,5247.2292,0,0.0,0.0,0.0,9,12,0.7716,0.0898,178,0.8999,0
0.3143,1,3,115.2286,9.1254,3,0.0,0.0,0.0,348,410,0.8765,0.0422,2,0.2242,1
0.2098,0,5,66.1769,9.6648,1,3.0,0.0,0.0,476,256,0.9203,0.0081,16,0.1632,1
0.4132,1,0,27.2834,4.8865,1,0.0,0.0,0.0,508,340,0.8577,0.0276,7,0.2653,1
23.8697,1,0,761.5756,2018.0277,0,0.0,0.0,0.0,15,11,0.9017,0.1241,177,0.9508,0
0.2922,0,5,76.1331,5.7106,0,0.0,0.0,0.0,444,236,0.9806,0.0308,16,0.1145,1
0.0563,0,0,126.1005,4.0706,1,0.0,0.0,0.0,250,305,0.9167,0.0256,16,0.3912,1
11.1904,0,0,726.2591,1899.3035,0,0.0,0.0,0.0,13,12,0.9777,0.0495,134,0.9336,0
0.3031,0,0,26.2283,2.3946,2,0.0,0.0,0.0,509,489,0.8642,0.0334,6,0.3909,1
0.3691,0,0,90.9727,0.8273,1,0.0,0.0,0.0,457,478,0.8608,0.0868,8,0.3046,1
0.1757,0,0,78.8443,3.2441,1,0.0,0.0,0.0,333,215,0.854,0.0472,40,0.1696,1
0.9316,2,0,62.3989,15.985,3,0.0,0.0,0.0,281,7,0.2484,0.8204,8,0.1898,2
25.2664,1,0,481.4037,4276.2961,1,0.0,0.0,0.0,15,14,0.8392,0.1034,71,0.7017,0
1.0631,0,1,17.7096,0.8164,1,0.0,0.0,0.0,291,8,0.1813,0.9169,3,0.0566,2
42.1436,0,0,1741.1376,6211.773,0,0.0,0.0,0.0,15,11,0.8554,0.103,78,0.7069,0
0.21,0,0,101.081,8.7597,1,0.0,0.0,0.0,252,225,0.9788,0.0715,19,0.3372,1
0.1557,0,0,47.648,0.6977,3,0.0,0.0,0.0,305,231,0.9738,0.0839,47,0.1896,1
4.2856,1,0,208.916,3728.7373,0,0.0,0.0,0.0,7,12,0.8581,0.0158,251,0.8131,0
0.8498,0,2,541.4681,513.2876,0,0.0,3.0,4.0,144,56,0.9915,0.0276,49,0.6577,3
3.4569,0,1,369.3388,706.4432,0,0.0,5.0,3.0,107,28,0.962,0.0462,143,0.6352,3
0.9813,1,2,27.2671,22.7313,1,0.0,0.0,0.0,176,8,0.0873,0.8255,2,0.0998,2
17.6157,0,1,238.16,369.0028,0,0.0,5.0,2.0,147,92,0.9824,0.0849,106,0.7304,3
1.3488,0,1,384.3335,618.1716,0,0.0,5.0,6.0,62,101,0.9747,0.0969,137,0.7476,3
0.3251,0,0,104.0372,5.7614,1,0.0,0.0,0.0,454,291,0.8634,0.0108,23,0.2017,1
2.4129,0,0,1079.6826,4287.851,0,0.0,0.0,0.0,14,11,0.8015,0.114,202,0.7399,0
12.2754,0,1,278.3913,656.992,2,0.0,5.0,4.0,144,100,0.8107,0.035,177,0.7817,3
0.1557,0,0,259.9809,3416.229,0,0.0,0.0,0.0,15,7,0.8863,0.0186,183,0.7866,0
28.867,0,0,1875.4182,7137.0754,0,0.0,0.0,0.0,16,11,0.7829,0.0922,67,0.8672,0
0.4581,0,5,27.6391,0.5515,3,0.0,0.0,0.0,399,426,0.9604,0.0686,28,0.2069,1
2.0434,0,1,181.4308,302.5688,0,0.0,3.0,4.0,34,66,0.8302,0.0434,197,0.6209,3
0.4166,0,2,279.7848,538.9439,2,0.0,2.0,6.0,140,120,0.821,0.0901,182,0.7214,3
0.9332,0,5,1341.222,5821.2822,0,0.0,0.0,0.0,10,10,0.8333,0.0729,57,0.8881,0
2.5568,0,0,305.5725,3298.8078,1,0.0,0.0,0.0,14,17,0.7687,0.0368,102,0.8481,0
1.0165,1,4,12.8857,4.8331,1,0.0,0.0,0.0,136,7,0.0263,0.8019,11,0.1474,2
0.6443,0,4,52.4382,21.3472,3,0.0,0.0,0.0,161,12,0.0346,0.925,23,0.1057,2
2.0844,0,3,228.0133,3359.4275,0,0.0,0.0,0.0,19,12,0.8018,0.1047,170,0.7192,0
32.1136,0,3,963.3297,3225.852,0,0.0,0.0,0.0,9,16,0.91,0.0469,130,0.9199,0
0.4532,1,1,26.4013,30.7278,2,0.0,0.0,0.0,193,2,0.0273,0.9874,9,0.0757,2
0.2619,0,0,104.4047,7.8563,1,0.0,0.0,0.0,318,388,0.9279,0.0406,8,0.3924,1
2.8298,0,1,184.9417,538.2898,2,0.0,1.0,4.0,77,62,0.9905,0.0487,187,0.9113,3
5.6642,0,0,1526.754,2833.2059,0,0.0,0.0,0.0,12,9,0.9472,0.0635,107,0.7947,0
2.391,0,2,538.0618,393.8999,0,0.0,5.0,6.0,56,25,0.8676,0.0572,137,0.7954,3
0.4664,1,0,87.7531,3.6364,1,0.0,0.0,0.0,365,305,0.9206,0.0641,34,0.22,1
3.34,0,1,341.5192,775.7686,2,0.0,5.0,6.0,127,126,0.9048,0.0244,72,0.8164,3
8.5145,0,1,372.2205,421.8786,1,0.0,4.0,5.0,137,136,0.9328,0.062,118,0.751,3
1.0506,1,2,43.4777,23.2584,0,0.0,0.0,0.0,117,1,0.0939,0.9194,1,0.0262,2
4.7803,0,1,583.0896,291.5727,0,0.0,2.0,2.0,43,126,0.8867,0.052,114,0.8034,3
0.3985,2,0,196.4241,4.0335,1,0.0,0.0,0.0,285,226,0.9521,0.0404,25,0.1789,1
2.5335,0,1,358.4313,544.9336,0,0.0,4.0,7.0,131,119,0.9446,0.0909,144,0.6852,3
1.8322,0,1,361.0934,3243.8627,0,0.0,0.0,0.0,19,18,0.9446,0.1127,68,0.7916,0
1.1473,0,0,30.3654,27.402,2,0.0,0.0,0.0,170,10,0.1002,0.7664,12,0.05,2
1.7309,0,1,438.3686,311.5783,0,0.0,2.0,3.0,30,100,0.91,0.0223,85,0.7833,3
0.4798,0,3,36.6021,2.0433,1,0.0,0.0,0.0,327,210,0.9866,0.0098,33,0.3011,1
0.1023,0,3,28.1476,4.2871,1,0.0,0.0,0.0,379,325,0.8981,0.0457,9,0.1315,1
0.4545,0,0,62.8196,6.9966,1,0.0,0.0,0.0,335,222,0.9027,0.0137,14,0.2073,1
4.0683,0,2,169.9566,676.9194,0,0.0,5.0,3.0,59,118,0.9397,0.0235,165,0.7944,3
18.8106,0,0,469.493,5279.5084,0,0.0,0.0,0.0,10,8,0.8404,0.0367,230,0.7132,0
2.8767,0,1,298.9937,274.0887,0,0.0,4.0,7.0,37,137,0.9027,0.0163,101,0.7202,3
0.5659,0,0,28.5356,26.8375,2,0.0,0.0,0.0,225,1,0.2343,0.9314,10,0.1109,2
7.2167,0,1,476.4811,536.9722,0,0.0,4.0,4.0,30,53,0.9863,0.0255,155,0.7416,3
1.0236,0,3,29.1199,13.9627,2,0.0,0.0,0.0,131,11,0.0846,0.7891,20,0.061,2
0.3754,0,1,48.4943,7.3964,2,0.0,0.0,0.0,109,10,0.0189,0.8188,4,0.1726,2
1.6751,0,2,272.8844,698.8868,1,0.0,3.0,3.0,122,40,0.9988,0.0269,76,0.791,3
14.0925,0,3,560.7988,6029.8257,0,0.0,0.0,0.0,15,10,0.9747,0.0857,193,0.8402,0
5.611,0,1,395.2435,550.6019,0,0.0,1.0,5.0,67,123,0.9289,0.0856,167,0.9214,3
2.0074,0,1,150.0454,723.7817,0,0.0,3.0,2.0,90,117,0.8552,0.0792,119,0.8733,3
1.61,0,1,151.078,637.4118,0,0.0,3.0,6.0,135,127,0.9737,0.0259,142,0.8763,3
2.7189,0,1,474.7302,472.4162,0,0.0,5.0,5.0,118,71,0.998,0.083,105,0.901,3
0.4058,0,2,20.696,23.5605,1,0.0,0.0,0.0,272,1,0.1797,0.9205,20,0.0221,2
0.4819,0,3,102.1356,5.2096,1,0.0,0.0,0.0,373,441,0.9873,0.0069,35,0.3977,1
0.1483,0,0,34.2912,9.3118,1,0.0,0.0,0.0,445,382,0.993,0.0842,46,0.1452,1
1.1445,1,0,45.8998,26.3756,1,0.0,0.0,0.0,186,11,0.0394,0.8725,9,0.1988,2
0.2101,1,0,178.7667,8.3367,0,0.0,0.0,0.0,339,456,0.991,0.0143,3,0.2825,1
16.7188,0,0,735.4753,10254.0743,0,0.0,0.0,0.0,13,9,0.7793,0.1061,136,0.793,0
0.3621,0,1,46.2898,11.6663,1,0.0,0.0,0.0,289,2,0.1388,0.8434,4,0.094,2
3.4484,0,0,480.2644,7133.6067,0,0.0,0.0,0.0,16,19,0.8438,0.1407,111,0.9941,0
2.4948,0,1,451.1173,657.612,0,0.0,2.0,5.0,149,46,0.8759,0.0284,49,0.8184,3
0.794,1,0,21.5302,14.363,1,0.0,0.0,0.0,231,10,0.0286,0.9944,12,0.1263,2
0.2462,0,0,557.8162,3724.9754,0,0.0,0.0,0.0,13,17,0.8672,0.115,180,0.8337,0
14.7728,0,0,1142.6289,1587.4851,0,0.0,0.0,0.0,12,9,0.9583,0.057,83,0.7346,0
0.1837,1,0,1001.6693,2984.1157,0,0.0,0.0,0.0,7,9,0.9402,0.0281,220,0.9475,0
15.9512,1,1,237.5429,3275.8289,0,0.0,0.0,0.0,15,13,0.8088,0.0939,211,0.7552,0
0.5941,0,1,372.2155,278.0917,0,0.0,2.0,6.0,148,35,0.8665,0.001,177,0.8115,3
0.9066,1,1,22.0157,7.2353,2,0.0,0.0,0.0,204,4,0.2447,0.8813,4,0.0658,2
23.33,0,0,649.6753,2266.3205,0,0.0,0.0,0.0,14,10,0.9829,0.1024,170,0.9317,0
0.1116,0,0,14.1669,1.7757,0,1.0,0.0,0.0,411,412,0.8861,0.079,1,0.2335,1
3.3628,0,1,459.735,328.5128,2,0.0,4.0,3.0,51,36,0.8798,0.0565,175,0.9157,3
0.9064,0,3,24.7991,4.747,2,0.0,0.0,0.0,188,5,0.1584,0.9966,6,0.0749,2
0.859,0,4,29.2996,13.7942,1,0.0,0.0,0.0,124,7,0.147,0.763,8,0.0125,2
3.5381,0,1,559.5802,279.2392,0,0.0,5.0,4.0,123,89,0.9241,0.038,44,0.7072,3
1.1613,2,5,43.8581,29.6879,1,0.0,0.0,0.0,214,9,0.1388,0.8145,2,0.1804,2
0.5751,0,2,473.0805,528.4856,0,0.0,5.0,6.0,84,84,0.8089,0.0645,48,0.6136,3
0.0052,0,0,81.7051,0.969,1,1.0,0.0,0.0,380,447,0.8535,0.0083,41,0.3421,1
4.9085,0,2,351.7035,459.1964,0,0.0,4.0,5.0,126,28,0.8224,0.0483,176,0.6705,3
3.9363,0,4,690.5227,1605.6565,1,0.0,0.0,0.0,22,9,0.8021,0.0651,77,0.8247,0
0.0393,0,0,18.3959,6.2901,1,0.0,0.0,0.0,409,201,0.8731,0.0065,3,0.3498,1
0.2685,0,1,166.4521,412.72,2,0.0,3.0,2.0,68,58,0.9563,0.0497,178,0.7359,3
1.0923,2,0,19.5806,9.1003,0,0.0,0.0,0.0,280,6,0.0232,0.7527,4,0.1427,2
0.448,0,1,339.1683,258.2814,2,0.0,3.0,7.0,88,136,0.9421,0.0644,128,0.6559,3
14.3808,0,1,353.4963,313.1668,0,0.0,5.0,3.0,70,37,0.9945,0.0119,62,0.6024,3
2.5625,0,0,1506.557,3947.9199,0,0.0,0.0,0.0,12,5,0.9011,0.086,90,0.8544,0
0.0861,0,0,47.6027,7.5693,1,0.0,0.0,0.0,476,344,0.9575,0.0889,41,0.2793,1
0.2499,0,0,76.5737,6.3118,1,0.0,0.0,0.0,279,203,0.9208,0.0287,28,0.3324,1
8.4542,0,1,1333.7792,1450.3777,0,0.0,0.0,0.0,14,12,0.9356,0.0118,118,0.8911,0
0.0693,0,4,30.9243,25.3326,2,0.0,0.0,0.0,125,12,0.0876,0.9825,5,0.0145,2
14.4001,0,0,676.3334,3018.243,1,0.0,0.0,0.0,8,8,0.8284,0.1138,97,0.7829,0
6.4181,0,1,758.1068,4089.4747,0,0.0,0.0,0.0,8,9,0.9757,0.0191,161,0.9521,0
3.5469,0,0,212.9516,2926.4442,0,0.0,0.0,0.0,15,10,0.8008,0.0638,88,0.7756,0
0.954,0,2,537.6505,653.9119,0,0.0,3.0,6.0,30,125,0.9133,0.0611,54,0.7947,3
0.6415,0,0,55.9549,0.9539,0,0.0,0.0,0.0,246,3,0.1607,0.9737,13,0.0454,2
0.0785,0,0,12.0193,6.7687,1,0.0,0.0,0.0,469,275,0.8903,0.042,9,0.1533,1
0.253,0,0,36.0603,2.2101,2,1.0,0.0,0.0,421,445,0.8529,0.0812,25,0.1781,1
1.1474,1,4,57.1436,12.9122,0,0.0,0.0,0.0,166,1,0.038,0.885,7,0.1511,2
7.9442,0,1,685.4792,4117.9458,0,0.0,0.0,0.0,14,8,0.8897,0.1202,217,0.8122,0
0.2707,0,1,568.2514,259.817,0,0.0,4.0,5.0,37,121,0.861,0.0329,44,0.6422,3
5.0498,0,3,359.4012,3054.9286,0,0.0,0.0,0.0,15,8,0.8481,0.0133,85,0.937,0
11.8985,0,2,205.5291,5807.5414,0,0.0,0.0,0.0,12,14,0.7897,0.1495,170,0.7517,0
9.0688,0,0,535.3221,6737.2461,2,0.0,0.0,0.0,28,8,0.9531,0.1156,92,0.8515,0
10.1277,1,5,112.1069,6028.6304,0,0.0,0.0,0.0,18,9,0.8299,0.0237,86,0.9918,0
0.2195,2,0,36.8467,8.0922,1,0.0,0.0,0.0,477,415,0.8528,0.005,17,0.1668,1
4.0517,0,1,598.6671,207.2885,2,0.0,2.0,7.0,77,96,0.9998,0.0445,181,0.6539,3
1.0623,0,0,1238.6358,1741.8183,0,0.0,0.0,0.0,15,9,0.9133,0.078,190,0.7485,0
0.7083,1,3,7.7827,18.9405,2,0.0,0.0,0.0,176,14,0.1179,0.9688,9,0.0436,2
7.9588,1,0,331.7999,1619.5454,0,0.0,0.0,0.0,13,14,0.9425,0.0371,70,0.774,0
16.6523,0,4,1075.5018,4132.3074,0,0.0,0.0,0.0,10,8,0.9679,0.0907,84,0.8306,0
0.7452,0,1,28.7269,10.4625,1,0.0,0.0,0.0,171,3,0.2338,0.7643,23,0.0432,2
17.6999,1,3,707.8197,3678.694,0,0.0,0.0,0.0,6,13,0.7842,0.1074,179,0.7616,0
3.331,0,0,2345.2197,2349.4898,0,0.0,0.0,0.0,16,10,0.9084,0.0046,51,0.7364,0
1.2295,0,1,376.0425,365.0001,1,0.0,1.0,6.0,91,112,0.8698,0.0645,102,0.7479,3
9.5943,0,0,395.859,2821.0679,0,0.0,0.0,0.0,19,11,0.9843,0.0658,112,0.7962,0
33.2674,0,0,1714.7241,2826.5532,0,0.0,0.0,0.0,12,16,0.8429,0.0801,62,0.8337,0
0.4154,1,0,141.6957,6.1841,1,0.0,0.0,0.0,402,430,0.958,0.0502,13,0.3701,1
0.4206,0,3,32.8694,9.5924,2,0.0,0.0,0.0,386,282,0.9248,0.0531,12,0.387,1
0.1164,0,0,95.3873,9.8373,1,0.0,0.0,0.0,344,317,0.8869,0.0333,10,0.1478,1
2.4781,0,1,587.472,372.7459,0,0.0,1.0,5.0,99,69,0.9328,0.0471,199,0.6147,3
0.3578,0,0,123.4281,1.6406,1,0.0,0.0,0.0,292,358,0.8753,0.0359,10,0.3797,1
0.2231,0,5,212.5067,5.3096,1,0.0,0.0,0.0,351,286,0.984,0.0566,35,0.1087,1
19.5174,0,0,643.0146,3024.124,0,0.0,0.0,0.0,9,15,0.7988,0.1129,99,0.7214,0
35.9343,0,0,818.2735,4524.4172,0,0.0,0.0,0.0,10,12,0.8713,0.0909,121,0.9788,0
0.1599,1,0,81.9379,8.9572,1,0.0,0.0,0.0,367,428,0.8688,0.003,3,0.1405,1
11.6529,0,5,659.8474,1848.5911,1,0.0,0.0,0.0,18,7,0.9494,0.1443,152,0.8572,0
4.5597,0,1,377.1184,759.8814,1,0.0,5.0,3.0,92,28,0.882,0.098,77,0.7807,3
0.9235,0,1,48.2123,15.316,2,0.0,0.0,0.0,112,7,0.1905,0.9746,13,0.1716,2
0.3594,0,1,413.2255,673.3448,1,0.0,1.0,4.0,57,60,0.981,0.0934,66,0.6708,3
1.8452,0,0,1045.5378,2381.4007,0,0.0,0.0,0.0,7,20,0.8317,0.0288,165,0.8905,0
0.1744,0,3,4.8418,8.0327,1,0.0,0.0,0.0,264,412,0.9241,0.0152,22,0.2292,1
4.2707,0,4,868.4909,6495.4957,0,0.0,0.0,0.0,9,9,0.8928,0.0149,94,0.7638,0
3.5912,0,1,429.3839,2835.2847,0,0.0,0.0,0.0,14,14,0.8141,0.0167,180,0.8109,0
0.4332,2,0,27.316,4.5449,1,0.0,0.0,0.0,140,2,0.0136,0.962,23,0.1788,2
0.0746,0,3,297.4806,7.8686,2,0.0,0.0,0.0,288,435,0.8663,0.0871,12,0.3466,1
0.3976,0,5,57.2368,5.4685,1,0.0,0.0,0.0,368,394,0.9019,0.0873,33,0.3288,1
2.4397,0,1,475.0001,355.8355,0,0.0,5.0,2.0,63,113,0.9081,0.0206,184,0.7043,3
0.4959,0,0,15.9704,13.1454,1,0.0,0.0,0.0,272,9,0.0217,0.9866,13,0.0174,2
0.6222,1,2,31.166,7.5962,3,0.0,0.0,0.0,142,7,0.1822,0.9861,15,0.0727,2
5.2734,0,2,422.0326,783.3219,2,0.0,2.0,5.0,102,74,0.9753,0.0434,143,0.846,3
0.533,0,1,32.4048,0.0976,1,0.0,0.0,0.0,284,14,0.2168,0.8539,5,0.0337,2
0.0786,0,2,36.8684,7.9154,2,0.0,0.0,0.0,134,14,0.0937,0.8928,15,0.1282,2
0.275,0,0,52.4334,9.5977,3,0.0,0.0,0.0,420,301,0.8767,0.0681,36,0.2244,1
0.6338,0,1,54.0291,25.8492,1,0.0,0.0,0.0,213,13,0.0572,0.7977,3,0.1266,2
0.912,0,2,242.8409,671.7412,0,0.0,5.0,4.0,69,32,0.8009,0.0008,84,0.7515,3
0.1078,0,0,11.0986,1.8843,1,0.0,0.0,0.0,361,307,0.9281,0.0717,28,0.2531,1
8.7643,2,0,868.8485,926.2377,0,0.0,0.0,0.0,22,10,0.7997,0.0575,149,0.9013,0
0.0565,0,3,27.2655,3.489,2,0.0,0.0,0.0,384,351,0.9015,0.0216,39,0.361,1
0.1686,0,0,188.4875,7.1172,1,0.0,0.0,0.0,479,357,0.935,0.0452,25,0.1512,1
0.2965,0,1,587.2668,208.8832,1,0.0,1.0,2.0,110,45,0.8325,0.0946,128,0.8409,3
0.1694,0,5,205.6998,8.493,1,0.0,0.0,0.0,421,407,0.9483,0.0414,43,0.1035,1
4.8182,0,1,161.0815,632.7353,0,0.0,2.0,6.0,45,112,0.9911,0.0686,61,0.6561,3
0.257,0,0,70.7315,6.0658,1,0.0,0.0,0.0,270,242,0.9294,0.0026,10,0.3403,1
8.6785,0,0,644.979,3276.5476,0,0.0,0.0,0.0,10,9,0.8828,0.0995,149,0.7228,0
0.9396,0,1,28.4841,28.9809,2,0.0,0.0,0.0,266,13,0.1474,0.8142,1,0.1855,2
4.7295,0,1,247.593,267.7525,0,0.0,1.0,4.0,33,71,0.8294,0.0855,58,0.9163,3
0.5245,0,1,39.0798,11.5129,2,0.0,0.0,0.0,99,7,0.1374,0.8849,24,0.1641,2
2.9643,0,0,870.8849,6748.9474,0,0.0,0.0,0.0,14,16,0.9557,0.0268,53,0.7882,0
2.0203,0,1,308.0838,597.8199,2,0.0,1.0,2.0,120,25,0.8452,0.0639,89,0.9097,3
1.0225,1,1,32.8828,6.0799,1,0.0,0.0,0.0,243,11,0.2378,0.9873,10,0.1545,2
3.6611,0,0,480.7635,2573.7417,0,0.0,0.0,0.0,8,8,0.7743,0.1171,211,0.964,0
0.0594,0,3,32.9017,0.6179,1,0.0,0.0,0.0,390,332,0.8528,0.0796,35,0.1438,1
0.4241,0,1,7.2435,21.2925,2,0.0,0.0,0.0,184,10,0.2163,0.8779,12,0.1933,2
0.2348,0,3,162.2443,7.6107,2,0.0,0.0,0.0,275,370,0.8565,0.0624,17,0.1727,1
0.7429,1,1,43.3688,10.1946,2,0.0,0.0,0.0,153,3,0.2477,0.7991,8,0.1776,2
0.4762,0,5,23.0911,3.5289,1,0.0,0.0,0.0,485,488,0.9278,0.0243,4,0.368,1
0.9862,0,1,880.8036,3079.9872,0,0.0,0.0,0.0,12,13,0.9195,0.1174,239,0.8682,0
1.0855,0,4,20.3457,27.3837,2,0.0,0.0,0.0,94,14,0.0275,0.9472,11,0.1319,2
2.9174,0,1,461.0379,721.6247,0,0.0,5.0,5.0,122,81,0.8786,0.0235,95,0.6997,3
10.4109,0,3,493.5888,495.7629,0,0.0,0.0,0.0,13,13,0.9529,0.1372,97,0.7237,0
8.9686,0,2,393.7508,317.5031,0,0.0,2.0,2.0,48,32,0.9617,0.0383,162,0.9218,3
0.9813,0,2,17.165,1.2103,1,0.0,0.0,0.0,149,2,0.2414,0.8572,19,0.1614,2
0.3952,0,2,23.7355,20.6701,1,0.0,0.0,0.0,245,12,0.0775,0.8529,21,0.1359,2
0.0689,2,5,23.3803,4.3066,1,3.0,0.0,0.0,381,321,0.9252,0.0548,10,0.3105,1
0.4643,0,0,56.2174,6.5257,1,1.0,0.0,0.0,397,378,0.8539,0.0377,41,0.3148,1
3.1567,0,2,212.8114,756.4458,0,0.0,3.0,3.0,90,116,0.932,0.0781,49,0.6726,3
2.6802,0,1,241.2352,671.6148,0,0.0,5.0,5.0,62,66,0.8369,0.0105,112,0.8883,3
5.6229,0,1,233.3239,413.1094,2,0.0,5.0,4.0,85,115,0.9009,0.0305,193,0.6993,3
0.1684,2,0,120.6173,2.912,1,0.0,0.0,0.0,388,444,0.9563,0.067,38,0.339,1
24.1051,2,0,545.2713,6874.4753,0,0.0,0.0,0.0,14,14,0.8906,0.0443,173,0.822,0
0.131,0,0,95.6033,4.0987,2,0.0,0.0,0.0,471,511,0.927,0.0372,17,0.2457,1
0.6365,0,1,429.5974,579.1378,1,0.0,3.0,7.0,102,28,0.8408,0.0538,167,0.7883,3
1.1631,0,3,50.946,18.8974,2,0.0,0.0,0.0,101,9,0.1947,0.8773,20,0.1963,2
4.238,0,0,221.2217,6309.3127,0,0.0,0.0,0.0,8,13,0.8301,0.0551,109,0.8135,0
0.0583,1,3,7.9557,23.6905,2,0.0,0.0,0.0,249,12,0.1264,0.8557,14,0.0111,2
5.0318,1,3,1267.5019,3231.0916,0,0.0,0.0,0.0,17,17,0.915,0.1095,169,0.7989,0
0.8274,0,5,24.6604,9.3129,1,0.0,0.0,0.0,214,8,0.0305,0.9975,18,0.1316,2
0.6719,0,2,34.5021,8.3308,2,0.0,0.0,0.0,84,4,0.0509,0.9442,8,0.0527,2
0.4537,1,4,14.6785,9.6686,2,0.0,0.0,0.0,143,6,0.138,0.8176,8,0.0357,2
0.9978,0,5,1608.2165,6114.8544,0,0.0,0.0,0.0,10,11,0.8749,0.0232,91,0.7345,0
0.1413,0,0,37.2598,9.8306,1,0.0,0.0,0.0,308,472,0.9393,0.0865,32,0.2242,1
1.2833,0,0,479.244,1501.9807,0,0.0,0.0,0.0,14,9,0.8213,0.1479,169,0.8767,0
0.1313,2,2,40.1034,14.8887,2,0.0,0.0,0.0,95,2,0.1819,0.9722,18,0.0151,2
6.5429,0,1,505.6235,254.2481,1,0.0,3.0,6.0,103,91,0.9269,0.0773,69,0.8757,3
0.1995,0,0,47.4539,9.4233,3,0.0,0.0,0.0,276,317,0.9124,0.0587,7,0.2596,1
0.2018,1,2,56.871,2.6808,2,0.0,0.0,0.0,289,6,0.0294,0.9042,16,0.0854,2
0.5851,0,3,179.9074,4838.0324,0,0.0,0.0,0.0,12,7,0.8816,0.0678,192,0.8816,0
0.6599,0,1,55.9123,20.456,1,0.0,0.0,0.0,146,6,0.1512,0.8638,1,0.085,2
18.3111,1,0,1029.2838,2221.8031,0,0.0,0.0,0.0,6,10,0.8837,0.1453,248,0.8976,0
5.8973,0,3,528.7386,4875.034,1,0.0,0.0,0.0,16,8,0.7662,0.1296,219,0.8128,0
0.859,2,2,36.3997,18.8473,2,0.0,0.0,0.0,203,12,0.1448,0.9681,13,0.1029,2
6.2761,0,1,220.4585,234.7528,0,0.0,2.0,6.0,113,125,0.8383,0.0883,93,0.6733,3
1.3025,0,1,559.1963,532.5594,0,0.0,3.0,4.0,79,98,0.9962,0.0123,134,0.776,3
4.6629,0,1,292.5716,775.881,0,0.0,3.0,5.0,93,132,0.8078,0.0183,85,0.9476,3
21.116,0,0,2031.1694,4479.1482,0,0.0,0.0,0.0,17,12,0.894,0.0971,183,0.9065,0
0.2976,1,3,97.3402,3.6863,1,0.0,0.0,0.0,340,311,0.9826,0.054,21,0.1992,1
3.6435,0,1,443.7517,278.6348,1,0.0,2.0,2.0,56,50,0.8183,0.0225,108,0.7409,3
6.8382,0,0,1393.6921,3455.0636,0,0.0,0.0,0.0,12,7,0.7916,0.0061,96,0.9793,0
3.356,0,5,2415.0438,5297.4004,0,0.0,1.0,0.0,17,7,0.7762,0.1345,76,0.7874,0
0.1579,0,0,79.6304,1.1062,1,3.0,0.0,0.0,400,259,0.9271,0.0184,38,0.1202,1
0.4051,0,4,8.3498,26.9391,0,0.0,0.0,0.0,243,14,0.0469,0.996,13,0.1725,2
2.5024,0,0,475.4544,3428.6512,0,0.0,0.0,0.0,17,14,0.9982,0.1237,185,0.9553,0
12.9997,0,0,613.1733,2065.3468,0,0.0,0.0,0.0,15,9,0.8648,0.0012,117,0.709,0
0.658,0,4,13.1206,20.8737,0,0.0,0.0,0.0,102,4,0.2124,0.9178,21,0.0373,2
1.1137,0,5,49.3648,28.8567,1,0.0,0.0,0.0,99,10,0.2369,0.8138,11,0.0708,2
0.4826,0,5,26.8008,29.856,1,0.0,0.0,0.0,133,12,0.1484,0.9544,7,0.0248,2
1.8997,1,4,446.8444,1526.0625,0,0.0,0.0,0.0,8,14,0.7761,0.017,142,0.8141,0
0.3081,1,3,31.815,4.0646,1,0.0,0.0,0.0,472,455,0.8852,0.0161,14,0.3543,1
4.1582,0,1,183.0044,429.9561,0,0.0,1.0,6.0,85,25,0.9003,0.0222,137,0.7323,3
0.2619,0,0,28.8194,4.5218,0,0.0,0.0,0.0,348,400,0.9119,0.0719,29,0.3382,1
1.0805,1,4,1180.3113,3023.5415,0,0.0,0.0,0.0,11,13,0.7655,0.1298,168,0.7567,0
0.4899,0,2,4.762,4.0613,2,0.0,0.0,0.0,221,6,0.2068,0.8055,8,0.029,2
51.7743,1,2,83.477,2618.3246,0,0.0,0.0,0.0,19,9,0.9058,0.0539,87,0.9929,0
15.7902,1,3,455.6631,3454.008,0,0.0,0.0,0.0,15,10,0.9265,0.0085,141,0.7018,0
0.0133,0,5,365.715,9.0596,1,0.0,0.0,0.0,432,214,0.9711,0.0798,45,0.2556,1
8.8155,0,0,440.4507,4692.3178,0,0.0,1.0,0.0,8,14,0.9223,0.0666,199,0.9275,0
0.39,0,0,51.5973,8.9469,2,1.0,0.0,0.0,322,295,0.9639,0.0319,13,0.2435,1
0.0208,1,3,15.5692,12.0519,2,0.0,0.0,0.0,297,5,0.1015,0.7696,16,0.1376,2
0.2347,0,0,45.543,2.3278,1,0.0,0.0,0.0,397,259,0.9582,0.0179,17,0.3172,1
0.1189,0,0,110.5362,4.5389,1,0.0,0.0,0.0,505,452,0.8532,0.0329,23,0.1996,1
0.2876,0,3,116.2442,6.7854,1,0.0,0.0,0.0,504,208,0.8993,0.0538,40,0.3586,1
7.9696,0,2,620.8492,2690.1596,0,0.0,0.0,0.0,10,7,0.9882,0.1022,60,0.9188,0
1.4898,0,2,272.6032,311.4663,0,0.0,3.0,6.0,49,43,0.831,0.0849,157,0.7095,3
0.4581,0,3,91.9755,1.817,1,0.0,0.0,0.0,431,226,0.9662,0.0811,25,0.3838,1
11.8456,0,3,350.3937,5471.0001,2,0.0,0.0,0.0,17,10,0.9081,0.0039,139,0.86,0
0.0935,0,0,77.4562,7.6628,1,0.0,0.0,0.0,313,404,0.8527,0.0264,17,0.2676,1
0.4079,0,0,9.6153,12.5319,1,0.0,0.0,0.0,271,14,0.0731,0.8425,9,0.0741,2
6.0807,0,0,723.6637,3490.5079,0,0.0,0.0,0.0,11,16,0.7649,0.0369,97,0.8488,0
1.1334,1,3,52.3601,18.3599,3,0.0,0.0,0.0,230,7,0.2146,0.9883,5,0.141,2
6.8937,0,2,154.615,216.4822,0,0.0,1.0,4.0,107,39,0.8574,0.069,73,0.7742,3
4.5103,0,1,268.2213,274.1159,2,0.0,3.0,7.0,49,41,0.9461,0.0294,118,0.7767,3
0.3592,2,0,9.1005,0.1165,1,0.0,0.0,0.0,347,506,0.8971,0.0032,43,0.1739,1
0.3197,0,0,27.9293,3.4416,1,3.0,0.0,0.0,398,270,0.9172,0.0208,29,0.3525,1
0.5526,0,2,55.6993,16.9989,1,0.0,0.0,0.0,293,13,0.086,0.9786,12,0.0264,2
1.1712,0,2,47.2717,19.7591,0,0.0,0.0,0.0,214,4,0.0918,0.7763,11,0.0112,2
0.925,2,1,3.661,31.7409,2,0.0,0.0,0.0,212,13,0.0405,0.8896,10,0.1204,2
0.635,1,3,14.9707,21.5149,3,0.0,0.0,0.0,86,1,0.1608,0.963,1,0.0861,2
0.6553,0,1,1376.2904,4087.6338,0,0.0,0.0,0.0,9,11,0.7887,0.0787,181,0.7295,0
16.0218,0,1,512.5639,659.8056,0,0.0,5.0,3.0,64,31,0.8271,0.0458,171,0.8112,3
1.2487,0,1,119.4158,6828.9486,0,0.0,0.0,0.0,17,12,0.8947,0.1297,166,0.7092,0
0.4297,0,2,586.2494,707.1342,2,0.0,4.0,6.0,57,82,0.967,0.0471,173,0.635,3
0.2863,0,1,476.9952,423.3207,1,0.0,3.0,2.0,149,58,0.8932,0.0835,159,0.667,3
5.5246,0,1,158.9776,317.6506,2,0.0,1.0,5.0,114,80,0.8118,0.0653,148,0.7617,3
3.8147,0,1,386.916,624.2458,1,0.0,4.0,6.0,50,71,0.9834,0.0124,185,0.7955,3
13.1699,1,1,1000.7431,4480.5293,0,0.0,0.0,0.0,19,10,0.8315,0.0621,160,0.7296,0
0.7118,0,2,235.5547,582.4495,0,0.0,3.0,4.0,146,90,0.8623,0.0713,105,0.8486,3
0.7954,0,0,674.3734,3809.4199,0,0.0,0.0,0.0,17,12,0.8493,0.1485,167,0.8508,0
0.3255,0,0,48.2991,8.3968,1,0.0,0.0,0.0,421,425,0.9275,0.0306,46,0.2782,1
0.3682,0,0,48.1368,5.7616,1,1.0,0.0,0.0,345,238,0.873,0.071,30,0.3344,1
4.2853,0,0,826.0767,2606.9268,0,0.0,0.0,0.0,17,12,0.9755,0.1351,183,0.9148,0
1.9046,0,1,286.9956,658.0133,0,0.0,1.0,4.0,66,122,0.8282,0.0288,103,0.6622,3
0.4856,1,5,9.0087,15.9191,1,0.0,0.0,0.0,284,12,0.2117,0.8077,22,0.1132,2
17.1376,0,0,480.704,2464.1166,0,0.0,0.0,0.0,13,10,0.9422,0.1386,227,0.8077,0
0.6973,0,2,580.1183,794.1366,2,0.0,1.0,6.0,139,112,0.9899,0.0568,83,0.7152,3
7.4898,0,4,210.1516,6297.3569,1,0.0,0.0,0.0,10,7,0.825,0.0833,97,0.8636,0
0.2534,0,0,10.3632,6.558,1,3.0,0.0,0.0,458,278,0.9979,0.0285,3,0.1673,1
1.9701,0,1,526.657,699.679,0,0.0,1.0,4.0,126,138,0.8095,0.0525,103,0.6946,3
31.9307,0,0,344.3668,4123.0981,0,0.0,0.0,0.0,9,13,0.8442,0.0349,172,0.7741,0
9.733,1,0,501.0648,3993.5232,1,0.0,0.0,0.0,13,9,0.8578,0.0618,225,0.7918,0
13.5294,1,3,341.4066,3980.6124,0,0.0,0.0,0.0,10,9,0.8587,0.1197,205,0.8207,0
0.2511,1,0,80.4803,9.6236,1,1.0,0.0,0.0,407,405,0.8848,0.0414,44,0.2026,1
0.4431,0,0,3.1102,1.6338,1,0.0,0.0,0.0,375,439,0.981,0.0712,48,0.3976,1
2.3183,0,1,373.3256,336.2968,0,0.0,2.0,2.0,112,100,0.8542,0.0872,113,0.6112,3
1.2712,0,3,822.7186,2738.2296,0,0.0,0.0,0.0,13,9,0.9934,0.1082,230,0.7224,0
1.4603,1,0,886.7252,5556.4572,0,0.0,0.0,0.0,15,15,0.8609,0.1025,136,0.9015,0
6.4103,0,3,386.5237,1465.4932,0,0.0,0.0,0.0,12,7,0.7626,0.0718,115,0.9309,0
1.4845,0,2,175.775,640.8215,1,0.0,5.0,7.0,125,80,0.9666,0.069,180,0.9064,3
0.8223,0,4,17.886,22.5202,2,0.0,0.0,0.0,207,7,0.0672,0.8996,8,0.1452,2
26.3394,2,0,94.2768,2475.9862,0,0.0,0.0,0.0,11,10,0.8903,0.06,151,0.9371,0
0.134,1,4,11.7477,30.5313,1,0.0,0.0,0.0,106,8,0.0314,0.9936,14,0.1466,2
3.5409,0,2,1987.7295,4255.5831,0,0.0,0.0,0.0,14,13,0.9437,0.0016,107,0.9828,0
0.1114,0,5,23.7689,4.0014,1,0.0,0.0,0.0,367,228,0.8735,0.0359,36,0.1805,1
0.9849,0,5,14.6495,12.8862,1,0.0,0.0,0.0,236,14,0.0194,0.7658,11,0.1309,2
0.3608,0,0,71.9749,8.7197,2,0.0,0.0,0.0,310,458,0.9797,0.0808,14,0.3432,1
12.7048,2,4,1027.0946,4005.3364,0,0.0,0.0,0.0,13,4,0.9353,0.0891,247,0.7283,0
7.7688,0,0,365.8809,2711.6571,0,0.0,0.0,0.0,11,10,0.9168,0.0146,223,0.9304,0
0.4486,0,0,51.4218,0.1773,1,0.0,0.0,0.0,355,322,0.8548,0.0174,38,0.2484,1
0.115,1,0,97.5926,7.6573,1,0.0,0.0,0.0,343,411,0.9666,0.0173,47,0.2634,1
1.1419,0,2,37.0068,15.4061,1,0.0,0.0,0.0,170,2,0.2438,0.7549,5,0.0927,2
6.9303,0,3,1216.0199,2420.9607,0,0.0,0.0,0.0,13,14,0.8892,0.0903,63,0.9997,0
0.3424,0,1,18.3009,15.2865,2,0.0,0.0,0.0,132,3,0.1377,0.7873,22,0.0426,2
0.2032,0,0,287.5831,2.6487,0,0.0,0.0,0.0,440,365,0.9164,0.066,41,0.2413,1
36.2215,0,3,982.2327,3484.9658,0,0.0,0.0,0.0,14,15,0.8472,0.132,191,0.9758,0
0.1565,0,3,59.9741,18.2779,2,0.0,0.0,0.0,142,6,0.0888,0.8064,18,0.0154,2
3.9145,0,0,780.3117,4623.3869,0,0.0,0.0,0.0,17,9,0.9823,0.0499,178,0.7321,0
8.942,0,1,255.5445,481.8196,1,0.0,3.0,7.0,129,93,0.9615,0.0267,85,0.6937,3
0.1288,0,0,127.3579,1.8785,3,0.0,0.0,0.0,283,308,0.9267,0.0404,20,0.3467,1
0.4022,1,5,36.7811,21.4236,2,0.0,0.0,0.0,239,7,0.1085,0.8119,12,0.1693,2
16.8715,0,1,468.2675,365.5179,0,0.0,3.0,7.0,79,85,0.9857,0.0035,89,0.6838,3
12.389,1,0,424.4172,1747.9924,0,0.0,0.0,0.0,8,15,0.9893,0.099,173,0.8451,0
5.7228,0,2,436.3256,475.2357,1,0.0,5.0,7.0,43,101,0.9178,0.0342,121,0.7511,3
16.0075,0,1,362.3,438.0288,2,0.0,1.0,3.0,52,56,0.8511,0.0893,129,0.7926,3
0.166,0,0,27.1445,3.4537,3,0.0,0.0,0.0,345,462,0.9393,0.0148,49,0.3747,1
0.1825,1,5,89.1579,3.1684,1,0.0,0.0,0.0,390,361,0.9362,0.0901,45,0.1371,1
0.3871,0,2,642.3047,3738.9267,0,0.0,0.0,0.0,10,14,0.7854,0.109,125,0.9978,0
8.9873,0,1,227.8071,540.5661,1,0.0,4.0,6.0,144,99,0.9178,0.0471,199,0.7506,3
1.7501,0,1,425.9725,615.066,1,0.0,1.0,3.0,92,94,0.8421,0.0017,80,0.888,3
3.1474,2,0,212.6632,1373.7569,0,0.0,1.0,0.0,14,10,0.8066,0.0675,149,0.7391,0
15.3772,0,0,740.078,1768.2527,0,0.0,0.0,0.0,12,13,0.9489,0.0978,237,0.9425,0
0.5869,0,1,283.5772,279.1586,0,0.0,5.0,5.0,64,130,0.9128,0.0405,128,0.6258,3
0.2053,0,0,62.5059,5.553,1,1.0,0.0,0.0,311,382,0.947,0.0145,10,0.2408,1
5.5543,0,1,167.0476,394.6743,0,0.0,4.0,5.0,115,52,0.9382,0.0464,47,0.7002,3
0.1607,0,3,34.4873,5.686,2,0.0,0.0,0.0,351,285,0.9775,0.0232,9,0.3624,1
6.4646,0,2,546.3089,408.3712,0,0.0,2.0,4.0,127,40,0.8529,0.0146,60,0.8516,3
0.8189,0,4,38.6322,14.2665,2,0.0,0.0,0.0,212,2,0.0692,0.9668,23,0.1415,2
1.3049,0,3,1114.0017,2278.7642,0,0.0,0.0,0.0,13,11,0.8525,0.0542,158,0.9456,0
21.7437,2,0,1159.8846,1563.979,0,0.0,0.0,0.0,14,11,0.8384,0.1202,134,0.7741,0
1.0996,1,1,21.3203,4.2276,1,0.0,0.0,0.0,97,1,0.2139,0.9054,22,0.0869,2
0.4809,0,3,43.6955,0.0086,1,0.0,0.0,0.0,434,493,0.9911,0.0987,3,0.1051,1
5.0,0,1,402.7762,211.0345,0,0.0,3.0,3.0,118,29,0.8446,0.0953,197,0.8038,3
17.3072,0,1,473.8273,320.3814,0,0.0,4.0,3.0,47,123,0.8134,0.071,63,0.9299,3
0.3547,2,2,16.0279,18.745,0,0.0,0.0,0.0,184,8,0.0674,0.7696,20,0.1475,2
0.1511,0,0,198.6939,6.7719,1,0.0,0.0,0.0,465,231,0.954,0.0621,34,0.2475,1
29.4354,0,0,291.8173,2746.2232,0,0.0,0.0,0.0,13,9,0.9476,0.0244,231,0.877,0
0.1294,1,0,26.1451,5.674,1,0.0,0.0,0.0,348,381,0.876,0.0406,47,0.2966,1
1.193,1,2,12.335,0.6939,1,0.0,0.0,0.0,105,13,0.1324,0.9622,3,0.0703,2
4.8432,0,1,485.2623,466.7537,0,0.0,1.0,7.0,44,71,0.9609,0.0559,180,0.7692,3
0.2104,0,0,51.5231,2.1306,1,0.0,0.0,0.0,423,424,0.8601,0.0181,39,0.1883,1
1.0731,0,0,22.3239,29.3877,0,0.0,0.0,0.0,165,7,0.0256,0.9672,13,0.1558,2
5.1008,1,4,437.5801,3614.5152,0,0.0,0.0,0.0,11,11,0.8319,0.0618,61,0.9713,0
4.8834,0,3,971.8116,1740.7301,0,0.0,0.0,0.0,13,18,0.9563,0.1008,107,0.9612,0
2.9066,0,1,422.7589,417.1367,1,0.0,2.0,4.0,33,80,0.8,0.0773,117,0.8406,3
5.7924,0,1,356.191,778.2848,0,0.0,3.0,6.0,123,65,0.9725,0.0806,62,0.6364,3
0.3357,0,1,527.8747,367.9238,0,0.0,1.0,2.0,125,124,0.9857,0.082,46,0.8338,3
4.1575,0,1,167.1866,661.9924,1,0.0,5.0,7.0,54,28,0.8302,0.0351,102,0.887,3
1.7035,0,1,439.357,272.03,0,0.0,2.0,2.0,127,132,0.9081,0.0699,52,0.6216,3
0.908,0,1,482.0529,686.985,2,0.0,1.0,5.0,139,31,0.8167,0.0486,154,0.7063,3
10.9207,0,4,1133.0455,1716.5889,0,0.0,0.0,0.0,18,7,0.8273,0.1224,242,0.8937,0
8.1388,0,0,1469.2379,4291.8225,0,0.0,0.0,0.0,18,3,0.8485,0.0332,125,0.8215,0
9.4768,0,0,1438.1565,7584.1664,0,0.0,0.0,0.0,11,4,0.9134,0.0862,101,0.9492,0
1.1477,0,2,19.0414,2.5357,1,0.0,0.0,0.0,200,7,0.1521,0.8257,7,0.033,2
0.0222,1,0,49.1834,7.7931,1,0.0,0.0,0.0,486,296,0.89,0.0124,14,0.2343,1
0.3887,0,0,88.3734,5.9162,1,0.0,0.0,0.0,500,407,0.8841,0.0531,18,0.3799,1
0.3184,0,0,17.3051,2.968,1,0.0,0.0,0.0,336,203,0.9264,0.0888,46,0.1602,1
0.0738,0,0,53.8406,6.1489,1,0.0,0.0,0.0,321,275,0.8672,0.0533,22,0.2322,1
6.53,0,3,803.7916,4642.35,0,0.0,0.0,0.0,15,11,0.8336,0.0578,147,0.7213,0
0.3118,0,3,60.799,2.1068,1,0.0,0.0,0.0,381,317,0.9433,0.0469,31,0.243,1
0.5716,1,2,55.6742,3.169,2,0.0,0.0,0.0,173,13,0.2062,0.7698,5,0.1276,2
0.3917,0,0,83.7793,1.7091,2,0.0,0.0,0.0,322,371,0.9761,0.056,32,0.3571,1
0.3234,0,0,32.263,19.6317,2,0.0,0.0,0.0,245,11,0.1662,0.8161,8,0.0511,2
8.6018,0,0,1024.7129,1889.0345,0,0.0,0.0,0.0,11,12,0.9726,0.1084,196,0.7892,0
1.4519,0,2,271.6776,202.1151,0,0.0,2.0,3.0,112,116,0.989,0.0699,114,0.9265,3
0.9859,2,4,35.1849,7.515,2,0.0,0.0,0.0,84,12,0.0441,0.9579,14,0.0912,2
0.4667,0,3,78.9469,6.6484,1,0.0,0.0,0.0,372,330,0.9752,0.087,22,0.2358,1
0.4558,1,1,59.8338,28.4122,2,0.0,0.0,0.0,214,8,0.1837,0.7871,18,0.0416,2
25.0247,0,0,1776.0678,2970.5113,0,0.0,0.0,0.0,12,10,0.9111,0.0526,230,0.9943,0
1.8935,1,1,1006.314,3100.4809,0,0.0,0.0,0.0,17,10,0.7666,0.1098,228,0.7219,0
2.0561,1,0,197.5367,2773.7424,0,0.0,0.0,0.0,10,13,0.9555,0.0506,70,0.8846,0
0.0416,0,0,55.1258,8.8683,0,0.0,0.0,0.0,386,309,0.9369,0.0892,10,0.2416,1
0.2614,0,5,15.9484,2.863,1,0.0,0.0,0.0,412,505,0.8522,0.0803,33,0.1469,1
1.0748,1,5,2.08,17.5682,2,0.0,0.0,0.0,297,4,0.192,0.8231,5,0.1051,2
4.189,0,1,163.8612,353.4655,0,0.0,1.0,5.0,34,35,0.9118,0.038,43,0.7434,3
0.7474,1,3,5.2365,24.2884,1,0.0,0.0,0.0,143,1,0.1292,0.7758,5,0.154,2
19.4347,0,4,1696.0429,1444.3442,0,0.0,0.0,0.0,11,14,0.9653,0.1483,217,0.9799,0
0.1737,0,0,69.3411,9.485,2,0.0,0.0,0.0,468,353,0.8964,0.0366,21,0.1604,1
4.2123,0,1,250.5729,669.9005,2,0.0,1.0,6.0,124,63,0.8755,0.0063,75,0.8177,3
1.6973,0,1,262.209,305.5342,0,0.0,1.0,3.0,46,26,0.8822,0.0478,186,0.8085,3
1.343,0,0,273.7528,3502.8907,0,0.0,0.0,0.0,12,7,0.9284,0.0162,172,0.9232,0
10.6893,2,5,438.028,3529.2657,0,0.0,0.0,0.0,18,9,0.9059,0.0457,71,0.8717,0
8.5599,0,0,626.4821,3303.5354,0,0.0,0.0,0.0,18,12,0.9408,0.0054,243,0.8266,0
1.1026,0,2,492.5971,301.7392,0,0.0,2.0,6.0,56,115,0.8432,0.0752,163,0.613,3
3.5881,0,3,687.0715,3924.1597,2,0.0,0.0,0.0,14,13,0.9926,0.1361,171,0.9326,0
2.571,1,2,622.0831,386.4219,0,0.0,0.0,0.0,14,12,0.9113,0.019,157,0.8319,0
0.0026,1,0,13.9552,3.3704,1,0.0,0.0,0.0,472,205,0.8757,0.0413,21,0.1762,1
0.3387,1,0,161.3791,2.3013,1,0.0,0.0,0.0,501,486,0.8943,0.0755,27,0.1467,1
9.0507,0,0,595.2289,8461.5987,0,0.0,0.0,0.0,11,14,0.9416,0.0241,80,0.7993,0
0.4273,1,3,86.1262,3.9323,2,0.0,0.0,0.0,384,232,0.8963,0.0641,10,0.1094,1
7.683,0,1,156.8468,263.9582,2,0.0,1.0,7.0,46,97,0.9972,0.0599,100,0.8752,3
0.4179,2,0,16.9098,31.6681,2,0.0,0.0,0.0,199,3,0.157,0.9347,3,0.1077,2
0.1804,0,2,23.8342,24.9457,1,0.0,0.0,0.0,160,9,0.1795,0.9557,12,0.0281,2
0.6398,0,1,182.888,501.0684,0,0.0,5.0,6.0,105,74,0.9537,0.0759,111,0.724,3
0.205,0,1,25.2124,24.0263,2,0.0,0.0,0.0,243,6,0.1521,0.9704,6,0.055,2
0.8225,0,0,14.8,24.1985,1,0.0,0.0,0.0,95,7,0.1414,0.8461,14,0.015,2
1.1939,0,2,537.9436,719.4563,0,0.0,5.0,7.0,143,129,0.9807,0.0046,51,0.8162,3
0.5897,0,4,63.4351,1.1159,1,0.0,0.0,0.0,122,10,0.1754,0.8803,2,0.0297,2
3.4948,1,3,784.0084,4672.3596,1,0.0,0.0,0.0,11,13,0.7877,0.1034,84,0.863,0
2.765,0,1,342.0556,447.6734,0,0.0,5.0,3.0,100,34,0.9163,0.0321,113,0.6832,3
0.0373,0,0,164.3308,5.6284,1,0.0,0.0,0.0,261,248,0.9543,0.0417,1,0.1414,1
3.8277,0,1,429.5041,324.2708,0,0.0,3.0,2.0,60,131,0.9475,0.0896,177,0.942,3
0.4682,2,0,8.8165,3.2575,1,0.0,0.0,0.0,418,418,0.9745,0.0478,2,0.1488,1
0.1145,0,2,43.045,14.2665,2,0.0,0.0,0.0,194,9,0.0556,0.81,5,0.0905,2
5.6567,0,2,155.3,533.9539,0,0.0,5.0,2.0,128,49,0.8297,0.0913,117,0.7695,3
0.053,0,3,12.7266,1.3005,2,0.0,0.0,0.0,307,362,0.9704,0.085,33,0.2228,1
0.0113,0,0,95.8439,0.4656,1,0.0,0.0,0.0,462,222,0.9275,0.0996,8,0.348,1
0.7128,0,5,22.9452,20.5578,0,0.0,0.0,0.0,294,8,0.0119,0.8272,3,0.1663,2
0.703,1,2,22.1396,29.6484,2,0.0,0.0,0.0,192,14,0.0235,0.9095,2,0.0415,2
0.1131,0,0,71.985,4.1319,1,0.0,0.0,0.0,367,342,0.9187,0.0764,34,0.1015,1
2.2279,0,1,384.4126,398.6348,1,0.0,1.0,7.0,53,37,0.9934,0.0254,169,0.8239,3
18.2469,0,0,268.3764,3021.1761,2,0.0,0.0,0.0,19,8,0.7773,0.1415,221,0.975,0
8.7343,0,2,562.5409,603.0221,2,0.0,1.0,7.0,78,115,0.8109,0.0246,185,0.6488,3
0.2281,1,5,56.834,6.2817,1,0.0,0.0,0.0,501,425,0.9354,0.0238,11,0.3211,1
12.7924,0,0,502.9646,3690.0176,0,0.0,0.0,0.0,10,13,0.7551,0.082,108,0.8605,0
0.2727,0,1,423.0664,355.4178,1,0.0,5.0,7.0,133,36,0.8789,0.0855,179,0.7523,3
1.0523,0,1,445.3102,689.9023,0,0.0,5.0,3.0,147,43,0.914,0.0982,147,0.777,3
0.4206,1,0,684.0199,8742.9581,0,0.0,0.0,0.0,14,13,0.8933,0.1429,94,0.8681,0
1.6155,0,1,494.7529,760.5984,2,0.0,1.0,4.0,39,50,0.9235,0.0338,122,0.8862,3
0.5963,0,0,29.5331,26.0836,1,0.0,0.0,0.0,92,2,0.2153,0.9585,6,0.1301,2
10.2447,0,0,976.2904,5040.4981,0,0.0,0.0,0.0,7,15,0.8693,0.0923,160,0.8447,0
0.2163,0,3,93.3571,6.7956,1,0.0,0.0,0.0,494,201,0.9255,0.0394,12,0.3732,1
0.1583,0,0,202.6488,6.6085,0,0.0,0.0,0.0,303,256,0.9403,0.0155,4,0.3026,1
0.5766,0,2,4.8592,17.3143,2,0.0,0.0,0.0,200,12,0.1117,0.8802,1,0.1435,2
0.1735,0,0,4.7899,0.3366,1,3.0,0.0,0.0,279,341,0.904,0.02,11,0.12,1
0.3064,0,3,31.5075,6.6108,2,0.0,0.0,0.0,401,436,0.9279,0.0512,7,0.1987,1
0.2532,0,0,97.0402,3.2663,1,0.0,0.0,0.0,417,457,0.9876,0.0819,49,0.2345,1
6.354,0,1,166.6143,367.6084,0,0.0,5.0,3.0,143,41,0.8442,0.0383,136,0.9228,3
20.5084,2,5,581.6919,3139.8411,2,0.0,0.0,0.0,14,13,0.8742,0.1482,141,0.7655,0
10.8701,0,3,3381.634,2365.0457,0,0.0,0.0,0.0,20,11,0.8768,0.1431,189,0.9185,0
4.1597,0,1,403.3088,623.4689,1,0.0,3.0,3.0,140,107,0.8019,0.0114,70,0.7414,3
0.07,0,3,59.273,9.2664,2,0.0,0.0,0.0,423,219,0.9717,0.0244,8,0.2475,1
0.3455,0,3,18.873,2.8271,1,0.0,0.0,0.0,444,357,0.851,0.0306,42,0.172,1
0.956,1,3,5.4198,31.4873,1,0.0,0.0,0.0,192,8,0.0992,0.9967,3,0.0452,2
0.5095,1,3,60.9069,22.6716,1,0.0,0.0,0.0,182,7,0.0532,0.8111,10,0.1538,2
3.528,0,3,1227.8765,3980.6299,0,0.0,0.0,0.0,9,11,0.8019,0.0816,187,0.7236,0
0.2853,0,0,8.9091,4.6507,0,0.0,0.0,0.0,310,246,0.941,0.0375,20,0.1493,1
0.5155,0,2,15.303,29.1715,2,0.0,0.0,0.0,160,2,0.2029,0.8952,13,0.1074,2
10.461,0,1,1225.6183,1565.0576,2,0.0,0.0,0.0,10,10,0.9151,0.0671,92,0.7434,0
10.2727,0,0,312.57,1509.169,0,0.0,0.0,0.0,10,15,0.8278,0.1437,204,0.9187,0
4.532,0,2,224.5104,210.7323,0,0.0,2.0,3.0,66,85,0.8423,0.0293,104,0.7886,3
0.4597,0,3,46.4309,6.5876,1,1.0,0.0,0.0,487,399,0.8945,0.0875,4,0.3507,1
1.7725,0,1,175.219,571.1601,2,0.0,2.0,7.0,142,98,0.9473,0.0956,136,0.7334,3
1.4622,0,1,222.7615,769.0011,0,0.0,2.0,2.0,106,65,0.8908,0.0149,53,0.6378,3
1.9028,0,0,1208.5161,2338.8124,0,0.0,0.0,0.0,10,14,0.945,0.0213,159,0.7376,0
0.1692,0,0,61.4221,4.9303,1,0.0,0.0,0.0,302,270,0.9118,0.0689,29,0.3679,1
2.4601,1,4,765.716,7011.6257,0,0.0,0.0,0.0,14,7,0.9907,0.1075,152,0.8782,0
35.6832,1,0,704.7041,932.2451,0,0.0,0.0,0.0,16,8,0.9902,0.042,190,0.9557,0
9.4051,0,3,1337.455,4554.2661,0,0.0,0.0,0.0,12,11,0.9371,0.1244,128,0.9077,0
5.3922,0,1,588.1467,519.4102,2,0.0,3.0,5.0,148,44,0.8699,0.0958,82,0.7526,3
1.0025,0,1,458.5003,1930.1908,0,0.0,0.0,0.0,13,11,0.8879,0.0273,135,0.7116,0
1.1375,1,3,4.058,22.7192,1,0.0,0.0,0.0,283,8,0.1388,0.8148,1,0.0628,2
4.2721,0,1,317.8105,317.9619,2,0.0,1.0,4.0,67,39,0.8679,0.0584,51,0.8218,3
8.1708,0,1,153.0979,380.3087,2,0.0,4.0,4.0,93,38,0.8428,0.0534,108,0.6237,3
12.6966,0,0,582.5889,2626.2272,0,0.0,0.0,0.0,13,14,0.8187,0.116,179,0.9591,0
0.3062,2,2,60.7772,19.0741,2,0.0,0.0,0.0,283,2,0.1939,0.9946,12,0.1686,2
0.4744,0,0,147.3797,6.3073,1,1.0,0.0,0.0,509,478,0.931,0.0887,43,0.1264,1
11.9091,0,1,416.4746,1991.2851,0,0.0,0.0,0.0,15,14,0.9202,0.0201,124,0.7508,0
0.336,0,5,46.0641,2.299,1,0.0,0.0,0.0,356,442,0.9744,0.0472,1,0.2809,1
18.4705,1,2,721.9803,1479.7422,0,0.0,0.0,0.0,13,12,0.9356,0.1257,131,0.7519,0
0.4652,0,3,442.4821,4687.1857,3,0.0,0.0,0.0,17,5,0.7952,0.0078,204,0.8131,0
0.3006,0,0,50.5612,7.904,1,0.0,0.0,0.0,381,489,0.8809,0.0738,17,0.3871,1
0.7902,2,2,18.1418,0.736,2,0.0,0.0,0.0,183,9,0.0804,0.9745,5,0.1779,2
0.4968,0,4,2474.4548,8896.0223,0,0.0,0.0,0.0,12,11,0.9478,0.0477,129,0.7799,0
0.9511,0,2,394.5317,354.3899,1,0.0,2.0,7.0,42,133,0.8061,0.0802,51,0.7704,3
0.2611,0,4,54.9025,15.0271,2,0.0,0.0,0.0,156,3,0.072,0.9163,23,0.03,2
0.4064,0,0,138.0885,8.2239,1,0.0,0.0,0.0,493,342,0.9694,0.0381,35,0.3983,1
0.4554,0,0,24.321,0.8367,3,0.0,0.0,0.0,431,227,0.982,0.084,34,0.2067,1
0.6335,1,2,6.4803,17.9001,2,0.0,0.0,0.0,166,9,0.0566,0.8908,13,0.0348,2
22.8013,0,3,572.0536,6634.1504,0,0.0,0.0,0.0,12,12,0.8529,0.1074,172,0.9568,0
0.1623,1,2,12.1944,11.1541,2,0.0,0.0,0.0,183,4,0.1083,0.8094,13,0.1715,2
0.9734,0,5,25.7347,0.5749,2,0.0,0.0,0.0,148,1,0.1269,0.8606,3,0.1311,2
1.342,0,1,571.0607,786.5805,0,0.0,5.0,4.0,141,111,0.9711,0.0207,82,0.8723,3
9.7955,0,1,246.6915,780.431,0,0.0,5.0,2.0,56,121,0.9461,0.0681,69,0.8403,3
0.3686,0,0,19.6538,6.1333,1,0.0,0.0,0.0,347,496,0.9963,0.0978,39,0.1205,1
0.9212,2,1,1.8099,12.5852,0,0.0,0.0,0.0,274,11,0.2253,0.9656,11,0.1903,2
3.1737,0,1,504.7138,595.4125,1,0.0,1.0,3.0,84,106,0.9846,0.0545,91,0.7401,3
2.4061,1,0,500.7683,2597.4638,0,0.0,0.0,0.0,11,12,0.8243,0.0095,229,0.83,0
0.423,0,1,169.3144,745.0753,0,0.0,2.0,7.0,91,76,0.8657,0.0842,51,0.7919,3
6.7315,0,1,593.9936,605.9846,0,0.0,4.0,7.0,66,96,0.9529,0.0994,79,0.6453,3
0.7737,0,2,8.8739,9.5637,0,0.0,0.0,0.0,241,7,0.1505,0.822,21,0.1064,2
1.1084,1,0,191.9436,1337.939,1,0.0,0.0,0.0,11,11,0.9874,0.051,94,0.7772,0
1.7307,0,0,1444.6019,2882.555,0,0.0,0.0,0.0,11,9,0.9566,0.0885,124,0.8851,0
9.6881,0,0,317.6225,824.7003,0,0.0,0.0,0.0,11,7,0.95,0.0257,69,0.8425,0
0.3628,0,0,34.117,4.4439,1,0.0,0.0,0.0,447,422,0.8879,0.01,22,0.2765,1
1.7442,0,2,570.1299,1246.1322,0,0.0,0.0,0.0,7,10,0.8183,0.0311,138,0.9664,0
0.2871,0,0,105.5516,0.1484,3,1.0,0.0,0.0,343,200,0.85,0.0287,41,0.1361,1
0.0744,1,0,1.0916,0.0143,1,0.0,0.0,0.0,438,424,0.9246,0.0857,43,0.3354,1
0.2404,0,0,100.8663,6.2219,1,1.0,0.0,0.0,372,460,0.8789,0.0534,3,0.153,1
0.337,0,0,21.2293,7.1628,0,3.0,0.0,0.0,331,456,0.9594,0.0688,25,0.2679,1
0.209,0,1,300.2199,357.9937,0,0.0,2.0,7.0,91,55,0.8941,0.0811,86,0.9269,3
0.269,1,0,59.8258,5.264,1,0.0,0.0,0.0,367,447,0.8724,0.0351,10,0.1251,1
0.2203,0,0,35.9426,3.9862,1,0.0,0.0,0.0,291,340,0.878,0.0048,8,0.2442,1
0.3425,0,0,19.4078,3.2895,1,0.0,0.0,0.0,329,355,0.9161,0.0066,47,0.3463,1
0.0165,1,2,54.8436,0.8193,1,0.0,0.0,0.0,267,11,0.2132,0.9645,1,0.1521,2
0.7594,0,3,4.899,14.926,2,0.0,0.0,0.0,162,13,0.1601,0.826,24,0.023,2
3.7889,0,2,215.2828,670.4771,0,0.0,5.0,6.0,42,114,0.928,0.0436,47,0.8512,3
6.145,0,1,505.797,444.9903,0,0.0,5.0,4.0,99,49,0.8712,0.0318,63,0.7125,3
1.8267,0,2,1386.6336,1630.9292,0,0.0,0.0,0.0,9,15,0.7598,0.1269,254,0.8014,0
0.1421,1,5,21.5737,24.6096,2,0.0,0.0,0.0,238,6,0.0104,0.8969,12,0.1737,2
0.2196,0,3,15.6032,9.0696,2,0.0,0.0,0.0,447,435,0.905,0.0287,18,0.2069,1
0.1193,0,0,206.3918,8.0626,2,0.0,0.0,0.0,507,220,0.9262,0.0967,21,0.3209,1
0.0607,0,0,3.6854,25.7808,2,0.0,0.0,0.0,237,14,0.0251,0.9192,9,0.0815,2
2.8396,0,1,572.6602,745.8749,2,0.0,5.0,7.0,131,123,0.8228,0.0653,106,0.6449,3
0.6091,1,5,55.161,15.2435,2,0.0,0.0,0.0,247,7,0.0327,0.927,15,0.0618,2
0.8142,0,0,1218.7238,3764.7764,2,0.0,0.0,0.0,11,12,0.9908,0.0043,139,0.9034,0
0.3789,0,0,32.3755,4.3872,3,0.0,0.0,0.0,330,316,0.9295,0.0922,35,0.1114,1
5.6434,0,1,188.9697,341.6856,0,0.0,1.0,7.0,34,127,0.984,0.0745,155,0.6248,3
7.0474,1,4,1913.994,2473.5038,0,0.0,0.0,0.0,17,11,0.9237,0.0105,240,0.9335,0
0.469,2,5,16.5231,9.7033,1,0.0,0.0,0.0,350,266,0.861,0.0416,26,0.1411,1
0.077,2,0,86.5434,1.704,1,0.0,0.0,0.0,398,509,0.9051,0.0495,28,0.2278,1
0.4837,0,0,38.9749,4.6346,1,0.0,0.0,0.0,379,430,0.8998,0.0976,3,0.1701,1
0.8227,0,2,18.6728,24.6796,1,0.0,0.0,0.0,123,4,0.1464,0.7782,8,0.1941,2
8.8506,0,3,2309.3608,3391.4128,0,0.0,0.0,0.0,9,16,0.8338,0.0886,96,0.9459,0
3.094,0,1,180.5267,706.0321,1,0.0,1.0,3.0,87,98,0.8547,0.0456,114,0.7467,3
2.2063,0,2,409.3096,223.6007,2,0.0,2.0,5.0,31,101,0.9633,0.0444,138,0.8728,3
5.0215,0,1,560.6444,472.6124,0,0.0,5.0,7.0,101,47,0.8416,0.0049,98,0.9415,3
0.1672,2,0,130.8832,7.9052,2,0.0,0.0,0.0,342,413,0.9915,0.0977,31,0.1293,1
1.0724,0,1,11.8838,9.6389,2,0.0,0.0,0.0,87,12,0.0841,0.8995,23,0.1643,2
6.934,0,1,220.3841,734.376,0,0.0,2.0,6.0,53,46,0.9224,0.0144,116,0.706,3
56.9726,0,1,1428.3893,2418.0631,0,0.0,0.0,0.0,9,16,0.8367,0.12,127,0.8265,0
8.2933,0,1,487.4379,289.8612,0,0.0,4.0,6.0,100,123,0.8934,0.0406,97,0.9491,3
1.9939,0,1,553.5302,457.5618,2,0.0,2.0,6.0,41,120,0.945,0.0809,180,0.7035,3
0.4203,0,0,65.1859,6.7171,1,0.0,0.0,0.0,399,472,0.9157,0.0645,16,0.1073,1
0.3328,1,0,48.4148,4.1596,0,0.0,0.0,0.0,387,326,0.9789,0.0041,5,0.2789,1
2.3837,0,0,318.2125,2778.1756,0,0.0,0.0,0.0,22,16,0.8226,0.1105,193,0.8909,0
5.129,0,1,468.1841,526.1228,0,0.0,5.0,5.0,47,35,0.9122,0.0344,177,0.6067,3
0.0299,1,0,30.0194,1.3248,1,0.0,0.0,0.0,359,228,0.9852,0.0061,34,0.3574,1
0.8553,0,3,31.6907,4.7626,0,0.0,0.0,0.0,295,7,0.0829,0.7933,1,0.0896,2
2.2521,0,1,483.8142,506.2668,0,0.0,2.0,7.0,97,63,0.8676,0.0292,97,0.6543,3
1.523,0,1,486.5509,504.3718,0,0.0,1.0,5.0,82,33,0.9429,0.0931,88,0.7258,3
0.5041,0,4,57.3706,29.372,1,0.0,0.0,0.0,160,10,0.0549,0.8469,12,0.0296,2
24.7803,0,0,230.8376,1965.4756,0,0.0,0.0,0.0,15,11,0.8036,0.1374,137,0.9639,0
0.3958,0,3,114.3709,8.4141,1,0.0,0.0,0.0,379,453,0.8874,0.003,38,0.1822,1
0.8597,1,5,355.4141,3254.3759,0,0.0,0.0,0.0,5,11,0.978,0.0514,53,0.7946,0
0.4943,1,0,312.1826,2.1131,1,0.0,0.0,0.0,316,358,0.9034,0.0588,47,0.2982,1
4.4595,0,5,1004.2625,1905.0529,0,0.0,0.0,0.0,14,5,0.7693,0.0621,187,0.787,0
0.3745,0,3,51.6205,28.449,2,0.0,0.0,0.0,196,2,0.1362,0.8313,16,0.082,2
6.4196,2,0,474.4514,1935.8443,2,0.0,0.0,0.0,15,14,0.8608,0.1426,133,0.9456,0
0.8833,0,4,37.664,1.197,2,0.0,0.0,0.0,285,5,0.2143,0.9507,15,0.1224,2
0.6163,2,2,27.9092,3.5779,2,0.0,0.0,0.0,100,13,0.175,0.788,9,0.1179,2
0.0389,1,0,123.0072,8.9462,1,0.0,0.0,0.0,290,482,0.9267,0.0983,42,0.1753,1
1.1859,0,2,30.7528,12.8071,2,0.0,0.0,0.0,150,9,0.1674,0.9318,24,0.1221,2
1.0757,0,2,19.2007,15.1482,2,0.0,0.0,0.0,105,3,0.1945,0.822,21,0.1151,2
0.4802,0,0,1111.3785,5846.5479,0,0.0,0.0,0.0,20,12,0.797,0.1409,90,0.8881,0
1.0373,1,3,253.4976,2171.4169,0,0.0,0.0,0.0,17,10,0.7793,0.0863,134,0.9177,0
12.4116,0,1,438.2145,654.0321,2,0.0,5.0,6.0,113,109,0.9494,0.0382,131,0.9077,3
7.3221,0,0,298.1135,4035.1588,0,0.0,0.0,0.0,13,8,0.9586,0.0917,165,0.9503,0
5.3327,0,0,288.4808,2606.4648,0,0.0,0.0,0.0,11,13,0.88,0.1487,231,0.7549,0
0.7361,1,2,13.0374,14.0379,2,0.0,0.0,0.0,289,13,0.0732,0.8361,12,0.1897,2
1.1187,2,0,49.152,28.7053,2,0.0,0.0,0.0,208,6,0.1316,0.9456,6,0.1015,2
1.4838,0,1,188.4004,676.5051,0,0.0,4.0,2.0,65,25,0.8473,0.0066,111,0.9032,3
1.079,1,1,13.4564,26.6514,2,0.0,0.0,0.0,112,13,0.1166,0.8114,5,0.1048,2
24.9029,0,0,1360.6851,2910.9721,0,0.0,0.0,0.0,10,16,0.9537,0.063,69,0.9153,0
10.7131,0,1,517.4232,212.4582,0,0.0,4.0,6.0,86,81,0.9952,0.0869,175,0.9065,3
6.0797,0,2,557.3187,526.0441,0,0.0,1.0,3.0,35,118,0.836,0.0788,127,0.8005,3
6.9475,0,2,2018.0834,4971.7682,0,0.0,0.0,0.0,13,10,0.9702,0.0776,63,0.7052,0
0.0398,2,0,105.732,0.6246,1,1.0,0.0,0.0,331,351,0.9835,0.0864,42,0.3399,1
0.6075,0,4,34.6568,14.8082,2,0.0,0.0,0.0,179,8,0.0643,0.8578,8,0.0754,2
9.4172,0,1,401.7321,1325.5988,0,0.0,1.0,0.0,19,6,0.8041,0.039,141,0.9278,0
6.1685,0,0,605.9544,2102.7557,0,0.0,0.0,0.0,18,11,0.8144,0.0752,67,0.8693,0
0.1107,0,3,133.7991,8.3415,1,0.0,0.0,0.0,256,203,0.9442,0.0706,8,0.2098,1
2.2427,0,0,355.8133,3465.1434,0,0.0,0.0,0.0,12,12,0.9756,0.1365,53,0.7039,0
11.2006,0,5,767.8013,9158.5524,0,0.0,0.0,0.0,8,13,0.8542,0.1107,111,0.9303,0
0.9149,0,2,49.1359,23.003,1,0.0,0.0,0.0,110,7,0.1783,0.819,7,0.0574,2
1.6964,0,1,234.8045,283.7206,0,0.0,3.0,5.0,47,35,0.8174,0.0862,101,0.6677,3
0.2343,0,0,31.2812,8.4584,1,0.0,0.0,0.0,298,467,0.9647,0.0767,42,0.251,1
0.3797,0,3,4.3072,7.9812,3,1.0,0.0,0.0,475,363,0.8906,0.0605,3,0.1105,1
21.379,1,2,635.1989,3521.2878,0,0.0,0.0,0.0,15,19,0.9106,0.0149,154,0.7184,0
1.189,1,2,20.9148,30.4176,2,0.0,0.0,0.0,172,10,0.154,0.903,14,0.0391,2
0.3036,0,1,45.6741,21.6295,2,0.0,0.0,0.0,236,14,0.0738,0.8042,9,0.1159,2
0.6481,0,2,13.7066,19.5664,2,0.0,0.0,0.0,194,10,0.2176,0.8077,21,0.138,2
15.9009,1,3,375.9794,6405.6382,0,0.0,0.0,0.0,12,7,0.9099,0.0182,59,0.9986,0
0.1726,0,0,69.578,1.0737,1,0.0,0.0,0.0,480,432,0.8907,0.0412,18,0.3775,1
10.9578,0,0,781.4152,975.255,0,0.0,0.0,0.0,13,6,0.8443,0.0999,50,0.8289,0
0.2132,0,0,2.6978,2.375,1,0.0,0.0,0.0,322,462,0.9138,0.0367,11,0.1408,1
0.052,1,0,33.5699,3.4157,1,0.0,0.0,0.0,405,456,0.8749,0.091,47,0.2661,1
7.2438,2,1,228.1176,4198.748,0,0.0,0.0,0.0,16,6,0.9504,0.0849,222,0.8198,0
3.9451,0,0,536.8167,8613.5147,0,0.0,0.0,0.0,10,10,0.9148,0.0642,102,0.8967,0
1.0824,0,2,43.8882,21.359,2,0.0,0.0,0.0,290,5,0.1413,0.8798,21,0.1711,2
5.6123,2,0,599.0556,5766.6237,0,0.0,0.0,0.0,9,17,0.7717,0.0957,193,0.7734,0
0.0932,1,3,48.8091,7.8963,2,0.0,0.0,0.0,252,6,0.2255,0.7948,3,0.1459,2
1.8346,0,1,408.1338,420.9328,0,0.0,4.0,3.0,90,35,0.8443,0.0702,167,0.7856,3
0.1789,0,1,59.7951,27.509,2,0.0,0.0,0.0,164,10,0.0342,0.8121,10,0.1,2
0.1113,0,3,26.86,3.7616,2,0.0,0.0,0.0,475,397,0.9756,0.0826,3,0.2461,1
1.9067,0,4,898.8494,1978.5286,0,0.0,0.0,0.0,10,15,0.9296,0.0429,231,0.9369,0
27.1258,1,1,297.9937,9895.9874,0,0.0,0.0,0.0,13,16,0.8505,0.0303,137,0.8472,0
15.219,0,0,478.9385,7263.1326,0,0.0,0.0,0.0,12,10,0.7844,0.1194,133,0.7225,0
0.488,0,0,87.0989,0.4602,2,0.0,0.0,0.0,387,278,0.9748,0.0324,32,0.1452,1
4.0779,0,1,339.181,337.1819,0,0.0,4.0,4.0,49,30,0.915,0.064,139,0.9236,3
0.4224,0,5,342.1423,7.4538,1,0.0,0.0,0.0,352,261,0.9556,0.0188,41,0.1124,1
0.3872,1,3,36.3756,3.98,1,1.0,0.0,0.0,419,471,0.8911,0.0249,33,0.169,1
0.3227,1,4,460.8489,3656.7408,1,0.0,0.0,0.0,12,7,0.8703,0.043,130,0.9232,0
2.8506,0,2,538.3443,265.7571,0,0.0,3.0,6.0,105,83,0.8371,0.0003,106,0.7752,3
9.3506,0,1,1013.3628,3259.1781,0,0.0,0.0,0.0,11,11,0.783,0.0362,68,0.752,0
0.7935,1,3,47.3114,19.7076,1,0.0,0.0,0.0,164,9,0.2482,0.9804,12,0.1299,2
0.2283,0,0,115.6599,8.0318,1,0.0,0.0,0.0,369,360,0.8574,0.0588,29,0.196,1
7.357,0,4,2944.1979,986.6348,0,0.0,0.0,0.0,18,12,0.9482,0.0587,195,0.9648,0
0.272,0,3,15.0022,1.2566,1,0.0,0.0,0.0,374,242,0.8519,0.0201,3,0.1276,1
19.4082,0,0,1714.8366,928.9874,0,0.0,0.0,0.0,8,11,0.8753,0.149,176,0.9638,0
0.2632,1,2,11.6619,3.2913,1,0.0,0.0,0.0,204,12,0.2216,0.8162,11,0.0451,2
0.5494,0,0,33.5813,10.6943,2,0.0,0.0,0.0,96,9,0.086,0.9522,12,0.1575,2
0.2776,0,2,18.7243,24.2351,1,0.0,0.0,0.0,119,1,0.2145,0.7862,14,0.0765,2
1.0494,1,2,17.6924,8.445,2,0.0,0.0,0.0,207,1,0.0208,0.8088,22,0.0789,2
1.795,0,3,1056.7014,4305.3507,0,0.0,0.0,0.0,19,11,0.7783,0.0507,238,0.9448,0
0.9198,1,1,47.1648,18.205,1,0.0,0.0,0.0,142,11,0.1852,0.8851,19,0.0837,2
0.3496,0,0,592.1101,3226.7153,0,0.0,0.0,0.0,16,18,0.9101,0.0515,173,0.8886,0
0.2668,0,0,7.3742,8.2948,2,0.0,0.0,0.0,391,408,0.8718,0.0768,7,0.2528,1
0.6989,1,3,28.2053,0.9861,2,0.0,0.0,0.0,140,11,0.0606,0.9728,14,0.0322,2
12.9699,0,0,729.6803,3632.0926,0,0.0,0.0,0.0,10,13,0.898,0.0678,55,0.969,0
32.7841,1,0,57.9293,1420.8791,0,0.0,0.0,0.0,11,13,0.824,0.0014,112,0.986,0
0.2598,0,1,217.7228,774.0058,1,0.0,1.0,3.0,62,99,0.8154,0.0857,191,0.8217,3
3.4759,0,2,322.5101,297.6545,0,0.0,1.0,2.0,39,51,0.9454,0.0917,66,0.7492,3
0.1194,1,2,13.4851,4.851,1,0.0,0.0,0.0,147,2,0.2154,0.9542,21,0.1454,2
0.3989,0,0,26.1251,6.0013,1,0.0,0.0,0.0,480,334,0.9714,0.0441,47,0.3205,1
1.2914,0,1,587.0581,799.6322,0,0.0,5.0,6.0,100,107,0.8285,0.0579,102,0.7789,3
5.9811,0,1,212.6131,554.2749,2,0.0,3.0,3.0,145,131,0.8159,0.0202,126,0.8724,3
0.2682,0,0,68.4948,3.8842,1,0.0,0.0,0.0,494,223,0.8982,0.0791,30,0.1764,1
6.0177,2,3,137.897,1484.8733,0,0.0,0.0,0.0,8,13,0.8061,0.0259,81,0.7673,0
0.449,0,1,44.6348,27.6791,2,0.0,0.0,0.0,86,8,0.2101,0.8956,20,0.1079,2
0.1136,0,0,23.7315,5.3374,1,0.0,0.0,0.0,466,427,0.8737,0.0047,11,0.387,1
6.0459,0,1,287.9786,565.8142,0,0.0,2.0,2.0,106,133,0.8133,0.0228,181,0.7696,3
0.8857,1,0,815.1489,6044.8838,0,0.0,0.0,0.0,18,10,0.9191,0.0251,207,0.7517,0
17.3012,1,1,486.8146,5882.242,0,0.0,0.0,0.0,11,6,0.951,0.1269,106,0.9572,0
0.2899,0,2,11.7104,28.5744,1,0.0,0.0,0.0,150,4,0.2351,0.7844,12,0.0559,2
3.8548,0,1,365.9271,455.4205,0,0.0,5.0,5.0,132,133,0.9852,0.0749,93,0.8466,3
0.551,1,2,649.123,7629.7616,0,0.0,0.0,0.0,13,9,0.9747,0.0267,245,0.7184,0
0.2436,0,5,26.4921,8.1134,2,0.0,0.0,0.0,391,371,0.8861,0.0173,46,0.2391,1
0.5317,0,1,329.0318,671.8737,0,0.0,5.0,3.0,148,65,0.8317,0.0872,150,0.7819,3
20.5428,0,5,264.9547,3572.9186,0,0.0,1.0,0.0,14,9,0.9989,0.1229,180,0.7885,0
0.0323,2,0,36.4888,1.2881,1,0.0,0.0,0.0,257,218,0.8801,0.0898,32,0.3716,1
0.3101,1,0,107.1536,0.4555,2,0.0,0.0,0.0,495,238,0.9022,0.0608,31,0.3076,1
0.4009,0,3,56.6269,5.6225,1,0.0,0.0,0.0,356,212,0.9933,0.0553,6,0.1536,1
0.0266,1,0,13.9089,6.0512,1,0.0,0.0,0.0,451,325,0.9396,0.0326,36,0.1192,1
1.0126,1,3,23.9351,30.3999,2,0.0,0.0,0.0,292,3,0.189,0.9206,18,0.0543,2
0.6807,0,5,10.1595,5.0641,2,0.0,0.0,0.0,136,4,0.0858,0.8316,21,0.1537,2
4.9381,0,2,403.1069,679.448,0,0.0,4.0,2.0,34,61,0.8486,0.0511,47,0.6847,3
2.514,0,1,167.8005,649.4919,0,0.0,1.0,7.0,102,32,0.9766,0.0899,144,0.8854,3
0.5814,1,0,46.2416,2.1113,2,0.0,0.0,0.0,137,4,0.0817,0.7811,24,0.0882,2
0.3546,0,0,36.4988,5.9273,1,0.0,0.0,0.0,290,323,0.8694,0.0079,38,0.2728,1
4.5591,0,1,938.3288,1814.3456,0,0.0,0.0,0.0,10,16,0.9156,0.1057,67,0.748,0
18.5463,1,3,379.5033,11229.045,1,0.0,0.0,0.0,6,13,0.7554,0.1043,185,0.9803,0
0.3259,1,3,85.6711,1.2377,2,1.0,0.0,0.0,326,222,0.8578,0.0598,47,0.326,1
20.0359,0,5,2118.2847,1300.0916,0,0.0,0.0,0.0,13,11,0.8819,0.0071,191,0.798,0
0.2114,1,3,7.1397,31.003,2,0.0,0.0,0.0,93,11,0.1337,0.7564,8,0.1321,2
6.4847,0,1,185.3974,532.1439,0,0.0,2.0,4.0,72,85,0.9795,0.0444,159,0.8393,3
0.2869,1,0,384.1422,4346.6299,0,0.0,0.0,0.0,7,6,0.9468,0.1421,150,0.9695,0
18.2217,0,1,588.7552,673.3387,0,0.0,4.0,4.0,101,132,0.9601,0.0866,126,0.9025,3
0.1197,0,1,50.6469,3.3893,1,0.0,0.0,0.0,171,12,0.1783,0.8577,5,0.0378,2
0.4502,2,0,80.572,6.3914,1,0.0,0.0,0.0,263,374,0.9175,0.0852,11,0.2778,1
1.3904,0,1,537.0132,577.8255,0,0.0,5.0,2.0,54,119,0.8067,0.0061,191,0.8822,3
0.5476,0,2,278.7051,208.6387,1,0.0,1.0,4.0,38,75,0.8806,0.0137,65,0.6752,3
30.5357,0,1,2210.744,1896.3009,0,0.0,0.0,0.0,16,7,0.7873,0.0158,85,0.7659,0
1.4164,0,2,382.3617,577.6098,0,0.0,2.0,2.0,42,107,0.8719,0.0596,67,0.6331,3
0.464,0,3,114.8334,9.7105,1,0.0,0.0,0.0,376,397,0.9249,0.0892,14,0.1845,1
2.4476,0,1,520.8693,555.7096,0,0.0,2.0,2.0,49,61,0.9817,0.0843,165,0.9212,3
3.3559,0,1,274.4546,497.1439,0,0.0,5.0,5.0,143,26,0.8258,0.0382,55,0.9121,3
1.2073,0,1,509.6495,335.0839,0,0.0,5.0,2.0,36,30,0.9123,0.0666,103,0.7088,3
5.2639,0,0,392.817,2129.3626,0,0.0,0.0,0.0,11,11,0.8282,0.1257,71,0.8394,0
10.8018,0,1,330.4542,390.8542,0,0.0,2.0,4.0,124,125,0.9889,0.0211,55,0.7869,3
0.6544,0,3,21.9697,28.3176,2,0.0,0.0,0.0,177,8,0.083,0.9237,9,0.1744,2
0.0271,0,0,40.5062,7.2364,1,1.0,0.0,0.0,262,498,0.983,0.0725,46,0.1033,1
5.421,0,3,301.9849,6007.8957,0,0.0,0.0,0.0,15,14,0.9116,0.0611,94,0.7782,0
0.0572,0,5,125.2345,8.8787,1,0.0,0.0,0.0,384,487,0.9488,0.0819,11,0.1302,1
7.0393,2,0,2034.1029,2242.4908,0,0.0,0.0,0.0,17,10,0.956,0.0502,112,0.9115,0
7.0358,0,0,748.6083,8436.1687,0,0.0,0.0,0.0,5,8,0.9073,0.015,153,0.7249,0
0.0629,0,0,5.1146,8.3331,1,1.0,0.0,0.0,296,286,0.8834,0.0411,22,0.2804,1
8.3192,1,1,431.672,2287.9337,0,0.0,0.0,0.0,14,12,0.7951,0.0696,198,0.9799,0
0.0903,0,0,3.6605,20.6353,3,0.0,0.0,0.0,82,12,0.1558,0.866,20,0.179,2
5.1998,0,1,435.0067,407.2762,0,0.0,4.0,5.0,58,32,0.9114,0.0562,171,0.9192,3
0.5419,1,4,36.3787,29.8044,2,0.0,0.0,0.0,285,5,0.0203,0.9234,18,0.0433,2
0.0553,0,0,157.3916,8.8249,1,0.0,0.0,0.0,324,452,0.8832,0.0965,36,0.1331,1
24.4421,0,5,768.8357,4226.9657,0,0.0,0.0,0.0,15,8,0.9359,0.1458,149,0.7781,0
0.8325,0,1,211.7878,681.0871,1,0.0,3.0,2.0,83,132,0.8114,0.0339,53,0.7193,3
0.4789,0,0,76.6312,6.8255,1,0.0,0.0,0.0,451,357,0.9177,0.0683,1,0.106,1
0.131,0,0,8.9628,4.5804,1,0.0,0.0,0.0,394,487,0.8754,0.0286,48,0.2866,1
13.933,0,2,579.9815,3996.502,0,0.0,0.0,0.0,15,13,0.9774,0.1025,113,0.9153,0
1.0918,0,2,24.9207,11.7042,1,0.0,0.0,0.0,272,9,0.2366,0.8958,22,0.0268,2
0.0644,1,2,60.3576,3.3111,2,0.0,0.0,0.0,201,1,0.0177,0.8839,6,0.0617,2
0.0574,0,0,0.9575,4.215,1,0.0,0.0,0.0,397,333,0.9744,0.0862,42,0.3179,1
1.1908,0,3,21.8406,25.9815,1,0.0,0.0,0.0,86,3,0.1966,0.9105,21,0.164,2
3.0356,0,1,577.3677,745.0244,1,0.0,4.0,2.0,30,100,0.8592,0.0722,142,0.8583,3
1.0495,1,4,63.3798,17.7482,2,0.0,0.0,0.0,292,8,0.0752,0.7716,4,0.1576,2
0.4304,0,3,122.8561,0.5794,1,0.0,0.0,0.0,271,401,0.8816,0.0002,40,0.3294,1
0.2033,0,3,91.196,0.7509,1,0.0,0.0,0.0,275,499,0.8961,0.01,30,0.1012,1
12.1164,0,0,941.0036,1056.9001,0,0.0,0.0,0.0,23,3,0.9135,0.0556,150,0.7001,0
4.6642,0,1,292.8513,760.2593,0,0.0,4.0,4.0,100,52,0.9588,0.032,111,0.7154,3
24.9176,0,0,260.0074,1176.224,0,0.0,1.0,0.0,15,13,0.8583,0.1172,96,0.864,0
8.0584,0,1,234.7149,481.619,0,0.0,2.0,7.0,63,64,0.813,0.0095,103,0.8196,3
45.4584,0,3,1689.6626,5902.684,0,0.0,0.0,0.0,14,9,0.9415,0.0404,216,0.732,0
0.8729,0,5,59.0575,12.4677,2,0.0,0.0,0.0,288,6,0.0801,0.8057,11,0.0715,2
0.1671,0,0,82.4986,9.1122,1,0.0,0.0,0.0,408,481,0.9212,0.0874,34,0.2711,1
2.3603,1,0,1630.9164,1360.6704,0,0.0,0.0,0.0,11,8,0.992,0.12,179,0.9739,0
0.3956,0,0,18.5849,3.4112,1,0.0,0.0,0.0,471,361,0.8823,0.0669,7,0.3648,1
0.3757,1,2,46.3021,8.0883,1,0.0,0.0,0.0,119,9,0.0704,0.9324,22,0.0556,2
0.7106,0,1,221.4231,724.5389,0,0.0,4.0,7.0,85,46,0.8082,0.0937,161,0.9483,3
8.0647,0,2,224.5885,675.8496,0,0.0,1.0,5.0,88,129,0.8002,0.0565,156,0.6737,3
0.3759,0,2,55.6405,25.1868,1,0.0,0.0,0.0,154,5,0.0613,0.8513,17,0.0775,2
5.2021,1,2,1233.1769,7966.3043,0,0.0,1.0,0.0,11,8,0.9478,0.0704,219,0.7092,0
32.7967,0,1,771.5871,1392.8185,0,0.0,0.0,0.0,13,10,0.8218,0.1232,224,0.7438,0
0.2072,0,3,50.5354,9.6942,1,0.0,0.0,0.0,469,425,0.9706,0.0684,27,0.2459,1
1.1518,0,4,39.0095,28.9054,1,0.0,0.0,0.0,280,4,0.1991,0.9692,6,0.1725,2
0.5485,0,2,407.3767,5628.0872,0,0.0,0.0,0.0,14,7,0.9591,0.0824,250,0.9728,0
0.3044,1,0,33.7114,20.4263,2,0.0,0.0,0.0,223,6,0.1873,0.9198,10,0.1676,2
0.4207,1,5,46.7322,8.6613,1,0.0,0.0,0.0,419,425,0.8897,0.0478,10,0.1532,1
55.9841,0,0,146.125,9006.2286,0,0.0,0.0,0.0,10,11,0.7582,0.0204,152,0.9137,0
0.122,0,5,0.0994,23.9206,1,0.0,0.0,0.0,196,5,0.2182,0.8425,2,0.1,2
3.2873,0,1,239.5543,669.5167,0,0.0,3.0,6.0,91,72,0.868,0.0428,135,0.6398,3
0.1491,0,3,24.4171,5.0686,2,0.0,0.0,0.0,125,1,0.0437,0.9565,22,0.1126,2
0.1712,0,3,70.8547,1.8219,2,0.0,0.0,0.0,277,370,0.9684,0.089,4,0.3434,1
1.4061,0,0,2100.0388,2673.4967,0,0.0,0.0,0.0,8,14,0.9787,0.0767,235,0.8512,0
1.1307,0,1,19.0326,30.8401,2,0.0,0.0,0.0,215,6,0.1952,0.8676,8,0.0727,2
0.9621,0,5,4.8471,31.8649,2,0.0,0.0,0.0,86,8,0.2206,0.953,23,0.0337,2
10.6435,0,1,553.9527,485.3899,0,0.0,1.0,7.0,130,61,0.9266,0.0646,113,0.7858,3
0.4479,0,5,51.2437,5.0403,2,0.0,0.0,0.0,405,222,0.8912,0.0188,32,0.3327,1
4.5826,0,0,1086.1166,1586.6044,0,0.0,0.0,0.0,12,11,0.8957,0.0717,128,0.9201,0
0.6207,0,1,55.1466,6.9925,2,0.0,0.0,0.0,180,4,0.1045,0.9705,21,0.0135,2
5.3196,0,2,595.6378,692.9847,2,0.0,4.0,2.0,41,126,0.826,0.011,97,0.794,3
3.8384,0,1,581.5359,501.7503,0,0.0,1.0,6.0,135,50,0.8281,0.0586,120,0.6073,3
0.0552,0,3,37.6103,0.0381,1,0.0,0.0,0.0,255,500,0.9534,0.098,36,0.1511,1
0.4031,1,5,19.6178,6.977,1,0.0,0.0,0.0,308,387,0.8889,0.0992,28,0.1257,1
10.8575,0,1,178.6315,319.5859,0,0.0,4.0,7.0,92,49,0.8119,0.0021,66,0.887,3
0.9334,1,0,46.0249,1.0063,1,0.0,0.0,0.0,191,5,0.1701,0.9941,7,0.0596,2
0.5084,1,3,50.8638,12.7129,1,0.0,0.0,0.0,245,2,0.207,0.8752,12,0.0521,2
2.1472,0,1,592.01,387.4455,0,0.0,3.0,6.0,52,36,0.8117,0.0591,106,0.9168,3
0.4334,0,0,106.7056,2.3687,1,0.0,0.0,0.0,264,432,0.9367,0.0746,16,0.2003,1
0.5354,0,2,17.3016,1.7317,1,0.0,0.0,0.0,278,5,0.0932,0.8414,13,0.0347,2
9.2966,1,0,1618.6029,3537.5248,0,0.0,0.0,0.0,20,13,0.9957,0.129,78,0.9246,0
7.5222,0,1,358.0854,640.4575,0,0.0,2.0,6.0,56,127,0.9076,0.0115,168,0.6467,3
8.1578,0,1,212.5218,373.2739,0,0.0,3.0,3.0,44,128,0.852,0.0071,174,0.8062,3
0.6677,0,2,23.1335,10.449,2,0.0,0.0,0.0,219,2,0.0305,0.8189,16,0.1324,2
1.8409,0,1,184.9174,651.0446,2,0.0,2.0,5.0,108,114,0.8751,0.0241,169,0.7508,3
7.8134,0,0,297.1138,899.6286,0,0.0,0.0,0.0,17,11,0.7726,0.1232,136,0.8852,0
3.3499,0,3,446.2517,2488.355,2,0.0,0.0,0.0,10,7,0.9963,0.0423,107,0.7691,0
0.2901,0,3,259.1666,7.7262,1,0.0,0.0,0.0,475,496,0.9413,0.0246,24,0.1951,1
7.5527,0,4,392.0897,4085.9077,0,0.0,0.0,0.0,9,14,0.7989,0.0786,59,0.8676,0
0.6118,0,1,549.511,360.0933,2,0.0,5.0,3.0,143,124,0.8114,0.0285,79,0.7097,3
2.4403,0,1,278.1864,645.6642,0,0.0,5.0,7.0,130,74,0.9797,0.0982,125,0.6684,3
0.1264,0,5,83.7662,0.9389,1,0.0,0.0,0.0,362,336,0.963,0.0733,11,0.3277,1
0.4126,0,0,74.8989,2.3756,1,1.0,0.0,0.0,270,432,0.9283,0.0896,32,0.3025,1
3.5159,0,3,825.5829,3940.1686,0,0.0,0.0,0.0,13,13,0.8109,0.0903,133,0.7478,0
0.8637,0,1,403.5757,646.2595,0,0.0,5.0,3.0,48,135,0.9588,0.0096,81,0.7162,3
0.4613,0,0,4.9229,6.3259,1,0.0,0.0,0.0,485,384,0.9571,0.089,8,0.3535,1
4.0331,0,1,245.4076,583.5406,0,0.0,1.0,6.0,137,92,0.8833,0.0337,98,0.7037,3
0.0881,0,0,25.0911,3.5243,1,1.0,0.0,0.0,359,487,0.8616,0.0408,4,0.1676,1
0.7246,0,1,156.449,434.7071,2,0.0,3.0,4.0,64,94,0.8267,0.0818,186,0.6991,3
0.0835,0,0,146.1341,9.9835,1,0.0,0.0,0.0,299,503,0.9557,0.0973,25,0.33,1
0.2479,2,3,18.0735,16.7493,3,0.0,0.0,0.0,293,7,0.2208,0.7538,18,0.0121,2
0.1754,1,5,55.6915,8.6727,1,0.0,0.0,0.0,439,247,0.8555,0.0071,9,0.3217,1
3.0152,0,5,374.312,3804.2884,0,0.0,0.0,0.0,13,12,0.8635,0.126,138,0.8994,0
0.3007,0,5,999.0382,3711.8283,0,0.0,0.0,0.0,10,15,0.9691,0.0481,250,0.9208,0
0.0601,0,2,31.3748,9.5452,1,0.0,0.0,0.0,209,13,0.0314,0.9485,23,0.0385,2
1.0759,0,2,374.0835,665.7082,1,0.0,5.0,6.0,112,76,0.8081,0.0431,43,0.7507,3
0.2577,1,0,32.7182,6.0157,1,0.0,0.0,0.0,447,437,0.9323,0.0795,49,0.2341,1
0.9728,1,4,42.1554,1.2297,2,0.0,0.0,0.0,126,11,0.0149,0.8302,13,0.1419,2
0.3555,1,0,47.855,24.2083,1,0.0,0.0,0.0,233,14,0.0882,0.9763,2,0.1105,2
6.8528,0,2,511.7117,707.3509,1,0.0,1.0,5.0,145,87,0.9729,0.0672,162,0.7578,3
2.2495,0,1,216.8743,545.5436,0,0.0,2.0,2.0,68,40,0.9221,0.0557,120,0.8818,3
2.2918,0,2,554.838,515.9013,0,0.0,2.0,3.0,70,97,0.9495,0.0821,99,0.8089,3
1.6034,2,3,1677.6692,7251.8154,0,0.0,0.0,0.0,13,3,0.9173,0.1401,54,0.8075,0
6.0056,0,0,370.9375,2081.3279,0,0.0,0.0,0.0,12,12,0.7867,0.0509,242,0.9012,0
24.4562,0,5,886.5472,1574.3637,0,0.0,0.0,0.0,13,3,0.8484,0.059,105,0.879,0
1.1135,1,3,6.5287,0.8012,1,0.0,0.0,0.0,92,8,0.2081,0.8939,11,0.1549,2
0.6842,0,2,58.0349,5.443,1,0.0,0.0,0.0,83,10,0.1394,0.9656,5,0.1861,2
5.7901,0,1,527.3773,391.9648,0,0.0,5.0,4.0,131,42,0.8791,0.0492,153,0.667,3
0.1842,1,3,17.7429,6.7204,2,0.0,0.0,0.0,327,358,0.9217,0.0357,45,0.2855,1
8.0834,0,1,372.8973,486.4312,1,0.0,0.0,0.0,18,7,0.8432,0.0018,193,0.9044,0
8.1673,1,0,636.2193,2651.9614,0,0.0,0.0,0.0,8,12,0.7528,0.0611,54,0.8133,0
14.3788,1,0,573.7572,1965.4617,0,0.0,0.0,0.0,14,6,0.7811,0.0112,108,0.7285,0
1.1066,0,2,179.1119,685.2286,0,0.0,2.0,2.0,48,126,0.9151,0.0217,136,0.8569,3
0.7866,1,0,60.1196,2.8155,1,0.0,0.0,0.0,104,8,0.2088,0.8403,18,0.1542,2
0.4063,0,3,34.5295,2.6618,2,0.0,0.0,0.0,441,425,0.9849,0.0581,11,0.1333,1
1.3388,0,4,963.7842,3050.8848,0,0.0,0.0,0.0,18,8,0.8089,0.099,60,0.7812,0
1.5918,0,0,273.3942,4163.5661,0,0.0,0.0,0.0,8,13,0.9805,0.0327,168,0.8459,0
27.159,0,4,837.3762,2722.5223,0,0.0,0.0,0.0,11,14,0.874,0.1023,229,0.9177,0
3.2978,0,1,204.3879,438.5018,0,0.0,4.0,6.0,121,116,0.8137,0.0536,42,0.9305,3
2.362,0,1,181.1238,610.5524,0,0.0,2.0,6.0,62,97,0.8918,0.0027,57,0.8891,3
0.6199,1,0,6.3051,27.171,2,0.0,0.0,0.0,289,5,0.0933,0.8212,16,0.0837,2
0.0612,2,2,38.9708,19.5753,1,0.0,0.0,0.0,297,3,0.1997,0.958,22,0.148,2
0.0476,0,0,126.1404,5.8269,1,3.0,0.0,0.0,267,327,0.9165,0.0159,44,0.3425,1
4.9388,0,1,383.38,726.8096,1,0.0,2.0,6.0,140,119,0.9327,0.0929,186,0.6907,3
0.424,1,1,17.8928,26.5971,1,0.0,0.0,0.0,185,4,0.1495,0.8963,6,0.1485,2
67.4036,0,0,1690.478,2300.026,0,0.0,0.0,0.0,11,10,0.8081,0.1324,115,0.9271,0
0.4773,0,1,498.7488,278.4184,1,0.0,3.0,6.0,111,118,0.8699,0.0148,159,0.9321,3
0.233,1,0,57.149,3.9732,1,0.0,0.0,0.0,331,511,0.9723,0.0633,39,0.2362,1
20.4938,1,0,1929.0657,5998.493,0,0.0,0.0,0.0,8,9,0.8103,0.1193,145,0.9728,0
22.9624,1,2,1539.8857,5450.5707,0,0.0,0.0,0.0,14,13,0.8099,0.0937,253,0.7848,0
0.2835,0,0,34.0067,2.6623,1,0.0,0.0,0.0,397,201,0.9508,0.0923,40,0.3609,1
1.0306,0,1,382.9571,316.6262,0,0.0,4.0,7.0,53,120,0.8886,0.0782,116,0.6603,3
0.7611,0,1,492.7554,787.2776,1,0.0,5.0,2.0,48,138,0.8011,0.0488,166,0.7957,3
0.7342,0,3,510.9078,783.6673,0,0.0,0.0,0.0,15,6,0.8036,0.0698,107,0.9832,0
0.6374,0,3,24.6966,25.1175,2,0.0,0.0,0.0,98,8,0.0153,0.9375,19,0.0966,2
1.0145,1,2,59.6342,8.8035,2,0.0,0.0,0.0,137,4,0.0539,0.913,3,0.0371,2
0.6897,0,1,237.8896,695.6225,0,0.0,5.0,3.0,33,120,0.8174,0.0605,139,0.7053,3
0.1533,0,0,12.3849,5.1864,2,1.0,0.0,0.0,419,453,0.8935,0.0149,39,0.2101,1
1.1654,0,0,3.7938,23.3687,3,0.0,0.0,0.0,262,12,0.2129,0.8101,9,0.1521,2
0.4154,0,5,95.1613,1.0441,1,0.0,0.0,0.0,476,221,0.9741,0.0728,13,0.3763,1
0.3897,0,0,9.7599,0.3453,1,0.0,0.0,0.0,422,414,0.9865,0.0183,17,0.334,1
17.9187,0,0,1151.2726,1806.1364,0,0.0,0.0,0.0,13,10,0.8569,0.1092,251,0.8056,0
0.9554,0,0,21.0741,7.298,1,0.0,0.0,0.0,131,10,0.1693,0.7862,24,0.1467,2
2.6507,0,2,180.0088,631.0929,0,0.0,3.0,5.0,105,43,0.8202,0.0973,159,0.6823,3
18.64,0,1,387.3421,677.6224,2,0.0,1.0,3.0,141,89,0.824,0.0662,161,0.7829,3
0.2229,1,3,56.1943,7.9686,2,0.0,0.0,0.0,128,14,0.2365,0.8071,8,0.1692,2
0.1601,0,5,40.6429,9.474,1,0.0,0.0,0.0,255,508,0.8675,0.0414,12,0.331,1
5.7643,0,1,539.2237,775.8702,1,0.0,1.0,7.0,96,60,0.8798,0.0765,180,0.6841,3
0.0908,0,2,61.8101,12.7569,2,0.0,0.0,0.0,280,7,0.0827,0.7576,11,0.1542,2
0.0882,0,3,69.4407,1.6009,1,1.0,0.0,0.0,346,291,0.8716,0.0125,26,0.1656,1
0.1999,0,0,124.1183,9.8451,1,0.0,0.0,0.0,391,375,0.9744,0.0293,37,0.3656,1
2.6348,0,2,305.5807,431.5028,0,0.0,2.0,2.0,97,114,0.9054,0.0895,139,0.917,3
11.698,0,2,910.5247,3329.727,0,0.0,1.0,0.0,14,14,0.825,0.0905,123,0.7324,0
0.4155,1,0,21.1262,6.6505,1,1.0,0.0,0.0,281,408,0.8586,0.033,47,0.157,1
1.5146,0,4,483.5244,1567.7343,0,0.0,0.0,0.0,13,10,0.7626,0.0055,52,0.8367,0
1.6569,0,2,508.2698,606.384,0,0.0,4.0,2.0,133,108,0.9331,0.0356,185,0.6572,3
2.5628,0,1,205.8322,788.6592,0,0.0,1.0,3.0,75,85,0.9934,0.0604,175,0.7235,3
14.1695,0,0,283.8465,2404.6665,0,0.0,0.0,0.0,15,6,0.8657,0.0521,230,0.8978,0
0.7825,0,1,7.5626,7.366,2,0.0,0.0,0.0,193,12,0.166,0.79,12,0.172,2
0.0607,0,3,49.3016,23.9791,0,0.0,0.0,0.0,294,1,0.0446,0.8926,11,0.0146,2
2.2668,0,1,270.583,208.45,0,0.0,3.0,7.0,62,109,0.807,0.0281,104,0.7244,3
0.2936,0,3,43.7927,1.7487,1,0.0,0.0,0.0,380,249,0.8982,0.0328,38,0.312,1
0.617,1,3,61.2274,27.5704,1,0.0,0.0,0.0,130,5,0.177,0.8828,22,0.0276,2
1.9048,0,2,511.1604,334.9293,2,0.0,5.0,5.0,131,99,0.9888,0.0371,151,0.8074,3
10.0146,0,3,941.3953,4105.0823,0,0.0,0.0,0.0,13,14,0.8287,0.0083,197,0.7742,0
0.2028,1,2,60.3059,30.7952,1,0.0,0.0,0.0,90,2,0.1909,0.8413,15,0.144,2
0.3003,2,5,7.2491,17.0028,2,0.0,0.0,0.0,111,8,0.0919,0.8927,9,0.0456,2
0.925,0,2,11.2364,25.4664,2,0.0,0.0,0.0,159,9,0.1608,0.7506,16,0.0683,2
2.2636,0,1,398.2854,614.3648,0,0.0,1.0,3.0,65,126,0.9401,0.0966,60,0.8812,3
1.6618,1,4,1748.7181,2225.1071,0,0.0,0.0,0.0,7,14,0.9297,0.1263,121,0.9591,0
0.8916,2,1,3.3055,5.4414,2,0.0,0.0,0.0,245,12,0.0824,0.8957,7,0.1137,2
0.1496,0,5,42.1618,2.4839,2,0.0,0.0,0.0,383,346,0.8867,0.0686,6,0.2658,1
0.2674,0,0,82.5243,7.2577,3,1.0,0.0,0.0,307,494,0.9128,0.0916,11,0.2181,1
0.3885,0,0,66.2545,5.0944,1,1.0,0.0,0.0,372,321,0.8604,0.0887,4,0.1366,1
14.8252,1,2,668.2493,3775.9164,0,0.0,0.0,0.0,7,13,0.7622,0.1114,154,0.9612,0
4.5155,0,2,303.2383,290.5458,0,0.0,5.0,6.0,40,80,0.8916,0.0755,120,0.7372,3
1.3467,0,1,508.5627,496.3278,1,0.0,3.0,5.0,93,58,0.8285,0.0015,161,0.7935,3
0.3085,0,0,112.5821,2.6932,2,0.0,0.0,0.0,251,289,0.852,0.0424,3,0.2349,1
0.4374,0,5,152.4437,0.8053,3,0.0,0.0,0.0,499,442,0.9897,0.03,46,0.3928,1
0.1987,1,0,33.9447,1.8998,1,0.0,0.0,0.0,498,456,0.8707,0.0722,23,0.2132,1
51.8855,0,3,355.0214,2597.509,0,0.0,0.0,0.0,17,4,0.9399,0.1075,181,0.715,0
0.0567,0,0,145.2047,8.5025,1,0.0,0.0,0.0,340,229,0.9871,0.0032,47,0.1057,1
0.347,0,0,6.2601,9.3455,1,0.0,0.0,0.0,287,392,0.8993,0.0643,6,0.2528,1
33.1263,2,0,1260.7651,7843.6946,0,0.0,0.0,0.0,12,9,0.8751,0.0663,172,0.9864,0
7.1041,0,1,170.0527,244.3685,0,0.0,2.0,2.0,65,73,0.9271,0.0187,180,0.9374,3
0.4991,2,0,105.3266,6.8696,1,1.0,0.0,0.0,312,427,0.8873,0.0235,30,0.1698,1
14.9157,0,0,3314.8945,2996.5229,0,0.0,0.0,0.0,17,9,0.8247,0.0344,201,0.7849,0
4.0549,1,0,350.9854,4375.1933,0,0.0,0.0,0.0,10,18,0.8241,0.0975,245,0.7046,0
6.3044,0,1,157.3707,472.9902,1,0.0,1.0,7.0,56,64,0.8063,0.0273,126,0.8442,3
0.2379,0,0,5.9872,0.0549,3,0.0,0.0,0.0,265,250,0.8806,0.0442,27,0.2713,1
0.1558,0,0,48.2218,3.6202,2,0.0,0.0,0.0,289,11,0.0614,0.8269,3,0.1833,2
0.285,0,0,45.8673,3.5938,1,0.0,0.0,0.0,358,430,0.9485,0.0742,22,0.3244,1
0.365,0,0,112.3088,1.6653,1,0.0,0.0,0.0,275,447,0.9367,0.0736,14,0.148,1
0.3728,0,0,10.8199,7.5062,2,0.0,0.0,0.0,474,431,0.9589,0.0022,35,0.2318,1
0.2717,1,3,12.8978,3.6445,1,1.0,0.0,0.0,268,465,0.889,0.0905,38,0.2016,1
0.3743,1,0,84.69,3.168,2,0.0,0.0,0.0,255,253,0.9825,0.0051,23,0.2686,1
0.4831,0,1,61.841,23.7511,2,0.0,0.0,0.0,196,12,0.1334,0.938,21,0.0194,2
0.4741,0,3,35.6833,10.6278,1,0.0,0.0,0.0,134,4,0.0615,0.7543,5,0.1273,2
0.2593,1,3,7.8742,0.4964,2,0.0,0.0,0.0,386,326,0.9715,0.0501,42,0.3714,1
0.4466,0,0,62.2042,3.9381,2,1.0,0.0,0.0,384,344,0.9773,0.0736,12,0.3489,1
0.3489,1,0,94.8932,7.2984,1,0.0,0.0,0.0,261,238,0.9041,0.0718,42,0.2727,1
0.6131,0,4,2.4129,23.1084,1,0.0,0.0,0.0,126,9,0.1367,0.8639,9,0.0906,2
0.7724,0,2,56.2003,4.8151,0,0.0,0.0,0.0,261,13,0.047,0.8916,11,0.0691,2
1.7832,0,5,2157.0902,2364.2061,0,0.0,0.0,0.0,13,11,0.8867,0.0452,77,0.9437,0
5.8429,0,2,590.9913,590.6929,0,0.0,1.0,3.0,32,107,0.8794,0.0581,66,0.7973,3
1.1263,0,1,441.2294,710.5549,0,0.0,4.0,5.0,132,53,0.8709,0.0825,109,0.7462,3
2.1256,0,1,370.206,355.5735,0,0.0,5.0,3.0,91,48,0.9639,0.0176,117,0.6148,3
0.4596,0,1,491.639,401.1271,0,0.0,2.0,5.0,106,125,0.8949,0.0207,127,0.7655,3
1.7604,0,1,347.8499,441.8854,0,0.0,2.0,5.0,124,43,0.9297,0.0382,167,0.7979,3
0.8547,1,0,36.3772,0.3876,0,0.0,0.0,0.0,202,13,0.0376,0.7814,17,0.1548,2
0.7485,0,5,41.2162,25.7186,2,0.0,0.0,0.0,249,14,0.0556,0.792,7,0.0656,2
8.3911,1,0,712.9708,3363.6432,0,0.0,0.0,0.0,10,9,0.9265,0.0853,252,0.836,0
2.2705,0,2,416.9997,247.9622,0,0.0,5.0,4.0,133,64,0.9122,0.0652,182,0.6281,3
5.7847,0,1,245.5752,458.1705,0,0.0,2.0,6.0,81,30,0.9117,0.006,88,0.8469,3
4.1772,0,1,271.3545,300.839,2,0.0,5.0,5.0,73,119,0.9916,0.0887,43,0.6883,3
2.9598,0,3,277.1978,5674.1082,2,0.0,0.0,0.0,13,11,0.8936,0.001,61,0.8618,0
0.5025,0,1,577.1111,471.2096,0,0.0,4.0,7.0,147,28,0.814,0.026,109,0.8213,3
0.2713,0,3,21.1034,6.2382,1,0.0,0.0,0.0,422,469,0.9445,0.0156,4,0.243,1
0.9288,1,5,25.3521,26.4121,2,0.0,0.0,0.0,282,1,0.1535,0.7892,11,0.0104,2
0.8615,0,0,51.5751,3.5245,0,0.0,0.0,0.0,294,8,0.1344,0.8856,8,0.1116,2
0.2575,0,2,546.0748,613.4777,0,0.0,1.0,2.0,81,93,0.8631,0.0896,128,0.8927,3
1.0333,0,4,13.0608,13.2359,2,0.0,0.0,0.0,117,14,0.1128,0.9947,8,0.1103,2
0.1943,1,0,142.5894,1.289,1,0.0,0.0,0.0,371,355,0.9281,0.0486,20,0.1523,1
18.6589,0,1,362.2936,739.3896,1,0.0,3.0,6.0,65,89,0.9212,0.0422,47,0.7587,3
14.3737,1,0,135.2511,7834.7138,0,0.0,0.0,0.0,14,12,0.8249,0.0879,188,0.9167,0
24.2247,0,2,1475.4912,5218.0157,0,0.0,0.0,0.0,11,8,0.9882,0.0625,79,0.9303,0
1.125,1,1,5.875,17.6788,1,0.0,0.0,0.0,230,9,0.1242,0.9773,4,0.1796,2
5.0762,0,4,761.0898,3067.4141,0,0.0,0.0,0.0,10,13,0.9123,0.0928,253,0.8153,0
0.5848,0,2,7.1858,3.2715,1,0.0,0.0,0.0,233,14,0.0654,0.8179,15,0.1103,2
9.7368,0,0,643.4436,3541.3665,0,0.0,0.0,0.0,15,12,0.9518,0.1103,178,0.7799,0
0.2835,0,0,51.8525,8.9097,3,0.0,0.0,0.0,480,272,0.9389,0.0211,34,0.1137,1
0.2063,0,0,28.4463,8.8853,1,3.0,0.0,0.0,409,299,0.9046,0.0718,3,0.31,1
1.1192,1,1,35.1605,24.5507,1,0.0,0.0,0.0,226,4,0.0703,0.9288,22,0.0586,2
0.4657,0,0,71.0477,9.578,2,0.0,0.0,0.0,308,383,0.878,0.0475,13,0.3787,1
0.1587,0,3,151.9396,4.324,1,0.0,0.0,0.0,486,398,0.881,0.0293,46,0.3881,1
19.2521,0,0,486.561,2261.0277,0,0.0,1.0,0.0,14,16,0.9038,0.1488,155,0.8045,0
0.3798,0,0,40.5712,30.3538,1,0.0,0.0,0.0,132,13,0.1581,0.809,3,0.1215,2
4.0105,0,2,455.7948,544.2903,0,0.0,4.0,2.0,61,69,0.908,0.0218,54,0.7722,3
0.3651,0,1,320.6347,381.3446,0,0.0,5.0,7.0,100,83,0.8607,0.037,183,0.8276,3
21.3453,1,0,551.9923,2578.2237,0,0.0,0.0,0.0,13,14,0.8164,0.1441,198,0.8813,0
4.9686,0,0,1537.5532,1446.6038,0,0.0,0.0,0.0,13,12,0.83,0.0431,247,0.7982,0
0.2674,0,0,15.6818,11.9717,1,0.0,0.0,0.0,203,13,0.0302,0.8749,9,0.1251,2
0.6194,1,3,24.6964,3.4972,1,0.0,0.0,0.0,243,11,0.0725,0.8877,15,0.1169,2
1.2355,0,2,714.1872,4255.2076,0,0.0,0.0,0.0,12,11,0.9374,0.0283,211,0.9006,0
0.24,0,5,57.2551,26.7312,1,0.0,0.0,0.0,210,10,0.224,0.9222,15,0.1772,2
1.0201,0,3,37.6581,13.8394,1,0.0,0.0,0.0,207,5,0.2194,0.8937,14,0.1226,2
0.2677,0,5,43.5589,5.16,1,0.0,0.0,0.0,297,251,0.8647,0.0241,18,0.1392,1
0.0672,0,3,138.9675,7.6216,0,0.0,0.0,0.0,254,497,0.8502,0.0237,11,0.3762,1
3.3774,0,1,414.5668,402.2527,0,0.0,3.0,3.0,40,86,0.8366,0.0197,110,0.8487,3
27.1246,0,2,632.473,7421.5273,0,0.0,0.0,0.0,14,9,0.9687,0.116,67,0.9582,0
1.0144,0,1,48.5635,17.564,2,0.0,0.0,0.0,143,3,0.1661,0.9308,5,0.1224,2
13.3074,0,1,362.389,276.6898,0,0.0,2.0,2.0,46,37,0.8924,0.0494,87,0.6696,3
0.1941,0,5,32.0548,17.43,1,0.0,0.0,0.0,160,13,0.1911,0.9466,3,0.0575,2
0.7233,0,1,383.8755,668.2155,1,0.0,4.0,2.0,128,127,0.9284,0.071,182,0.8609,3
1.306,0,1,313.7536,264.0418,0,0.0,3.0,6.0,112,69,0.8835,0.0776,181,0.7328,3
0.2721,1,0,156.8392,2.3644,1,0.0,0.0,0.0,371,384,0.8742,0.0005,30,0.2177,1
0.3317,2,0,99.634,3.5353,1,0.0,0.0,0.0,353,480,0.9361,0.046,36,0.2216,1
11.4524,0,5,821.2704,2174.5173,0,0.0,0.0,0.0,12,17,0.7805,0.0708,167,0.9273,0
0.1256,0,2,36.8595,3.0136,2,0.0,0.0,0.0,192,4,0.1523,0.8646,9,0.186,2
0.0071,0,0,19.0855,1.5365,2,1.0,0.0,0.0,448,350,0.9462,0.049,48,0.3539,1
4.4847,0,1,387.7429,305.8395,0,0.0,4.0,7.0,71,70,0.8188,0.0856,177,0.6354,3
4.6038,0,1,448.9765,349.4338,0,0.0,2.0,6.0,129,86,0.8628,0.0106,183,0.8054,3
0.8116,0,3,12.4494,29.134,2,0.0,0.0,0.0,96,9,0.0757,0.8897,11,0.0107,2
11.8494,0,1,395.88,606.7551,0,0.0,4.0,5.0,40,40,0.8203,0.0825,136,0.7249,3
0.3972,0,3,19.4976,30.4717,2,0.0,0.0,0.0,219,11,0.0538,0.8324,21,0.0525,2
1.9218,0,2,387.5329,5451.0399,0,0.0,0.0,0.0,12,11,0.7679,0.1383,208,0.9439,0
0.3105,0,3,23.4876,0.4597,2,0.0,0.0,0.0,266,295,0.8665,0.0454,26,0.2997,1
0.1369,2,0,29.4328,8.9478,1,0.0,0.0,0.0,464,378,0.8758,0.0227,29,0.3269,1
0.163,0,3,53.3134,15.7987,0,0.0,0.0,0.0,255,2,0.2238,0.8406,13,0.1946,2
13.858,0,2,254.7703,648.6882,0,0.0,2.0,4.0,97,136,0.8129,0.0091,143,0.8314,3
11.0327,1,3,1263.459,1318.9455,0,0.0,0.0,0.0,18,17,0.9595,0.0154,189,0.7351,0
1.7098,0,1,498.2207,524.4258,0,0.0,4.0,4.0,139,105,0.9797,0.079,73,0.7523,3
0.9348,0,0,54.0658,18.9182,1,0.0,0.0,0.0,171,8,0.0307,0.9382,9,0.1951,2
0.1802,0,0,61.8644,7.7601,1,0.0,0.0,0.0,293,459,0.8978,0.0424,41,0.1513,1
0.524,0,1,437.9349,767.8463,0,0.0,1.0,2.0,118,83,0.9662,0.0078,86,0.6723,3
0.1629,0,1,763.8433,4021.5423,0,0.0,0.0,0.0,13,11,0.975,0.0132,113,0.7579,0
1.6369,0,0,551.8615,4169.3522,0,0.0,0.0,0.0,13,10,0.856,0.0415,97,0.7388,0
0.9314,1,3,30.9851,26.6848,2,0.0,0.0,0.0,151,10,0.1256,0.9976,10,0.0974,2
0.6555,1,5,2.4295,24.156,2,0.0,0.0,0.0,157,8,0.0148,0.9783,24,0.1382,2
0.102,0,0,56.049,1.8733,2,0.0,0.0,0.0,161,10,0.1847,0.8356,2,0.1204,2
0.1092,1,0,32.2157,1.5276,2,3.0,0.0,0.0,431,226,0.9433,0.0648,37,0.3473,1
1.1562,0,2,400.4529,393.2629,0,0.0,1.0,7.0,66,88,0.9724,0.0684,92,0.9352,3
0.4791,0,1,8.4751,1.6217,1,0.0,0.0,0.0,201,2,0.2353,0.9216,17,0.1228,2
1.8665,0,2,217.0854,2153.2833,0,0.0,0.0,0.0,11,6,0.8738,0.1333,116,0.778,0
0.0833,1,1,28.5713,25.0822,1,0.0,0.0,0.0,204,7,0.0766,0.9042,7,0.1288,2
0.2181,0,3,48.6702,7.5808,2,0.0,0.0,0.0,503,359,0.9819,0.0651,5,0.3319,1
0.3632,0,0,2.9042,3.2509,1,0.0,0.0,0.0,336,443,0.9651,0.0316,5,0.1705,1
11.3286,0,1,590.5366,769.4215,0,0.0,1.0,2.0,69,34,0.8224,0.0716,137,0.7672,3
0.38,0,0,15.5714,26.0396,2,0.0,0.0,0.0,181,13,0.1264,0.9815,16,0.1715,2
2.2879,0,1,553.7632,417.0711,0,0.0,5.0,4.0,31,89,0.9896,0.013,71,0.7329,3
0.3998,0,0,24.1231,9.1148,1,0.0,0.0,0.0,454,201,0.8756,0.0179,11,0.3528,1
0.8602,0,1,15.2409,28.8359,2,0.0,0.0,0.0,220,14,0.1457,0.9331,6,0.1071,2
5.1241,0,3,367.7819,4149.5707,0,0.0,0.0,0.0,12,12,0.9511,0.1189,57,0.8338,0
7.3405,0,1,387.9373,574.8164,0,0.0,5.0,3.0,46,50,0.9047,0.0501,197,0.9387,3
0.4535,0,0,173.0264,7.0536,3,1.0,0.0,0.0,384,256,0.9704,0.0156,6,0.2112,1
0.5392,0,1,950.3939,9215.515,0,0.0,0.0,0.0,12,21,0.7522,0.1465,142,0.941,0
9.9068,0,1,183.9412,294.8477,1,0.0,2.0,3.0,142,116,0.9653,0.0577,92,0.6608,3
0.0974,0,3,48.8263,19.5997,1,0.0,0.0,0.0,188,5,0.0447,0.8058,12,0.0581,2
14.8012,0,1,566.9288,652.2645,0,0.0,3.0,5.0,131,134,0.9394,0.0207,119,0.82,3
0.4006,0,0,103.3034,9.3366,1,0.0,0.0,0.0,349,245,0.9588,0.0272,20,0.3781,1
0.3546,0,0,142.201,4.3537,2,0.0,0.0,0.0,348,478,0.9555,0.0919,45,0.1571,1
0.4996,1,0,103.9822,1.054,1,1.0,0.0,0.0,422,200,0.8772,0.0539,11,0.1435,1
0.2775,0,0,228.9678,4.3196,1,0.0,0.0,0.0,263,404,0.9245,0.0275,47,0.3047,1
0.9257,1,0,707.688,1146.6507,0,0.0,0.0,0.0,14,12,0.8551,0.0896,241,0.7657,0
13.2248,0,0,285.1099,2779.9807,0,0.0,0.0,0.0,9,12,0.8706,0.1225,194,0.9923,0
3.5823,0,1,246.0445,462.6347,0,0.0,1.0,2.0,129,77,0.8126,0.0745,55,0.7862,3
0.0097,0,0,121.1475,1.8872,1,0.0,0.0,0.0,472,373,0.9137,0.0533,37,0.1219,1
20.6179,1,3,542.5565,1393.1254,0,0.0,0.0,0.0,18,11,0.7704,0.0975,91,0.8876,0
0.4539,0,3,52.7443,5.5021,1,0.0,0.0,0.0,442,415,0.8781,0.025,36,0.1221,1
9.6278,1,0,118.8217,3342.7375,0,0.0,0.0,0.0,15,12,0.9994,0.1405,135,0.9114,0
9.1838,0,1,497.3197,595.0756,0,0.0,1.0,6.0,120,71,0.9826,0.0416,196,0.915,3
1.19,1,5,33.7396,1.4486,1,0.0,0.0,0.0,81,7,0.1708,0.8084,21,0.0813,2
0.0415,1,4,58.4684,13.4525,0,0.0,0.0,0.0,163,3,0.1336,0.9701,22,0.1821,2
14.2382,0,0,590.8196,6229.1159,0,0.0,0.0,0.0,13,16,0.7761,0.0369,146,0.7998,0
0.6608,0,1,59.994,19.9552,2,0.0,0.0,0.0,86,1,0.231,0.9512,7,0.0286,2
7.7974,0,0,1999.4958,6175.5093,0,0.0,0.0,0.0,13,9,0.8668,0.1023,94,0.8974,0
0.4726,0,0,3.4666,6.5726,1,3.0,0.0,0.0,504,508,0.9706,0.0796,26,0.3487,1
0.5069,0,0,33.5401,26.2365,1,0.0,0.0,0.0,279,14,0.1448,0.8427,13,0.1033,2
17.7097,0,1,2354.3676,2401.2047,0,0.0,0.0,0.0,16,14,0.9271,0.1232,134,0.7302,0
0.3525,0,0,58.5515,3.9185,1,0.0,0.0,0.0,352,494,0.9766,0.0563,40,0.3011,1
0.0955,0,5,35.9747,12.7566,1,0.0,0.0,0.0,298,8,0.1022,0.8722,7,0.0145,2
0.0508,0,1,14.043,1.9629,1,0.0,0.0,0.0,84,6,0.1215,0.9426,22,0.1148,2
15.3348,1,5,870.7341,5013.7125,2,0.0,0.0,0.0,12,9,0.915,0.1266,236,0.9466,0
2.8763,0,2,411.9343,593.1677,1,0.0,5.0,4.0,74,29,0.886,0.0149,88,0.6336,3
10.5409,0,2,447.0338,660.4463,2,0.0,1.0,5.0,125,101,0.8684,0.0345,52,0.8002,3
0.0035,0,0,43.2417,6.765,0,0.0,0.0,0.0,388,396,0.9137,0.0501,41,0.3901,1
0.3265,0,0,40.6758,9.924,1,0.0,0.0,0.0,410,388,0.9464,0.0029,12,0.2546,1
0.6559,0,2,6.5255,29.3301,2,0.0,0.0,0.0,85,2,0.1918,0.9561,19,0.1586,2
0.5541,1,0,59.7561,21.9022,0,0.0,0.0,0.0,133,10,0.0959,0.8081,23,0.0528,2
6.9077,0,2,556.6738,745.1016,0,0.0,4.0,3.0,44,88,0.8251,0.0777,198,0.6029,3
0.4613,0,1,295.4485,437.423,0,0.0,5.0,2.0,104,35,0.9932,0.0453,139,0.9058,3
4.6923,0,1,415.1236,320.008,0,0.0,5.0,6.0,71,65,0.9174,0.0657,196,0.901,3
0.7464,2,2,20.5387,0.5785,1,0.0,0.0,0.0,241,2,0.1696,0.7855,17,0.1068,2
0.6801,0,0,22.0618,5.4043,1,0.0,0.0,0.0,107,4,0.0303,0.9542,19,0.0994,2
0.4617,0,0,22.1463,8.6557,3,0.0,0.0,0.0,387,277,0.9542,0.0102,16,0.3867,1
1.0796,1,0,27.2608,2.8705,2,0.0,0.0,0.0,196,13,0.0214,0.8665,17,0.199,2
0.9213,1,3,19.5882,14.0923,2,0.0,0.0,0.0,170,2,0.0873,0.9014,17,0.0376,2
17.5043,0,0,445.0464,5378.0483,0,0.0,0.0,0.0,14,14,0.8008,0.122,171,0.8709,0
0.3454,1,5,9.5181,14.9476,2,0.0,0.0,0.0,155,6,0.0419,0.8026,5,0.107,2
1.1192,2,2,36.1465,18.2658,2,0.0,0.0,0.0,171,9,0.1129,0.8603,12,0.0953,2
1.1275,0,1,351.017,633.2782,1,0.0,1.0,2.0,113,98,0.9144,0.073,143,0.6021,3
0.8554,1,1,27.5862,2.1291,3,0.0,0.0,0.0,229,5,0.1792,0.8883,12,0.0584,2
2.152,0,1,308.9526,546.8308,0,0.0,5.0,4.0,111,60,0.9563,0.0893,98,0.6623,3
0.2334,0,4,22.1373,24.0275,2,0.0,0.0,0.0,237,10,0.1404,0.925,1,0.0437,2
6.5986,0,1,494.6365,291.8457,0,0.0,2.0,6.0,93,71,0.9131,0.0106,112,0.9294,3
0.9602,2,2,54.6814,14.5165,2,0.0,0.0,0.0,283,8,0.1946,0.7657,11,0.1154,2
0.3302,0,5,191.2835,4.76,3,0.0,0.0,0.0,305,387,0.8725,0.01,34,0.1621,1
0.6072,0,1,542.8845,735.2632,1,0.0,4.0,7.0,68,95,0.8745,0.0832,78,0.7741,3
6.4852,0,1,455.4801,513.8385,1,0.0,4.0,6.0,56,33,0.8485,0.0857,77,0.9041,3
2.8012,0,1,470.1433,339.4692,0,0.0,4.0,6.0,121,139,0.8822,0.0644,104,0.7161,3
15.9728,0,1,308.463,435.1422,0,0.0,4.0,3.0,137,59,0.9721,0.0066,188,0.8089,3
19.6239,0,1,1308.2732,1633.0293,0,0.0,0.0,0.0,7,14,0.9965,0.1204,224,0.7218,0
1.2399,0,1,200.1123,745.686,0,0.0,3.0,5.0,74,105,0.8431,0.0598,194,0.9146,3
0.895,0,1,153.8229,427.4212,1,0.0,1.0,3.0,129,135,0.957,0.0887,155,0.6774,3
22.8373,1,0,520.748,2692.7393,0,0.0,0.0,0.0,20,11,0.8497,0.0587,214,0.9758,0
0.2069,0,2,592.319,271.0671,0,0.0,5.0,5.0,50,72,0.8782,0.0648,172,0.8145,3
1.1043,0,1,362.2906,415.9548,0,0.0,4.0,2.0,127,115,0.9141,0.0335,72,0.6261,3
0.8518,1,4,46.8963,0.5526,1,0.0,0.0,0.0,236,10,0.2021,0.8176,4,0.111,2
0.1419,0,5,41.4169,0.1183,2,0.0,0.0,0.0,122,2,0.1121,0.9645,22,0.1347,2
11.5229,0,1,150.9538,661.3361,0,0.0,5.0,3.0,121,123,0.8255,0.0946,115,0.9085,3
0.322,0,0,82.1844,1.475,1,0.0,0.0,0.0,450,413,0.8998,0.0583,21,0.2601,1
1.1547,0,0,2030.6447,1185.4478,0,0.0,0.0,0.0,13,11,0.8418,0.1351,189,0.8003,0
3.2123,0,0,983.7583,3386.8003,0,0.0,0.0,0.0,18,8,0.9922,0.0087,233,0.8617,0
0.4413,0,3,6.1278,4.2229,1,0.0,0.0,0.0,292,346,0.9862,0.0158,48,0.2409,1
0.2597,0,0,55.5898,2.8127,1,0.0,0.0,0.0,467,457,0.8747,0.0129,15,0.1185,1
0.3083,0,2,164.5443,367.9787,0,0.0,3.0,6.0,54,128,0.9505,0.0866,182,0.6099,3
0.9569,0,1,23.24,30.455,1,0.0,0.0,0.0,260,3,0.1686,0.9634,1,0.0597,2
1.5591,0,1,493.4415,490.1926,1,0.0,4.0,6.0,116,109,0.8582,0.0161,152,0.7925,3
0.1195,2,2,23.9776,24.9022,0,0.0,0.0,0.0,99,10,0.1277,0.8737,9,0.1064,2
0.3442,0,4,52.0645,10.4465,1,0.0,0.0,0.0,115,9,0.1834,0.8364,13,0.1709,2
30.2488,0,0,117.7385,4647.8526,0,0.0,0.0,0.0,13,12,0.7616,0.0709,100,0.7429,0
0.2188,0,1,243.3447,684.3324,0,0.0,4.0,4.0,145,82,0.9889,0.0636,179,0.7326,3
0.1819,0,0,78.7451,8.2834,1,1.0,0.0,0.0,370,460,0.9648,0.0347,12,0.2412,1
0.4571,1,0,91.8363,7.5098,1,0.0,0.0,0.0,369,211,0.8609,0.0577,47,0.1121,1
17.7574,1,0,1424.908,4177.345,0,0.0,0.0,0.0,12,13,0.9434,0.1207,157,0.7801,0
5.0081,0,1,568.6734,680.6994,0,0.0,5.0,2.0,102,42,0.8446,0.0528,130,0.6368,3
16.9912,0,0,918.2108,4695.3749,0,0.0,0.0,0.0,19,11,0.7514,0.1405,64,0.9262,0
0.2583,0,0,11.2556,1.0915,1,0.0,0.0,0.0,454,201,0.9591,0.0133,6,0.1146,1
0.3665,0,3,37.0785,6.2234,1,3.0,0.0,0.0,392,425,0.9344,0.0334,11,0.3851,1
0.4419,0,1,538.7709,288.0849,0,0.0,2.0,2.0,143,65,0.8709,0.0267,56,0.808,3
0.0822,0,0,95.7572,0.1962,1,0.0,0.0,0.0,288,460,0.8948,0.0912,37,0.1349,1
8.7147,0,5,2622.8003,5622.4568,0,0.0,0.0,0.0,16,8,0.8949,0.0783,177,0.7812,0
0.802,0,0,47.1476,15.0018,1,0.0,0.0,0.0,257,11,0.0568,0.7952,15,0.1599,2
0.1922,0,0,37.125,4.0252,1,0.0,0.0,0.0,334,256,0.8668,0.0704,32,0.3679,1
0.4608,0,3,35.9513,3.6326,1,0.0,0.0,0.0,332,417,0.8604,0.0087,35,0.1054,1
0.2078,0,0,139.9698,0.0098,1,0.0,0.0,0.0,443,279,0.9924,0.0318,11,0.2014,1
0.3736,0,0,47.7864,0.3281,1,0.0,0.0,0.0,394,450,0.9666,0.0864,34,0.3799,1
0.5243,0,1,537.9047,684.8883,1,0.0,3.0,5.0,61,91,0.9551,0.0685,72,0.6145,3
0.1908,0,1,61.6851,28.9533,2,0.0,0.0,0.0,117,11,0.21,0.8313,3,0.0431,2
6.8293,0,2,427.9534,477.2102,0,0.0,3.0,3.0,138,60,0.9348,0.0098,177,0.9402,3
0.2968,0,0,33.8799,1.9492,2,0.0,0.0,0.0,363,347,0.9764,0.0356,30,0.1119,1
1.2146,0,0,280.7857,4471.3985,0,0.0,0.0,0.0,18,7,0.9194,0.0919,80,0.9098,0
0.2433,0,0,16.5512,4.6493,1,0.0,0.0,0.0,449,308,0.8573,0.0368,42,0.3355,1
0.7106,0,1,481.9562,799.6494,0,0.0,5.0,7.0,56,58,0.89,0.0427,61,0.7611,3
20.546,0,2,215.8171,2017.5667,0,0.0,0.0,0.0,12,10,0.9895,0.1013,166,0.9826,0
4.7898,0,1,205.0398,630.6906,0,0.0,2.0,7.0,89,63,0.824,0.0506,117,0.8828,3
0.2469,1,0,223.6548,0.5615,1,0.0,0.0,0.0,460,301,0.9479,0.0193,18,0.2366,1
0.4493,0,0,86.5378,0.9317,2,0.0,0.0,0.0,374,247,0.9291,0.0161,43,0.3343,1
0.3037,0,4,59.1498,28.4736,1,0.0,0.0,0.0,298,9,0.1819,0.7826,3,0.0908,2
0.8184,1,3,33.7675,7.5363,1,0.0,0.0,0.0,94,7,0.0289,0.9848,2,0.1033,2
0.2129,0,0,32.5122,4.712,1,0.0,0.0,0.0,358,453,0.9715,0.0555,39,0.1912,1
0.4411,1,0,132.0639,5.0899,1,0.0,0.0,0.0,339,302,0.9985,0.0823,36,0.2646,1
5.2133,0,0,430.789,1478.3487,0,0.0,0.0,0.0,13,6,0.9921,0.0484,79,0.948,0
31.5077,0,0,893.9765,6723.2055,0,0.0,0.0,0.0,11,16,0.8552,0.0039,128,0.9316,0
15.7318,0,1,1746.1298,2922.8343,0,0.0,0.0,0.0,11,16,0.9057,0.0256,55,0.8437,0
0.1935,0,0,46.3577,0.6959,1,0.0,0.0,0.0,267,447,0.8975,0.0576,49,0.2268,1
6.3733,0,1,456.8962,655.6986,0,0.0,1.0,2.0,78,62,0.9791,0.0855,141,0.7648,3
0.0512,1,0,62.9025,5.2053,2,0.0,0.0,0.0,323,327,0.8822,0.0716,18,0.1318,1
8.9703,0,2,549.0612,652.3666,0,0.0,2.0,6.0,60,57,0.9744,0.009,142,0.815,3
0.3003,1,0,69.08,9.6522,1,0.0,0.0,0.0,487,435,0.8833,0.0955,28,0.2644,1
7.4555,0,3,338.8824,6731.6641,0,0.0,0.0,0.0,10,10,0.9739,0.0372,183,0.8299,0
0.4639,0,5,36.4877,4.2443,3,0.0,0.0,0.0,307,474,0.886,0.0619,3,0.3116,1
11.5807,0,0,919.9542,3004.9957,0,0.0,0.0,0.0,7,15,0.8173,0.0643,115,0.9506,0
24.5731,0,3,520.9284,2603.64,0,0.0,0.0,0.0,19,9,0.8755,0.0661,84,0.9242,0
1.877,0,1,555.7375,449.5913,1,0.0,3.0,2.0,53,56,0.9549,0.0489,198,0.8517,3
0.2429,0,5,63.6491,18.027,0,0.0,0.0,0.0,247,12,0.1853,0.988,8,0.1619,2
0.1352,0,0,42.7219,1.7352,3,0.0,0.0,0.0,344,262,0.8944,0.0656,28,0.1683,1
3.5312,0,1,447.8564,585.0405,0,0.0,1.0,6.0,74,58,0.8153,0.0703,131,0.7532,3
9.7316,0,1,316.6587,485.8286,0,0.0,2.0,2.0,75,26,0.9099,0.0817,177,0.6319,3
1.1805,0,2,18.828,19.2045,1,0.0,0.0,0.0,225,14,0.0402,0.7667,17,0.1397,2
0.206,0,0,71.9444,9.877,1,0.0,0.0,0.0,251,335,0.8694,0.0498,36,0.2664,1
0.4523,0,2,18.8573,16.5737,1,0.0,0.0,0.0,94,2,0.0464,0.9047,9,0.0512,2
1.8397,0,2,393.5998,740.7745,2,0.0,2.0,3.0,140,113,0.9529,0.0438,161,0.9264,3
0.2981,0,0,222.5011,8.4743,1,0.0,0.0,0.0,457,262,0.978,0.0921,20,0.3688,1
20.1411,0,3,536.4471,3387.1277,0,0.0,0.0,0.0,11,8,0.9312,0.0299,84,0.7208,0
11.4441,0,0,959.6564,3914.0186,0,0.0,0.0,0.0,10,16,0.7526,0.0598,224,0.7051,0
2.08,0,1,219.3941,475.2837,0,0.0,3.0,7.0,41,56,0.909,0.0215,199,0.6336,3
0.4191,0,0,196.4869,6.9496,0,0.0,0.0,0.0,474,325,0.9203,0.0116,11,0.397,1
17.7867,0,0,1069.5971,6210.507,1,0.0,0.0,0.0,7,8,0.904,0.1389,235,0.8391,0
0.3508,0,5,38.4437,21.5305,1,0.0,0.0,0.0,80,13,0.0584,0.7912,8,0.1258,2
0.2637,0,0,49.6709,7.3914,1,0.0,0.0,0.0,506,478,0.9517,0.077,12,0.1343,1
0.433,0,5,97.0965,2.9626,1,0.0,0.0,0.0,423,345,0.8553,0.0968,12,0.3239,1
0.4232,1,0,35.0776,1.1213,1,1.0,0.0,0.0,407,342,0.9127,0.0585,29,0.133,1
0.7454,0,1,514.5169,540.8825,0,0.0,2.0,6.0,97,32,0.9792,0.0932,80,0.8627,3
8.7203,0,1,416.6523,297.5641,0,0.0,3.0,3.0,140,55,0.9893,0.0417,119,0.946,3
6.2221,0,1,167.0988,241.709,2,0.0,4.0,6.0,114,128,0.8567,0.0397,72,0.9491,3
0.2804,0,0,48.0245,5.6679,0,0.0,0.0,0.0,417,464,0.8846,0.0108,29,0.1825,1
3.7762,0,1,376.6043,569.8894,1,0.0,2.0,7.0,89,64,0.8854,0.0953,150,0.7691,3
0.5001,0,1,209.3266,688.416,2,0.0,4.0,4.0,117,84,0.9449,0.0427,103,0.7359,3
0.118,0,1,13.7844,27.8356,1,0.0,0.0,0.0,168,11,0.1691,0.9968,16,0.128,2
1.6875,0,1,428.8221,673.8262,0,0.0,2.0,2.0,49,60,0.9384,0.0973,188,0.6545,3
0.9885,0,1,356.045,560.2174,2,0.0,4.0,4.0,46,49,0.8646,0.0603,54,0.6115,3
0.4329,0,1,595.7392,714.1134,0,0.0,1.0,4.0,81,110,0.9847,0.0565,192,0.7582,3
0.0928,0,0,6.1373,2.3584,1,0.0,0.0,0.0,310,387,0.9062,0.0105,2,0.3844,1
0.5791,0,1,373.4401,301.0264,0,0.0,2.0,5.0,69,104,0.9359,0.0546,107,0.9056,3
0.3595,1,0,101.5035,9.4957,1,0.0,0.0,0.0,500,482,0.9905,0.0203,22,0.3721,1
33.3496,0,0,1271.4037,3314.4259,0,0.0,0.0,0.0,10,11,0.8683,0.0178,120,0.7735,0
1.0332,0,3,53.4265,29.3588,2,0.0,0.0,0.0,251,8,0.1792,0.8714,22,0.021,2
0.3556,1,5,40.0463,24.633,0,0.0,0.0,0.0,100,12,0.0543,0.9026,4,0.028,2
7.5062,0,0,322.661,1806.4897,0,0.0,0.0,0.0,22,9,0.8136,0.0771,141,0.7205,0
0.1402,0,0,90.9456,7.4368,2,0.0,0.0,0.0,402,249,0.8624,0.0691,16,0.2762,1
0.4715,1,0,6.9987,1.4412,1,0.0,0.0,0.0,433,317,0.9634,0.0464,11,0.3919,1
0.8046,0,0,6.4123,0.8072,0,0.0,0.0,0.0,241,9,0.0311,0.96,8,0.0124,2
0.495,0,0,13.5863,6.8306,1,0.0,0.0,0.0,318,224,0.8588,0.002,36,0.2883,1
11.111,1,0,895.645,8519.4896,0,0.0,0.0,0.0,14,13,0.7625,0.0729,82,0.9795,0
0.1005,1,0,127.0008,4.9641,1,3.0,0.0,0.0,349,384,0.8932,0.0855,10,0.2399,1
26.4515,0,0,1011.6776,1770.4077,0,0.0,0.0,0.0,12,6,0.8729,0.1183,100,0.7908,0
0.3875,1,0,57.2526,2.4863,1,0.0,0.0,0.0,291,345,0.9005,0.076,32,0.3988,1
0.4084,0,5,13.692,8.3477,2,0.0,0.0,0.0,501,294,0.8602,0.0578,4,0.1057,1
16.8501,0,0,750.3304,5127.9088,0,0.0,0.0,0.0,15,11,0.9083,0.0524,84,0.8122,0
27.0945,1,1,892.0795,1226.7425,0,0.0,0.0,0.0,14,12,0.929,0.1285,224,0.7237,0
13.9837,0,4,1199.8916,1858.0305,0,0.0,0.0,0.0,15,9,0.9765,0.032,57,0.7675,0
9.7853,1,0,1860.371,1584.3038,0,0.0,0.0,0.0,18,11,0.9415,0.0327,221,0.8152,0
0.1917,0,0,46.9938,2.0902,1,0.0,0.0,0.0,349,450,0.9196,0.0061,30,0.2824,1
4.7046,0,2,244.5165,587.8707,0,0.0,3.0,5.0,68,106,0.8424,0.0186,84,0.6234,3
1.0454,0,1,50.4279,10.973,0,0.0,0.0,0.0,266,8,0.2325,0.7607,1,0.1673,2
0.1414,0,0,17.6962,18.1034,2,0.0,0.0,0.0,179,14,0.1486,0.7875,15,0.0715,2
1.1527,0,2,54.3862,2.7049,1,0.0,0.0,0.0,194,13,0.0782,0.8129,1,0.0231,2
0.3685,0,2,344.4219,2449.3034,0,0.0,0.0,0.0,12,13,0.75,0.0357,184,0.8654,0
3.6901,0,1,209.8459,472.732,0,0.0,1.0,2.0,107,87,0.9745,0.0618,49,0.6044,3
0.0329,0,3,118.1907,5.6665,2,0.0,0.0,0.0,298,235,0.8627,0.0274,38,0.2812,1
0.9984,0,4,44.4072,28.7142,2,0.0,0.0,0.0,219,2,0.0981,0.817,7,0.1267,2
1.795,0,2,254.6944,378.9261,0,0.0,1.0,5.0,60,58,0.8585,0.0009,171,0.6879,3
0.3939,2,3,483.1462,288.2369,0,0.0,1.0,0.0,13,6,0.8194,0.0383,229,0.7749,0
0.3067,0,0,87.4161,1.863,1,0.0,0.0,0.0,296,257,0.9572,0.0403,8,0.266,1
0.2593,1,3,49.4716,7.488,1,0.0,0.0,0.0,80,7,0.2067,0.9711,13,0.1684,2
0.3823,0,0,55.3271,9.5163,1,0.0,0.0,0.0,499,374,0.9296,0.0089,14,0.2107,1
0.0112,0,0,128.2578,2.3916,1,0.0,0.0,0.0,342,343,0.9687,0.0379,31,0.2144,1
0.9412,0,1,50.0888,28.3268,1,0.0,0.0,0.0,82,9,0.2025,0.8671,6,0.0178,2
0.9574,0,3,615.9567,4268.4453,0,0.0,0.0,0.0,12,15,0.8555,0.1047,143,0.7754,0
0.1267,0,1,63.1882,4.3047,2,0.0,0.0,0.0,232,7,0.1083,0.824,20,0.1014,2
2.4474,0,2,585.492,768.823,0,0.0,2.0,3.0,72,129,0.8918,0.0277,198,0.8643,3
0.0233,1,3,91.307,9.3571,1,0.0,0.0,0.0,506,285,0.8571,0.077,26,0.1139,1
30.5366,1,0,1058.7932,4002.7356,0,0.0,0.0,0.0,15,7,0.7556,0.1467,177,0.9395,0
0.2974,0,3,33.6178,9.331,2,3.0,0.0,0.0,448,385,0.956,0.0084,24,0.3661,1
0.2371,0,0,33.6145,2.9204,2,3.0,0.0,0.0,468,322,0.9206,0.0174,14,0.3788,1
3.9118,0,0,1216.2989,1925.175,0,0.0,0.0,0.0,14,12,0.7554,0.0013,199,0.8536,0
0.1797,1,0,49.0851,3.6681,1,0.0,0.0,0.0,323,455,0.9411,0.0718,20,0.2246,1
0.6859,0,3,36.6561,15.5305,2,0.0,0.0,0.0,267,12,0.1764,0.8157,11,0.17,2
0.6853,1,4,12.1444,5.6831,1,0.0,0.0,0.0,140,14,0.0604,0.9755,22,0.1922,2
0.7821,0,1,2.4896,14.0444,2,0.0,0.0,0.0,177,12,0.0775,0.9916,10,0.1878,2
1.9477,0,1,229.9331,516.0912,1,0.0,2.0,4.0,124,106,0.8909,0.0212,117,0.7842,3
0.0365,0,0,115.1016,9.1244,1,0.0,0.0,0.0,437,445,0.8711,0.0472,21,0.1555,1
0.3769,0,0,91.6924,8.6533,2,1.0,0.0,0.0,380,463,0.9429,0.0435,13,0.2996,1
0.0693,0,2,19.3979,5.5144,2,0.0,0.0,0.0,167,2,0.0195,0.8423,15,0.1907,2
1.1219,1,0,1128.2527,2734.524,0,0.0,1.0,0.0,13,9,0.8389,0.1401,134,0.9457,0
9.5502,0,0,947.1023,3164.6908,0,0.0,0.0,0.0,22,10,0.8503,0.0649,246,0.7204,0
0.153,0,0,58.0182,3.2301,0,0.0,0.0,0.0,488,351,0.9777,0.0754,44,0.3786,1
0.2417,0,3,86.741,6.6687,1,1.0,0.0,0.0,480,312,0.8644,0.0398,16,0.1111,1
0.0081,0,3,80.0488,8.1197,1,0.0,0.0,0.0,460,201,0.9206,0.0057,7,0.241,1
16.1538,0,0,462.9423,3819.6624,0,0.0,0.0,0.0,10,10,0.8818,0.0856,133,0.9825,0
0.5826,0,1,39.3778,26.2383,1,0.0,0.0,0.0,131,13,0.0913,0.9235,6,0.1781,2
3.0401,0,1,182.7572,574.409,0,0.0,4.0,5.0,105,82,0.9374,0.088,71,0.6689,3
1.0139,2,2,45.631,28.6523,0,0.0,0.0,0.0,170,10,0.1476,0.9776,9,0.1829,2
0.399,0,0,81.7153,6.6782,2,0.0,0.0,0.0,388,450,0.8545,0.0692,25,0.2022,1
1.0232,0,0,3892.0948,2863.7076,0,0.0,0.0,0.0,18,15,0.9463,0.0642,101,0.995,0
0.0667,0,0,37.5018,8.2398,2,0.0,0.0,0.0,296,280,0.9143,0.0779,34,0.3064,1
0.7307,0,1,245.9289,390.7069,0,0.0,1.0,7.0,57,31,0.9556,0.0005,90,0.8239,3
1.0315,0,0,59.3837,9.8994,1,0.0,0.0,0.0,284,11,0.0288,0.8647,1,0.0347,2
7.3247,0,1,326.9515,9061.8443,0,0.0,0.0,0.0,11,13,0.7642,0.0646,169,0.9699,0
0.9345,0,0,37.0306,27.4032,1,0.0,0.0,0.0,241,1,0.0839,0.8688,17,0.171,2
1.3003,0,1,354.4201,273.7086,1,0.0,2.0,2.0,80,78,0.9282,0.0547,63,0.8248,3
1.8672,0,1,277.8546,609.9995,0,0.0,2.0,6.0,100,56,0.9221,0.0019,126,0.8469,3
12.4939,1,0,121.9403,4385.8862,0,0.0,0.0,0.0,19,8,0.8657,0.0179,196,0.9745,0
0.4092,0,3,143.8544,8.6953,2,1.0,0.0,0.0,320,399,0.9272,0.0366,21,0.2914,1
0.9724,1,3,1.9273,16.3182,2,0.0,0.0,0.0,120,5,0.1762,0.8143,15,0.17,2
0.2354,0,1,7.0929,20.998,3,0.0,0.0,0.0,94,14,0.1518,0.9575,10,0.0368,2
0.6867,0,1,504.5486,759.0832,2,0.0,3.0,2.0,48,63,0.9094,0.0818,130,0.6808,3
0.4537,0,0,16.8056,1.4815,1,0.0,0.0,0.0,426,324,0.935,0.059,1,0.1028,1
0.4164,0,3,158.1521,0.042,1,1.0,0.0,0.0,288,394,0.8509,0.043,26,0.2077,1
1.1152,0,0,28.3208,6.7813,1,0.0,0.0,0.0,136,12,0.1044,0.8697,13,0.0718,2
0.4331,0,3,68.0262,3.491,1,0.0,0.0,0.0,425,369,0.8542,0.0388,41,0.1908,1
7.2505,0,2,501.6745,519.685,0,0.0,1.0,7.0,62,110,0.982,0.0565,85,0.6399,3
0.344,0,0,38.7972,6.2762,0,1.0,0.0,0.0,347,459,0.9006,0.0945,43,0.3526,1
1.0346,1,2,12.0092,3.7477,1,0.0,0.0,0.0,271,4,0.0954,0.9747,23,0.0131,2
0.3236,0,0,101.6257,6.9054,1,0.0,0.0,0.0,414,352,0.9,0.0887,14,0.3429,1
4.7099,0,0,1022.4353,3104.0607,0,0.0,0.0,0.0,9,13,0.9419,0.0079,89,0.9759,0
4.8509,0,0,182.1043,4308.7379,0,0.0,0.0,0.0,14,16,0.7632,0.052,65,0.9062,0
0.3461,0,3,62.3505,7.5779,1,0.0,0.0,0.0,213,10,0.1901,0.8843,19,0.0548,2
3.7933,0,1,227.2226,308.1639,2,0.0,1.0,7.0,73,133,0.9077,0.0551,135,0.6451,3
3.7044,0,1,154.2384,452.5489,1,0.0,3.0,7.0,145,30,0.8244,0.0804,138,0.8952,3
0.7069,0,3,57.9946,14.0652,0,0.0,0.0,0.0,285,3,0.242,0.7643,15,0.165,2
0.5962,0,2,399.6165,259.0884,0,0.0,1.0,4.0,37,96,0.8705,0.0275,123,0.8162,3
0.9634,0,0,988.3479,6205.578,0,0.0,0.0,0.0,14,11,0.8552,0.0875,219,0.8007,0
3.8044,0,3,334.8416,5848.2684,2,0.0,0.0,0.0,10,6,0.8102,0.1352,228,0.7754,0
0.2884,0,0,21.4874,4.9155,1,1.0,0.0,0.0,372,453,0.8988,0.0018,41,0.2797,1
0.008,0,3,15.6177,4.2298,2,0.0,0.0,0.0,299,327,0.884,0.088,32,0.1381,1
3.4528,0,1,272.7385,237.9938,1,0.0,1.0,3.0,53,100,0.8773,0.0631,136,0.8345,3
4.559,0,1,470.0321,630.4876,0,0.0,2.0,4.0,62,64,0.8714,0.0689,60,0.696,3
0.1838,0,0,13.1689,7.1664,2,0.0,0.0,0.0,366,360,0.9726,0.0697,4,0.3308,1
16.8017,0,0,924.6014,1215.5469,0,0.0,0.0,0.0,15,7,0.9794,0.1054,198,0.9069,0
3.8239,0,2,304.3132,314.2555,1,0.0,3.0,5.0,118,104,0.8362,0.0125,191,0.8841,3
0.9315,0,1,381.077,287.9751,1,0.0,2.0,2.0,58,90,0.9574,0.0278,71,0.6922,3
0.2906,1,3,20.9046,0.3682,1,0.0,0.0,0.0,394,303,0.9315,0.0921,16,0.1206,1
3.9499,0,1,565.3518,472.0151,1,0.0,4.0,6.0,58,49,0.8721,0.088,173,0.8357,3
24.4242,0,0,648.5422,1574.3295,0,0.0,0.0,0.0,18,14,0.9929,0.1184,183,0.9063,0
9.6615,1,1,421.8028,2747.5992,0,0.0,0.0,0.0,14,11,0.8041,0.0682,218,0.9917,0
15.8409,0,0,1289.5726,1884.7052,0,0.0,0.0,0.0,10,7,0.8119,0.021,78,0.7096,0
0.2716,0,0,34.1743,7.6778,1,1.0,0.0,0.0,453,344,0.953,0.0565,19,0.2598,1
2.3109,0,1,439.422,255.2609,0,0.0,4.0,6.0,72,72,0.8786,0.0319,155,0.9341,3
0.1058,0,3,69.5083,5.6206,1,0.0,0.0,0.0,470,298,0.9714,0.0532,27,0.2302,1
0.3557,0,0,104.2687,1.9563,1,0.0,0.0,0.0,274,242,0.8855,0.0805,9,0.1665,1
19.7742,0,0,737.9689,2199.4177,1,0.0,0.0,0.0,14,11,0.8552,0.006,127,0.8397,0
4.346,0,1,174.0612,237.5645,1,0.0,5.0,5.0,55,105,0.9166,0.0243,193,0.9399,3
11.5544,1,0,1308.0331,2417.6693,0,0.0,0.0,0.0,17,8,0.8072,0.0401,77,0.9569,0
3.1232,0,1,169.6816,739.6574,0,0.0,4.0,7.0,92,39,0.842,0.0606,54,0.6285,3
0.4832,0,0,19.0632,8.6691,0,0.0,0.0,0.0,319,232,0.9622,0.0577,12,0.3502,1
1.1514,1,1,14.3807,20.4077,2,0.0,0.0,0.0,177,12,0.0944,0.7531,1,0.0758,2
0.4227,1,0,193.4989,6776.5675,1,0.0,0.0,0.0,19,10,0.8646,0.0283,154,0.8916,0
0.3482,0,0,82.7554,1.4495,1,0.0,0.0,0.0,420,201,0.9918,0.0623,13,0.3787,1
7.5432,0,1,308.2998,291.6136,0,0.0,4.0,7.0,75,108,0.9782,0.0976,100,0.7698,3
0.3291,0,5,51.4349,1.4958,1,0.0,0.0,0.0,331,343,0.8904,0.0719,27,0.3617,1
1.1481,0,1,58.9743,31.8952,1,0.0,0.0,0.0,104,6,0.24,0.9805,1,0.1247,2
10.8886,0,2,507.281,1558.236,0,0.0,0.0,0.0,14,17,0.8123,0.1211,69,0.8951,0
19.3364,1,0,314.5415,1210.7564,0,0.0,0.0,0.0,6,13,0.8117,0.053,233,0.9977,0
23.9355,2,2,655.3756,3766.4565,0,0.0,0.0,0.0,9,13,0.9762,0.033,130,0.9141,0
1.0531,1,2,25.5592,6.8538,1,0.0,0.0,0.0,227,10,0.2098,0.7812,15,0.0707,2
0.7181,0,0,40.2224,29.7881,1,0.0,0.0,0.0,166,11,0.1507,0.7735,9,0.1812,2
6.7079,0,1,278.1472,748.3344,0,0.0,1.0,6.0,104,126,0.9466,0.005,59,0.7471,3
1.6234,0,1,514.9886,709.197,1,0.0,3.0,5.0,40,58,0.965,0.0324,173,0.9079,3
0.8472,1,3,11.4533,12.8255,1,0.0,0.0,0.0,250,6,0.0648,0.7575,24,0.1808,2
1.4324,0,2,481.0266,368.3674,2,0.0,1.0,4.0,75,63,0.8164,0.0052,189,0.9288,3
1.0994,0,2,60.8624,4.7118,1,0.0,0.0,0.0,187,7,0.2088,0.7633,20,0.0732,2
0.7298,0,4,5.4949,11.8793,1,0.0,0.0,0.0,275,7,0.1291,0.8432,9,0.112,2
3.7979,0,1,930.6715,1473.0921,0,0.0,0.0,0.0,12,11,0.908,0.0476,135,0.9156,0
16.3167,0,0,1852.8649,4346.969,0,0.0,0.0,0.0,7,8,0.9669,0.1481,159,0.9767,0
3.385,0,1,198.9913,443.5694,1,0.0,4.0,6.0,73,56,0.8695,0.0708,129,0.6589,3
5.229,1,0,1128.3875,1726.0714,0,0.0,0.0,0.0,14,12,0.7946,0.001,56,0.7307,0
0.8276,1,4,44.6588,28.6148,0,0.0,0.0,0.0,198,4,0.0841,0.8567,13,0.0288,2
8.9921,0,1,226.5162,661.2108,0,0.0,2.0,3.0,101,91,0.9813,0.0875,75,0.7246,3
1.0308,0,1,17.8059,29.9155,2,0.0,0.0,0.0,250,1,0.1445,0.9776,3,0.1974,2
6.8829,0,1,504.7412,594.5473,0,0.0,4.0,7.0,69,40,0.8495,0.0066,126,0.7502,3
0.3017,2,0,26.4174,31.4281,1,0.0,0.0,0.0,186,14,0.0913,0.7582,21,0.1989,2
0.9632,0,1,408.6037,317.5728,0,0.0,2.0,2.0,105,51,0.9768,0.0228,71,0.6063,3
0.4957,0,0,45.4683,7.6274,1,0.0,0.0,0.0,250,411,0.9274,0.0902,9,0.3226,1
1.1706,1,4,628.4363,2356.0605,3,0.0,0.0,0.0,12,10,0.8352,0.1023,112,0.7615,0
0.6678,0,2,39.8588,16.7581,1,0.0,0.0,0.0,221,14,0.19,0.7923,21,0.0498,2
0.6777,0,3,13.1853,3.9056,1,0.0,0.0,0.0,153,13,0.0641,0.7988,21,0.1769,2
4.0209,0,1,308.6594,719.6802,0,0.0,5.0,4.0,147,112,0.8954,0.0567,163,0.8422,3
0.3613,0,1,47.5134,14.0027,2,0.0,0.0,0.0,122,6,0.0532,0.9599,11,0.0928,2
4.4197,0,1,171.5401,494.7767,0,0.0,2.0,6.0,83,53,0.9707,0.0147,94,0.8695,3
0.4424,0,5,19.7223,1.944,1,0.0,0.0,0.0,254,388,0.9952,0.066,39,0.3976,1
0.6718,1,1,32.2444,22.5061,2,0.0,0.0,0.0,109,3,0.0294,0.964,7,0.03,2
0.3927,1,3,19.4391,2.7696,2,0.0,0.0,0.0,490,388,0.85,0.0507,46,0.2159,1
2.5779,0,0,1353.7672,2906.9947,0,0.0,0.0,0.0,12,10,0.8905,0.0915,68,0.9014,0
26.645,0,3,631.23,2309.6712,0,0.0,0.0,0.0,18,5,0.9742,0.0366,211,0.834,0
0.6897,2,3,4.0837,12.9179,1,0.0,0.0,0.0,164,13,0.1311,0.9561,12,0.1568,2
11.0553,0,0,724.383,7675.215,3,0.0,0.0,0.0,13,14,0.8569,0.0783,55,0.7593,0
0.9726,0,1,34.0183,14.3218,1,0.0,0.0,0.0,292,6,0.0707,0.785,11,0.1943,2
0.9309,0,1,42.3234,15.3128,2,0.0,0.0,0.0,276,5,0.0187,0.886,17,0.0821,2
24.454,0,0,312.635,1140.9158,0,0.0,0.0,0.0,10,11,0.7989,0.0345,119,0.9681,0
2.1352,1,0,996.8743,4140.2185,0,0.0,0.0,0.0,4,7,0.8759,0.0954,80,0.7487,0
1.1633,0,2,14.3234,15.6775,1,0.0,0.0,0.0,105,10,0.1637,0.8471,19,0.0197,2
1.9115,0,0,418.9744,1586.984,0,0.0,0.0,0.0,16,12,0.8979,0.0108,124,0.7804,0
0.1854,0,0,103.8576,9.5911,1,0.0,0.0,0.0,267,205,0.922,0.0489,31,0.3718,1
0.9543,1,5,5.5497,25.4627,2,0.0,0.0,0.0,234,9,0.1302,0.9706,15,0.1561,2
6.5906,0,0,848.531,6343.7771,0,0.0,0.0,0.0,10,14,0.9068,0.0381,60,0.7095,0
0.4833,0,0,57.9115,3.2684,1,0.0,0.0,0.0,297,510,0.9366,0.078,14,0.3722,1
29.6621,0,3,478.97,3953.0764,0,0.0,0.0,0.0,13,15,0.8862,0.0866,196,0.8132,0
1.0802,0,1,257.4381,579.5407,2,0.0,5.0,6.0,141,117,0.828,0.0523,159,0.8231,3
21.0718,0,2,194.2061,1606.536,2,0.0,0.0,0.0,14,10,0.9008,0.052,132,0.9354,0
0.2044,0,0,120.1083,8.9586,1,0.0,0.0,0.0,267,311,0.923,0.0239,12,0.145,1
0.0211,0,0,99.5405,3.7416,1,0.0,0.0,0.0,478,254,0.9948,0.065,19,0.116,1
10.6936,0,1,356.6483,591.221,0,0.0,5.0,7.0,72,54,0.9459,0.0714,43,0.7192,3
0.2277,0,0,2.6753,0.4471,1,0.0,0.0,0.0,458,414,0.9015,0.0773,7,0.3584,1
0.4822,0,0,9.9793,3.5525,1,0.0,0.0,0.0,319,490,0.852,0.0308,4,0.3337,1
0.3428,1,0,35.6176,8.5965,2,0.0,0.0,0.0,364,269,0.8714,0.0382,48,0.2394,1
0.3201,2,3,25.2931,9.4316,2,0.0,0.0,0.0,417,359,0.851,0.0755,5,0.368,1
10.0817,0,1,481.0625,331.0701,0,0.0,3.0,4.0,69,137,0.9193,0.0159,51,0.9396,3
0.6629,0,3,17.3114,11.7637,2,0.0,0.0,0.0,288,4,0.0175,0.8889,4,0.0332,2
8.8841,0,1,1839.8963,8407.7043,0,0.0,0.0,0.0,19,11,0.8844,0.0512,247,0.9036,0
0.3174,0,1,491.154,736.8595,2,0.0,5.0,6.0,145,139,0.9401,0.0523,147,0.6512,3
0.1956,0,0,288.189,8.3267,1,0.0,0.0,0.0,437,376,0.908,0.0123,27,0.2955,1
0.2012,0,0,45.8287,3.5644,3,0.0,0.0,0.0,471,477,0.9317,0.0482,13,0.168,1
0.4668,0,2,314.0872,577.2263,0,0.0,5.0,3.0,146,128,0.8444,0.0382,104,0.6027,3
9.6181,1,4,794.6338,5498.3085,0,0.0,0.0,0.0,12,10,0.9261,0.1084,171,0.8158,0
0.0384,0,0,91.4167,1.5283,2,0.0,0.0,0.0,296,412,0.9558,0.0448,10,0.148,1
0.2254,0,0,111.9749,9.9856,1,0.0,0.0,0.0,305,355,0.9511,0.0013,3,0.3603,1
1.8614,0,1,346.1303,605.0773,0,0.0,1.0,7.0,76,105,0.9044,0.0495,123,0.6664,3
5.2423,0,2,259.2815,761.0549,2,0.0,4.0,4.0,52,105,0.8193,0.0521,109,0.9017,3
0.1011,1,0,43.025,6.1524,1,1.0,0.0,0.0,260,323,0.9955,0.0069,3,0.3815,1
33.9976,1,5,601.6,1474.4773,0,0.0,0.0,0.0,17,9,0.9798,0.0581,64,0.7686,0
0.3266,1,0,68.131,2.65,1,3.0,0.0,0.0,352,468,0.9296,0.095,32,0.2854,1
22.4223,1,4,204.4695,4308.7199,0,0.0,0.0,0.0,15,8,0.9604,0.1319,125,0.8708,0
0.0199,0,0,36.5809,28.205,2,0.0,0.0,0.0,271,13,0.2043,0.8632,1,0.0338,2
0.3333,0,0,84.2186,3.9834,1,0.0,0.0,0.0,363,367,0.8916,0.0325,10,0.1934,1
0.8594,0,0,21.7421,1.4218,1,0.0,0.0,0.0,140,9,0.1331,0.9193,23,0.0678,2
0.6059,0,2,424.5211,347.6806,2,0.0,5.0,3.0,44,41,0.8756,0.066,185,0.8249,3
0.1211,0,0,162.2914,7.2968,1,0.0,0.0,0.0,406,204,0.8908,0.0176,33,0.3952,1
3.73,0,1,596.0352,503.9324,0,0.0,3.0,6.0,131,112,0.929,0.0767,179,0.8058,3
0.8171,0,3,37.7871,15.3658,1,0.0,0.0,0.0,212,3,0.0744,0.8427,15,0.0352,2
0.546,1,3,54.7403,28.793,1,0.0,0.0,0.0,88,8,0.1294,0.9916,22,0.1864,2
1.8877,0,1,272.6633,662.3369,0,0.0,3.0,4.0,90,93,0.9659,0.0417,196,0.6034,3
1.0122,1,0,497.0124,3180.4642,0,0.0,0.0,0.0,14,11,0.9698,0.1029,240,0.9102,0
0.7057,1,3,30.4708,13.2029,2,0.0,0.0,0.0,100,2,0.0239,0.8224,18,0.0387,2
1.0748,0,2,475.796,209.2279,0,0.0,2.0,4.0,112,43,0.9635,0.0076,87,0.6002,3
0.4048,0,0,80.8672,7.5077,1,0.0,0.0,0.0,337,237,0.9912,0.0412,9,0.2085,1
4.1599,0,3,356.7364,847.008,0,0.0,0.0,0.0,12,13,0.9207,0.1453,50,0.7467,0
8.2754,0,1,216.2858,317.9075,0,0.0,3.0,6.0,141,90,0.9977,0.0978,131,0.9304,3
10.4219,1,0,644.5233,2394.6129,0,0.0,0.0,0.0,17,8,0.9999,0.0789,97,0.7506,0
1.9228,0,0,456.5863,2494.0524,0,0.0,0.0,0.0,6,7,0.9665,0.0575,160,0.9278,0
5.362,0,2,674.4651,8840.0406,0,0.0,0.0,0.0,16,10,0.9185,0.0385,124,0.7517,0
7.164,0,2,259.7168,705.4521,0,0.0,3.0,3.0,124,111,0.8051,0.0234,187,0.8572,3
0.1555,2,3,94.2327,5.4489,2,0.0,0.0,0.0,452,209,0.906,0.0478,20,0.3654,1
0.4007,0,0,115.1035,3.8441,3,0.0,0.0,0.0,485,319,0.9989,0.0782,14,0.2311,1
21.1281,0,1,363.9239,642.0694,0,0.0,1.0,2.0,71,57,0.8459,0.0672,73,0.8982,3
0.9935,1,5,43.3773,8.0145,2,0.0,0.0,0.0,275,14,0.1898,0.9699,13,0.1004,2
6.7847,0,2,890.0994,6087.4795,0,0.0,0.0,0.0,14,9,0.9039,0.142,172,0.7895,0
5.1061,0,1,485.7281,453.339,2,0.0,4.0,7.0,68,110,0.9642,0.0882,147,0.6934,3
1.009,0,1,17.999,16.6221,2,0.0,0.0,0.0,104,3,0.2159,0.8682,11,0.0176,2
2.2996,0,0,629.0828,2356.9108,0,0.0,0.0,0.0,10,11,0.9455,0.11,207,0.7177,0
3.7019,0,0,1488.5834,1725.6188,0,0.0,0.0,0.0,10,7,0.8435,0.1348,147,0.9395,0
0.3934,0,1,210.9512,484.7526,0,0.0,5.0,6.0,82,71,0.8124,0.0738,113,0.7144,3
4.849,0,1,215.6652,259.6169,1,0.0,2.0,3.0,71,73,0.8945,0.0927,197,0.9298,3
0.0179,0,0,80.5392,7.6288,1,0.0,0.0,0.0,376,435,0.8556,0.068,26,0.2107,1
0.2376,1,2,55.2439,26.3718,2,0.0,0.0,0.0,130,3,0.1233,0.9484,16,0.1274,2
1.0331,0,0,18.656,30.6265,1,0.0,0.0,0.0,181,1,0.2457,0.8928,11,0.1457,2
5.3019,0,2,284.5634,689.9579,2,0.0,5.0,7.0,52,58,0.9105,0.0559,79,0.6578,3
0.2232,2,0,87.0512,1.5772,1,0.0,0.0,0.0,443,473,0.869,0.0038,9,0.2417,1
0.2264,0,1,439.2427,271.8801,0,0.0,2.0,7.0,68,137,0.9867,0.0279,106,0.8538,3
0.4846,0,0,6.1415,4.0846,1,0.0,0.0,0.0,274,213,0.9629,0.0158,28,0.2381,1
6.4666,0,1,289.774,292.6738,0,0.0,1.0,5.0,101,119,0.8643,0.0867,169,0.7894,3
0.9249,1,0,8.5821,18.5056,0,0.0,0.0,0.0,246,9,0.0274,0.9942,3,0.0381,2
6.1738,0,1,248.6539,348.2614,2,0.0,2.0,2.0,71,27,0.9028,0.0995,93,0.8863,3
0.4894,0,0,260.7491,4.0923,1,0.0,0.0,0.0,305,353,0.8581,0.0798,30,0.2945,1
17.4071,0,3,176.5209,4717.2775,0,0.0,0.0,0.0,11,13,0.7579,0.038,189,0.8414,0
1.7396,0,0,796.3923,6676.3723,0,0.0,0.0,0.0,11,10,0.7837,0.0694,150,0.7608,0
0.5723,1,3,27.2204,0.355,2,0.0,0.0,0.0,104,9,0.1501,0.7842,16,0.0989,2
0.1719,1,4,30.6575,30.0092,1,0.0,0.0,0.0,158,10,0.1657,0.9469,10,0.1608,2
1.0311,2,0,16.2701,13.3196,2,0.0,0.0,0.0,169,3,0.1736,0.8213,17,0.1861,2
0.482,0,0,34.5368,22.5224,2,0.0,0.0,0.0,190,12,0.1789,0.9416,10,0.1874,2
1.3196,0,1,568.6136,464.7254,0,0.0,5.0,6.0,74,101,0.8674,0.0158,54,0.9333,3
1.1886,1,4,3.1379,9.4891,2,0.0,0.0,0.0,296,5,0.0225,0.7874,24,0.1286,2
2.665,0,2,275.5219,559.2619,0,0.0,5.0,4.0,65,43,0.9769,0.0469,96,0.9365,3
34.1575,0,0,1243.08,3915.0545,2,0.0,0.0,0.0,7,17,0.9297,0.0925,94,0.9994,0
0.0926,1,0,126.0121,5.4319,1,0.0,0.0,0.0,327,325,0.888,0.0963,2,0.1765,1
0.0538,0,0,19.3644,8.9151,2,1.0,0.0,0.0,298,456,0.893,0.0108,13,0.2659,1
0.968,2,5,26.571,16.1113,1,0.0,0.0,0.0,173,3,0.2189,0.8197,24,0.0774,2
0.5744,0,2,10.4478,22.0831,2,0.0,0.0,0.0,228,9,0.176,0.9813,12,0.1332,2
7.689,0,0,3487.2583,3762.0464,0,0.0,0.0,0.0,9,7,0.8536,0.0988,75,0.7716,0
0.9627,0,4,26.4033,0.9765,2,0.0,0.0,0.0,134,7,0.2381,0.9193,16,0.0393,2
30.6932,0,0,262.5377,2709.9994,0,0.0,0.0,0.0,13,6,0.8706,0.0781,58,0.7879,0
3.8641,2,3,541.4363,5162.2007,0,0.0,0.0,0.0,13,17,0.9613,0.1072,145,0.7777,0
9.4349,0,3,427.3882,1315.2616,0,0.0,0.0,0.0,10,11,0.8304,0.0185,170,0.7235,0
0.3336,2,0,19.1838,8.7136,3,1.0,0.0,0.0,299,276,0.8723,0.0338,30,0.2014,1
0.2553,0,4,36.0764,7.7002,1,0.0,0.0,0.0,209,7,0.1165,0.9758,12,0.1632,2
3.4256,1,0,514.9598,706.8835,0,0.0,0.0,0.0,7,12,0.9143,0.0688,149,0.9689,0
1.1795,0,1,532.0801,294.319,0,0.0,2.0,7.0,73,41,0.8494,0.0438,155,0.6217,3
0.8264,1,2,33.7248,23.5501,2,0.0,0.0,0.0,285,13,0.1037,0.8911,24,0.1604,2
0.0818,1,0,29.342,7.0336,1,0.0,0.0,0.0,318,231,0.916,0.0607,39,0.1227,1
0.8354,1,1,49.4787,21.4321,1,0.0,0.0,0.0,279,7,0.0905,0.9169,9,0.0992,2
0.196,1,3,16.2353,3.5826,2,0.0,0.0,0.0,210,9,0.0472,0.9867,20,0.1691,2
0.2505,0,4,28.5672,16.7549,1,0.0,0.0,0.0,188,5,0.1674,0.9196,23,0.0947,2
0.3814,0,0,77.5863,1.2673,1,0.0,0.0,0.0,303,228,0.9435,0.0662,10,0.1365,1
0.7623,0,4,28.7428,10.3748,1,0.0,0.0,0.0,80,6,0.1809,0.9555,16,0.0939,2
0.043,0,0,103.1089,7.0913,1,3.0,0.0,0.0,456,208,0.947,0.0093,45,0.2648,1
1.1488,2,3,61.1719,9.5391,1,0.0,0.0,0.0,184,11,0.028,0.7544,3,0.1134,2
10.6946,0,1,196.9199,634.223,0,0.0,1.0,5.0,142,95,0.8427,0.0467,117,0.8669,3
0.7855,1,3,60.3286,30.5255,0,0.0,0.0,0.0,273,5,0.2045,0.9547,24,0.1776,2
0.1203,1,0,90.2638,1.5816,1,0.0,0.0,0.0,257,372,0.8846,0.0825,3,0.2663,1
0.1762,0,5,70.566,6.8415,1,0.0,0.0,0.0,260,332,0.9529,0.0765,49,0.2044,1
0.9435,0,0,46.0503,6.0897,0,0.0,0.0,0.0,142,10,0.1462,0.8916,2,0.1837,2
4.091,0,1,418.0502,525.1432,0,0.0,4.0,4.0,52,121,0.8366,0.0733,49,0.8032,3
0.2075,0,3,47.1349,2.8656,1,0.0,0.0,0.0,395,268,0.9579,0.0852,25,0.1636,1
0.4148,2,1,2.1229,14.638,2,0.0,0.0,0.0,268,11,0.1947,0.8364,6,0.1108,2
3.4122,0,3,882.1499,7587.856,0,0.0,0.0,0.0,15,10,0.9888,0.052,213,0.8593,0
0.9127,0,5,41.4532,26.3589,2,0.0,0.0,0.0,234,13,0.144,0.9575,24,0.1427,2
4.9868,0,4,1187.944,1476.5449,0,0.0,0.0,0.0,10,12,0.8015,0.0328,86,0.9749,0
0.4315,0,2,588.1543,423.4999,0,0.0,3.0,2.0,135,127,0.8553,0.0041,98,0.808,3
0.319,1,0,59.4942,7.1573,1,0.0,0.0,0.0,422,236,0.9215,0.0016,34,0.1715,1
0.3168,0,3,117.1102,6.9783,1,0.0,0.0,0.0,274,467,0.8725,0.064,46,0.2642,1
22.251,0,1,1659.9508,1220.9775,0,0.0,0.0,0.0,17,9,0.8739,0.0142,113,0.9082,0
1.1803,0,1,168.5896,508.3916,0,0.0,5.0,2.0,72,103,0.8954,0.0358,125,0.6045,3
2.3132,0,1,433.3405,347.0991,0,0.0,3.0,7.0,72,74,0.8804,0.0871,147,0.8647,3
0.8448,0,5,34.1082,4.6356,1,0.0,0.0,0.0,240,2,0.0582,0.8292,16,0.1166,2
5.2107,0,1,303.32,331.392,0,0.0,3.0,7.0,71,114,0.8324,0.0767,66,0.8103,3
0.2981,0,0,54.2244,3.0837,2,3.0,0.0,0.0,316,241,0.957,0.0078,31,0.3545,1
3.728,0,1,484.9364,402.2049,2,0.0,5.0,2.0,57,96,0.921,0.0723,162,0.9318,3
0.3614,0,2,12.2481,7.3175,2,0.0,0.0,0.0,174,11,0.2014,0.8782,4,0.1809,2
1.1302,0,0,26.0716,7.947,1,0.0,0.0,0.0,285,10,0.2312,0.8291,7,0.1257,2
0.8089,0,1,228.0641,464.9342,0,0.0,5.0,6.0,36,73,0.8099,0.0012,82,0.8522,3
0.2547,0,0,126.4943,0.9558,1,0.0,0.0,0.0,378,472,0.9873,0.0524,34,0.1298,1
1.8873,0,1,274.4692,510.7237,1,0.0,5.0,6.0,143,38,0.9434,0.0242,161,0.7542,3
0.1955,0,1,58.1663,16.6444,1,0.0,0.0,0.0,293,10,0.1955,0.8261,2,0.1283,2
0.4186,0,3,364.8515,2574.6057,0,0.0,0.0,0.0,11,10,0.8632,0.0771,151,0.9726,0
27.349,0,4,719.8617,5343.4984,0,0.0,0.0,0.0,7,13,0.9277,0.1085,219,0.8577,0
0.5327,2,4,43.7563,19.437,1,0.0,0.0,0.0,89,12,0.0449,0.881,3,0.1248,2
3.4877,0,0,707.24,2681.1684,0,0.0,0.0,0.0,13,8,0.8816,0.0447,81,0.8947,0
0.5013,0,2,273.741,517.6665,0,0.0,2.0,3.0,109,98,0.8675,0.0307,118,0.8607,3
3.4992,0,4,388.4525,1421.0184,0,0.0,0.0,0.0,13,10,0.8905,0.0039,79,0.9245,0
0.1604,0,3,66.248,4.6205,0,0.0,0.0,0.0,481,400,0.9766,0.0389,48,0.2169,1
26.5879,0,0,655.3717,4010.7886,0,0.0,0.0,0.0,10,11,0.9853,0.0149,159,0.8085,0
3.3803,0,0,3487.0882,2167.4661,0,0.0,0.0,0.0,11,13,0.7784,0.0832,101,0.9647,0
0.2995,0,3,64.8134,3.373,1,0.0,0.0,0.0,370,223,0.9855,0.0347,7,0.3372,1
0.9012,2,3,2.4259,11.9524,2,0.0,0.0,0.0,265,2,0.1092,0.9357,1,0.0804,2
1.1726,0,4,592.4028,2093.709,0,0.0,0.0,0.0,17,12,0.7731,0.0026,175,0.7424,0
4.1349,0,1,286.0966,625.7723,0,0.0,1.0,3.0,31,111,0.8876,0.0211,158,0.7824,3
3.3946,0,1,180.0608,745.7781,0,0.0,1.0,2.0,142,82,0.9403,0.064,178,0.8631,3
5.5807,0,1,500.8056,262.0807,0,0.0,3.0,6.0,56,81,0.8398,0.0773,175,0.8526,3
4.5141,0,1,204.2836,540.4275,0,0.0,1.0,6.0,50,30,0.9506,0.0328,40,0.6374,3
2.0739,0,0,986.9095,2336.973,0,0.0,0.0,0.0,11,6,0.8942,0.1174,170,0.776,0
3.5919,0,2,235.2748,413.4578,2,0.0,4.0,6.0,73,111,0.9123,0.0199,114,0.7706,3
38.162,0,0,372.5241,5781.0208,0,0.0,0.0,0.0,22,14,0.8827,0.0491,116,0.9301,0
1.1921,1,5,17.8357,26.4194,2,0.0,0.0,0.0,246,14,0.1838,0.9895,14,0.0417,2
0.4402,0,0,27.1969,9.3828,2,0.0,0.0,0.0,316,381,0.9065,0.0172,10,0.1981,1
0.7442,2,0,42.5581,4.9043,1,0.0,0.0,0.0,105,11,0.2076,0.7929,10,0.1135,2
0.3599,0,3,14.7576,0.4807,1,0.0,0.0,0.0,319,222,0.8732,0.0381,15,0.1356,1
7.8353,0,1,393.7234,543.9285,2,0.0,2.0,6.0,132,90,0.8937,0.0629,73,0.6666,3
0.9545,1,3,11.8829,8.5685,2,0.0,0.0,0.0,88,3,0.0247,0.8792,14,0.0408,2
0.0447,1,5,42.6894,21.0914,1,0.0,0.0,0.0,278,3,0.2015,0.9345,22,0.0317,2
0.4967,0,2,288.6467,520.3495,1,0.0,4.0,4.0,127,48,0.9762,0.0982,51,0.6328,3
0.2801,0,0,180.4753,6.7689,1,0.0,0.0,0.0,359,407,0.9864,0.0633,23,0.1676,1
0.9938,0,0,47.1108,13.1317,2,0.0,0.0,0.0,114,14,0.1594,0.8835,9,0.1779,2
0.2362,0,0,64.1297,1.7351,1,0.0,0.0,0.0,395,227,0.8557,0.0019,24,0.1477,1
0.8079,0,2,48.1268,16.4303,1,0.0,0.0,0.0,218,10,0.1496,0.766,20,0.115,2
0.1158,0,0,318.9895,8.7543,1,1.0,0.0,0.0,412,292,0.9618,0.0723,8,0.3886,1
0.4013,0,0,52.1587,3.0844,1,0.0,0.0,0.0,315,358,0.9436,0.0832,43,0.1178,1
1.1941,1,3,22.4019,11.0821,3,0.0,0.0,0.0,123,5,0.1458,0.9491,4,0.1196,2
0.0263,0,3,67.2549,0.129,0,0.0,0.0,0.0,467,250,0.9227,0.0683,3,0.3456,1
4.9178,0,1,256.7162,766.4092,0,0.0,1.0,5.0,73,26,0.8669,0.0061,188,0.8699,3
14.669,1,0,1701.9207,4742.431,0,0.0,0.0,0.0,6,1,0.9052,0.0942,136,0.9078,0
0.906,1,1,50.8606,28.1818,2,0.0,0.0,0.0,112,4,0.1725,0.9056,19,0.0335,2
0.4071,0,0,21.6559,2.939,1,0.0,0.0,0.0,280,274,0.9485,0.068,42,0.3358,1
0.0851,0,0,27.9665,9.536,1,0.0,0.0,0.0,259,299,0.8831,0.0591,36,0.3549,1
0.2429,2,0,34.2263,3.48,3,0.0,0.0,0.0,305,377,0.9487,0.0261,22,0.3126,1
0.5676,1,2,58.0013,27.6324,2,0.0,0.0,0.0,196,2,0.0466,0.857,10,0.119,2
0.5176,0,3,62.0675,9.1234,1,0.0,0.0,0.0,188,3,0.2419,0.9128,20,0.1055,2
0.2615,0,4,11.4833,19.1539,1,0.0,0.0,0.0,221,11,0.0304,0.8352,24,0.1241,2
5.7822,0,2,403.1166,312.6171,2,0.0,1.0,6.0,44,115,0.9122,0.0407,152,0.8312,3
0.6308,2,2,26.0544,31.7479,2,0.0,0.0,0.0,214,5,0.1369,0.9286,15,0.1814,2
0.1576,0,2,50.634,1.2807,2,0.0,0.0,0.0,130,8,0.0592,0.7929,21,0.0283,2
15.3414,1,0,879.7406,3902.7787,3,0.0,0.0,0.0,11,10,0.9325,0.0653,246,0.7338,0
0.4846,0,0,109.545,7.2979,0,0.0,0.0,0.0,306,476,0.9547,0.0144,25,0.2608,1
1.17,1,1,14.4732,21.115,3,0.0,0.0,0.0,213,7,0.1664,0.9652,1,0.0824,2
0.319,1,0,64.3885,6.7762,1,0.0,0.0,0.0,277,425,0.8768,0.0158,14,0.2691,1
3.9893,1,4,781.4141,1887.3852,0,0.0,0.0,0.0,11,9,0.8119,0.0967,59,0.779,0
6.8603,0,2,396.3614,300.6091,0,0.0,3.0,3.0,81,72,0.839,0.044,150,0.8858,3
11.2584,0,2,445.4665,536.7908,0,0.0,2.0,5.0,82,63,0.8364,0.0194,93,0.92,3
8.3745,0,1,724.5216,3386.421,0,0.0,0.0,0.0,19,9,0.81,0.0836,83,0.9754,0
3.3731,0,1,435.0645,719.1242,0,0.0,5.0,3.0,51,30,0.909,0.0035,81,0.7911,3
1.1865,0,2,319.9055,593.7935,1,0.0,3.0,2.0,43,127,0.903,0.0434,66,0.7837,3
1.255,0,2,596.7254,633.5024,0,0.0,2.0,4.0,111,46,0.9006,0.0363,140,0.6927,3
0.4524,0,5,68.2424,2.8396,1,0.0,0.0,0.0,332,273,0.8569,0.0889,37,0.3959,1
1.1978,0,4,34.9959,3.6652,2,0.0,0.0,0.0,98,11,0.1246,0.953,12,0.1808,2
0.3652,0,5,85.6046,4.1251,1,3.0,0.0,0.0,476,443,0.8541,0.0712,23,0.1578,1
0.4847,0,1,12.4361,20.3927,1,0.0,0.0,0.0,160,3,0.2099,0.8627,17,0.0733,2
0.0211,0,0,88.053,0.0529,2,0.0,0.0,0.0,422,298,0.962,0.0654,26,0.2401,1
1.5973,0,2,704.0331,7080.3291,0,0.0,0.0,0.0,16,8,0.8472,0.0899,94,0.8502,0
0.3524,0,0,87.5735,4.035,1,0.0,0.0,0.0,378,224,0.8754,0.0637,3,0.1583,1
0.3815,1,0,224.6095,2.6182,1,3.0,0.0,0.0,325,446,0.8572,0.0033,46,0.381,1
0.241,2,0,22.4273,1.6278,1,0.0,0.0,0.0,457,509,0.8601,0.0789,13,0.2096,1
0.5803,0,4,51.9946,14.3439,1,0.0,0.0,0.0,239,4,0.1488,0.9093,8,0.1282,2
0.2912,0,2,222.4046,403.9027,0,0.0,2.0,3.0,115,46,0.98,0.021,174,0.9451,3
26.2564,1,0,3205.5215,8855.294,0,0.0,0.0,0.0,12,13,0.7865,0.0151,80,0.7404,0
1.1181,0,0,21.7972,31.106,1,0.0,0.0,0.0,144,9,0.2464,0.9058,13,0.1432,2
0.3735,1,0,78.219,8.5179,2,0.0,0.0,0.0,269,278,0.9166,0.0114,21,0.1976,1
16.7651,1,0,696.3415,3929.7412,0,0.0,0.0,0.0,11,13,0.7864,0.0985,154,0.7109,0
15.4811,0,0,356.3151,6237.299,0,0.0,0.0,0.0,11,16,0.7854,0.1341,164,0.793,0
13.76,0,0,915.959,2495.5074,0,0.0,0.0,0.0,11,9,0.9155,0.0895,75,0.9432,0
1.8192,1,0,883.5656,1255.1243,0,0.0,1.0,0.0,9,9,0.9752,0.1204,51,0.8912,0
0.6416,0,3,17.5396,10.1933,0,0.0,0.0,0.0,188,10,0.1913,0.903,12,0.1205,2
0.4676,0,3,7.1846,0.6273,1,0.0,0.0,0.0,440,379,0.8909,0.0179,7,0.2733,1
1.5069,0,0,2212.0389,2484.318,0,0.0,0.0,0.0,15,8,0.9299,0.0614,54,0.9301,0
0.0993,2,3,18.6321,6.0904,1,0.0,0.0,0.0,408,287,0.8719,0.0493,21,0.3746,1
0.1444,2,5,50.3259,12.678,1,0.0,0.0,0.0,107,9,0.1221,0.8253,22,0.0564,2
9.0209,0,0,1218.2213,6434.8935,1,0.0,0.0,0.0,9,8,0.915,0.1281,133,0.8383,0
23.1086,0,5,134.5809,4004.2719,0,0.0,0.0,0.0,16,15,0.8999,0.0335,143,0.951,0
2.3597,0,1,470.2666,417.1515,0,0.0,3.0,5.0,31,45,0.9046,0.0767,89,0.711,3
3.0315,1,2,179.6214,6574.7886,0,0.0,0.0,0.0,13,11,0.8061,0.0015,198,0.8034,0
13.0053,0,1,352.8739,532.0262,1,0.0,4.0,4.0,89,117,0.8095,0.0221,157,0.8763,3
0.387,0,0,52.714,6.3356,1,0.0,0.0,0.0,409,288,0.9557,0.0715,42,0.1658,1
0.2845,0,0,118.5989,0.6269,1,1.0,0.0,0.0,422,388,0.9693,0.0201,32,0.1607,1
17.9803,0,3,510.9361,2305.2974,0,0.0,0.0,0.0,14,13,0.8746,0.1472,203,0.7226,0
2.0354,0,1,293.0856,385.2667,0,0.0,4.0,3.0,97,118,0.8962,0.0414,40,0.9035,3
6.2403,0,1,474.1367,361.1056,0,0.0,2.0,5.0,147,56,0.9262,0.0264,199,0.6151,3
0.2791,0,3,27.9014,16.6045,2,0.0,0.0,0.0,281,1,0.1858,0.9478,1,0.127,2
0.818,1,5,25.9383,5.4715,1,0.0,0.0,0.0,217,1,0.145,0.7562,17,0.1072,2
21.4073,0,1,1258.6437,4689.1129,0,0.0,0.0,0.0,16,9,0.7767,0.0358,144,0.9716,0
5.9379,0,1,471.4036,255.7081,1,0.0,3.0,5.0,67,68,0.8365,0.0221,77,0.6605,3
0.8766,0,1,408.8857,316.3277,2,0.0,3.0,7.0,90,44,0.8791,0.0425,182,0.6574,3
0.3758,0,0,122.0306,0.0416,1,0.0,0.0,0.0,261,236,0.8541,0.0896,12,0.2215,1
0.2117,1,2,45.405,15.7672,1,0.0,0.0,0.0,148,4,0.0445,0.8143,2,0.1099,2
1.9988,0,1,150.3946,485.7638,0,0.0,5.0,2.0,43,65,0.8277,0.0051,78,0.6541,3
0.5032,0,2,51.0957,3.0224,0,0.0,0.0,0.0,215,13,0.0796,0.7734,12,0.091,2
0.6724,2,3,15.5252,30.8178,2,0.0,0.0,0.0,138,6,0.0136,0.8275,19,0.1687,2
0.8581,1,2,27.0229,15.0482,2,0.0,0.0,0.0,158,4,0.0543,0.9462,19,0.1027,2
0.0126,1,0,49.8621,2.2052,1,0.0,0.0,0.0,257,444,0.8951,0.0557,12,0.3419,1
7.835,0,1,243.0994,458.5126,0,0.0,2.0,7.0,85,74,0.9024,0.0482,197,0.7655,3
6.1078,0,3,882.5214,5660.0493,0,0.0,0.0,0.0,9,11,0.9587,0.1359,76,0.913,0
1.7548,0,1,185.4396,738.1681,0,0.0,1.0,6.0,138,49,0.8199,0.005,135,0.8223,3
0.667,1,3,47.342,12.0757,0,0.0,0.0,0.0,137,5,0.0486,0.8407,15,0.0432,2
1.5846,0,0,1400.8902,2904.9135,2,0.0,0.0,0.0,12,12,0.9364,0.0142,115,0.84,0
0.1587,0,0,102.8093,1.2291,2,0.0,0.0,0.0,325,341,0.933,0.0264,26,0.2192,1
0.0809,0,0,20.6988,8.9797,1,0.0,0.0,0.0,397,265,0.9294,0.0817,43,0.2019,1
1.1789,0,1,40.5258,3.1866,2,0.0,0.0,0.0,94,10,0.0301,0.8645,3,0.0345,2
0.5658,0,0,6.4593,19.9976,0,0.0,0.0,0.0,219,12,0.057,0.7557,16,0.1967,2
4.4326,0,1,330.9008,322.6046,1,0.0,2.0,2.0,68,137,0.9088,0.0582,44,0.7185,3
4.7288,0,5,282.5473,5865.3091,0,0.0,0.0,0.0,10,14,0.9934,0.0386,51,0.9968,0
16.0395,0,4,264.3387,7375.3191,0,0.0,0.0,0.0,12,9,0.9081,0.0624,80,0.7602,0
4.6272,0,1,294.937,752.9004,2,0.0,2.0,6.0,137,120,0.9856,0.0496,88,0.8059,3
0.4129,0,0,40.1471,6.6719,1,0.0,0.0,0.0,486,213,0.8684,0.0575,10,0.3189,1
19.1433,0,0,563.5711,2080.0797,0,0.0,0.0,0.0,9,10,0.8072,0.1022,81,0.9296,0
2.131,0,1,372.6349,235.2248,1,0.0,5.0,5.0,37,135,0.8876,0.0988,61,0.6831,3
0.2003,2,3,25.6577,20.1643,0,0.0,0.0,0.0,157,10,0.061,0.816,5,0.1801,2
0.9483,0,0,18.325,7.4292,0,0.0,0.0,0.0,287,14,0.202,0.7559,15,0.0738,2
1.8027,0,2,446.8246,204.277,1,0.0,2.0,4.0,82,76,0.8853,0.051,61,0.6711,3
10.4494,0,1,298.4631,543.3748,1,0.0,5.0,5.0,95,49,0.8989,0.0296,160,0.6784,3
0.3154,0,0,93.5385,6.9633,1,3.0,0.0,0.0,275,277,0.8667,0.0365,9,0.3272,1
0.5903,0,3,47.553,2.0476,2,0.0,0.0,0.0,85,13,0.0974,0.9281,6,0.1947,2
0.734,1,3,7.7431,10.6129,2,0.0,0.0,0.0,284,11,0.0111,0.9505,14,0.1767,2
1.013,1,4,7.2241,28.8805,1,0.0,0.0,0.0,189,12,0.1448,0.9778,2,0.0226,2
0.2736,1,4,35.474,24.8857,1,0.0,0.0,0.0,228,9,0.0384,0.8379,2,0.1722,2
5.8895,0,1,365.3898,297.9172,0,0.0,3.0,6.0,38,90,0.936,0.0398,48,0.6638,3
0.3226,0,2,13.849,9.2286,1,0.0,0.0,0.0,282,3,0.2485,0.7758,3,0.1271,2
5.601,0,3,758.4712,5562.5442,0,0.0,0.0,0.0,16,9,0.8609,0.1237,143,0.9404,0
0.3299,0,5,86.2647,2.2328,2,0.0,0.0,0.0,461,320,0.8672,0.0982,47,0.3554,1
0.0227,0,0,358.7332,5.4796,1,0.0,0.0,0.0,289,302,1.0,0.0742,16,0.1066,1
0.7387,0,0,10.009,22.2516,1,0.0,0.0,0.0,249,3,0.0326,0.7597,24,0.0666,2
12.4907,0,0,484.6276,8145.2576,0,0.0,0.0,0.0,8,9,0.9556,0.018,247,0.826,0
6.865,0,1,310.7511,381.6634,0,0.0,4.0,5.0,111,85,0.9912,0.085,170,0.6751,3
1.0756,0,4,54.7242,6.9149,2,0.0,0.0,0.0,109,13,0.0631,0.8781,14,0.1966,2
0.2512,0,3,2.516,12.647,1,0.0,0.0,0.0,145,8,0.0521,0.9567,5,0.1671,2
10.0926,0,3,256.6698,1001.0145,0,0.0,0.0,0.0,14,6,0.9177,0.0399,213,0.9945,0
0.1578,0,0,83.8194,9.1079,0,0.0,0.0,0.0,359,506,0.9052,0.0917,6,0.1577,1
14.875,0,0,758.4636,4816.7882,0,0.0,0.0,0.0,16,8,0.8447,0.0178,157,0.8406,0
6.4226,0,1,326.5655,701.8238,2,0.0,1.0,7.0,37,129,0.8155,0.0182,112,0.9098,3
18.7489,0,5,525.469,3042.6963,0,0.0,0.0,0.0,12,18,0.9912,0.0289,242,0.7955,0
31.687,1,2,1482.3491,8078.8828,0,0.0,0.0,0.0,15,12,0.8132,0.0472,247,0.8186,0
0.4809,1,0,11.7361,4.3744,2,0.0,0.0,0.0,104,10,0.1444,0.9263,20,0.14,2
9.8648,0,2,429.4312,4606.1911,0,0.0,0.0,0.0,6,18,0.9568,0.0518,168,0.8552,0
2.0745,0,1,549.9224,560.152,0,0.0,5.0,7.0,145,109,0.8988,0.0237,112,0.9426,3
0.3543,0,2,15.7021,23.5809,2,0.0,0.0,0.0,227,6,0.0382,0.866,14,0.024,2
0.5085,0,1,27.9063,16.6162,1,0.0,0.0,0.0,257,1,0.1335,0.8685,10,0.1937,2
0.7658,0,2,572.5508,231.5222,0,0.0,4.0,2.0,109,84,0.8889,0.033,125,0.6912,3
6.0494,1,0,681.7676,4824.4474,0,0.0,0.0,0.0,14,9,0.9226,0.0136,231,0.838,0
0.4715,0,0,57.249,2.0351,1,0.0,0.0,0.0,426,320,0.9888,0.0412,45,0.2347,1
6.7451,0,0,535.1,8215.066,0,0.0,0.0,0.0,18,14,0.7648,0.0564,116,0.7814,0
4.265,0,1,523.4941,342.506,0,0.0,5.0,6.0,108,70,0.8942,0.0561,78,0.8002,3
0.4537,0,2,155.6921,757.1817,0,0.0,3.0,4.0,139,133,0.9532,0.0567,199,0.9353,3
0.2331,0,0,77.6296,2.2331,0,3.0,0.0,0.0,435,299,0.9685,0.0666,47,0.2684,1
6.3958,0,1,182.1474,269.316,0,0.0,2.0,4.0,38,61,0.9469,0.0498,141,0.7327,3
0.7199,1,2,11.8802,12.9261,1,0.0,0.0,0.0,183,3,0.143,0.8902,17,0.1193,2
0.6962,0,2,42.3088,29.7125,2,0.0,0.0,0.0,125,4,0.1963,0.9266,10,0.0102,2
4.4671,0,2,488.4003,758.6501,0,0.0,3.0,4.0,54,37,0.9621,0.0328,128,0.8042,3
4.4087,0,1,296.3546,253.7368,0,0.0,2.0,7.0,59,80,0.9679,0.0451,63,0.782,3
0.0103,1,0,62.9449,4.858,2,0.0,0.0,0.0,351,443,0.9025,0.0392,5,0.1897,1
0.9556,0,2,29.012,28.9245,1,0.0,0.0,0.0,299,13,0.0262,0.9166,17,0.0217,2
0.6325,0,3,20.797,1.5931,1,0.0,0.0,0.0,219,4,0.0138,0.9101,6,0.1149,2
0.5321,0,1,56.4544,26.1738,3,0.0,0.0,0.0,211,11,0.0122,0.9771,22,0.1054,2
0.1109,0,5,160.2134,7.9287,2,0.0,0.0,0.0,291,325,0.9475,0.0493,26,0.3112,1
1.7596,1,0,1075.8194,4776.2609,0,0.0,0.0,0.0,11,10,0.9429,0.054,81,0.9568,0
0.4673,0,0,185.0015,9.6652,1,0.0,0.0,0.0,401,328,0.9681,0.074,1,0.2822,1
0.2939,0,1,509.1352,201.7703,0,0.0,5.0,5.0,125,50,0.81,0.0256,191,0.6346,3
5.1352,0,1,199.4879,524.2853,0,0.0,2.0,3.0,99,69,0.9403,0.0323,76,0.6911,3
3.2605,0,1,580.5901,458.2407,0,0.0,4.0,5.0,68,32,0.9343,0.0987,91,0.8584,3
1.1801,2,0,14.5983,22.3616,2,0.0,0.0,0.0,248,13,0.2041,0.9178,14,0.0367,2
25.4069,0,4,1892.9206,6149.2697,0,0.0,0.0,0.0,19,12,0.9334,0.0994,159,0.7126,0
0.9376,1,2,60.4743,4.1921,1,0.0,0.0,0.0,267,3,0.1103,0.8963,15,0.1957,2
0.5342,0,2,25.0247,30.1567,0,0.0,0.0,0.0,147,13,0.0749,0.9862,24,0.0948,2
2.202,0,3,184.8866,1138.3004,0,0.0,0.0,0.0,9,13,0.8142,0.0201,254,0.9671,0
0.2186,0,0,109.419,3.4755,1,1.0,0.0,0.0,422,424,0.8851,0.0445,26,0.2459,1
10.6762,0,2,672.2287,3914.0834,0,0.0,0.0,0.0,9,13,0.9564,0.0845,141,0.7437,0
0.3923,0,3,36.7175,25.7449,1,0.0,0.0,0.0,277,5,0.231,0.8671,13,0.1584,2
0.2346,0,0,43.171,8.769,1,3.0,0.0,0.0,279,390,0.9882,0.0804,3,0.1192,1
0.1207,0,3,29.6467,7.8863,1,0.0,0.0,0.0,403,485,0.8838,0.0837,43,0.3572,1
15.6031,0,1,570.8771,4604.8547,0,0.0,0.0,0.0,14,9,0.9407,0.1398,102,0.9783,0
0.9986,0,2,19.8541,24.5589,2,0.0,0.0,0.0,276,11,0.232,0.8898,19,0.1607,2
0.2467,0,4,417.7383,3197.7308,0,0.0,0.0,0.0,9,9,0.7933,0.0523,166,0.8865,0
0.4159,0,3,131.7889,0.194,2,1.0,0.0,0.0,458,310,0.9522,0.0622,29,0.1902,1
0.163,0,0,4.247,6.0029,1,0.0,0.0,0.0,363,453,0.8705,0.0661,10,0.1645,1
0.3377,0,0,91.8706,4.3356,1,0.0,0.0,0.0,300,333,0.9345,0.0111,23,0.1887,1
6.8641,1,0,805.6998,7658.5213,0,0.0,0.0,0.0,17,9,0.9376,0.083,200,0.8766,0
0.1548,0,5,78.4498,8.749,1,0.0,0.0,0.0,317,347,0.9135,0.0666,38,0.2158,1
14.5275,0,1,373.2672,622.7054,0,0.0,4.0,3.0,46,86,0.8849,0.0089,174,0.8507,3
0.2344,0,3,31.0849,17.0516,3,0.0,0.0,0.0,263,1,0.1271,0.8811,5,0.1,2
0.6779,0,3,12.6271,1.3822,2,0.0,0.0,0.0,248,8,0.2156,0.9958,3,0.1892,2
0.3632,1,3,63.6494,5.0937,1,0.0,0.0,0.0,322,452,0.8544,0.0026,30,0.3194,1
2.7856,0,0,593.1092,3805.0198,0,0.0,0.0,0.0,10,11,0.9458,0.0501,166,0.8445,0
9.5457,0,1,164.1195,219.9288,0,0.0,2.0,5.0,131,37,0.8179,0.0262,199,0.9118,3
0.0079,0,5,81.0023,7.2856,1,0.0,0.0,0.0,372,483,0.9232,0.0005,21,0.325,1
0.0839,2,5,4.9202,1.8827,0,0.0,0.0,0.0,295,5,0.0811,0.8638,2,0.0668,2
0.1193,1,3,27.0753,20.2815,0,0.0,0.0,0.0,155,7,0.1029,0.9162,10,0.0759,2
19.2073,0,0,431.0806,3782.7926,0,0.0,0.0,0.0,15,11,0.9632,0.0479,198,0.827,0
1.023,0,3,18.6536,7.5989,3,0.0,0.0,0.0,217,11,0.1125,0.7534,4,0.0497,2
0.5418,0,4,21.798,28.2369,2,0.0,0.0,0.0,148,1,0.1623,0.8262,20,0.0936,2
5.9228,0,1,189.0655,759.7392,0,0.0,1.0,6.0,109,41,0.9661,0.0232,189,0.8817,3
1.1479,1,4,19.7036,3.3514,2,0.0,0.0,0.0,163,2,0.1018,0.801,13,0.0158,2
0.0804,0,0,85.5394,6.5268,1,0.0,0.0,0.0,503,376,0.8671,0.018,44,0.3883,1
0.0937,0,0,176.0233,8.2917,1,0.0,0.0,0.0,383,382,0.9392,0.0406,9,0.3507,1
1.1189,0,3,23.2764,23.0711,0,0.0,0.0,0.0,238,12,0.1849,0.7813,6,0.1567,2
0.3365,0,2,20.0295,27.378,2,0.0,0.0,0.0,177,12,0.0746,0.9812,5,0.1065,2
0.691,0,2,39.213,11.1699,2,0.0,0.0,0.0,133,8,0.1344,0.928,11,0.1164,2
23.8114,0,4,413.9192,3077.895,2,0.0,0.0,0.0,14,10,0.9894,0.0962,208,0.7766,0
1.1955,0,1,485.5505,507.6308,0,0.0,2.0,5.0,38,118,0.9656,0.0556,185,0.7113,3
0.4876,0,2,262.6026,730.6794,1,0.0,1.0,7.0,68,55,0.887,0.0453,149,0.9124,3
5.1264,0,2,594.1043,711.2147,2,0.0,5.0,3.0,50,68,0.9218,0.0655,189,0.6853,3
4.4077,0,1,595.1691,571.9989,0,0.0,4.0,2.0,95,123,0.8265,0.0354,156,0.9168,3
0.3157,1,3,54.0481,1.9295,2,0.0,0.0,0.0,414,432,0.9535,0.085,12,0.113,1
5.0429,0,2,565.878,1988.1201,0,0.0,0.0,0.0,9,14,0.7811,0.0987,77,0.7165,0
0.6536,0,0,29.3292,24.0795,1,0.0,0.0,0.0,253,13,0.1982,0.8164,22,0.1596,2
0.1274,2,3,28.9459,3.192,2,0.0,0.0,0.0,160,14,0.1416,0.8757,10,0.1498,2
12.1444,1,3,960.3435,1572.9221,0,0.0,0.0,0.0,16,12,0.753,0.0741,166,0.9078,0
6.1933,0,0,690.1375,3966.2716,0,0.0,0.0,0.0,11,12,0.8309,0.1093,155,0.9305,0
6.0438,0,1,209.9762,622.163,1,0.0,1.0,3.0,123,79,0.8811,0.0323,41,0.7024,3
11.4096,1,0,177.2931,3093.026,0,0.0,0.0,0.0,16,13,0.8003,0.0354,63,0.9623,0
14.2976,0,0,1251.4179,2783.2089,0,0.0,0.0,0.0,12,12,0.7666,0.0202,79,0.9058,0
13.952,0,0,546.1573,4005.7321,0,0.0,0.0,0.0,19,16,0.7984,0.1439,86,0.8459,0
0.4363,1,5,45.9412,18.0567,1,0.0,0.0,0.0,208,11,0.0698,0.8368,9,0.0455,2
2.805,0,2,297.7922,539.3803,0,0.0,1.0,5.0,139,56,0.9242,0.0756,128,0.7508,3
37.7516,0,1,336.7744,1779.8977,0,0.0,0.0,0.0,17,16,0.7985,0.0822,116,0.878,0
7.2967,0,1,292.0846,514.497,1,0.0,4.0,5.0,126,83,0.9204,0.0358,72,0.6604,3
0.3664,0,0,51.0361,7.8634,1,0.0,0.0,0.0,419,265,0.9281,0.0311,25,0.3032,1
12.2331,0,3,1394.7498,5115.7497,0,0.0,0.0,0.0,15,14,0.8431,0.1276,55,0.8326,0
12.9311,0,2,895.8339,1158.8392,0,0.0,0.0,0.0,11,11,0.9085,0.1035,115,0.8727,0
13.3345,0,0,507.4205,1999.6474,1,0.0,0.0,0.0,6,12,0.8323,0.0276,115,0.9469,0
0.5995,0,2,20.2715,23.671,1,0.0,0.0,0.0,121,1,0.1256,0.9572,20,0.1364,2
8.2421,0,0,1654.5165,986.9946,0,0.0,0.0,0.0,10,16,0.9385,0.0087,119,0.9841,0
0.9947,0,1,173.4872,657.8218,0,0.0,1.0,5.0,148,62,0.9179,0.08,55,0.9434,3
1.002,0,0,44.0844,21.5806,2,0.0,0.0,0.0,266,10,0.0157,0.8894,2,0.1692,2
2.0883,0,1,216.4588,370.0985,1,0.0,3.0,7.0,141,87,0.8671,0.0177,159,0.8897,3
0.0317,0,3,84.1753,8.0819,1,0.0,0.0,0.0,283,258,0.972,0.0422,43,0.1303,1
2.3839,0,1,180.2817,636.0289,0,0.0,2.0,7.0,91,127,0.8048,0.063,170,0.6384,3
0.8868,1,3,20.2274,5.3423,2,0.0,0.0,0.0,99,1,0.2049,0.7632,9,0.0771,2
0.0713,1,1,41.8009,28.6546,2,0.0,0.0,0.0,130,6,0.0963,0.7951,1,0.0835,2
1.1539,0,2,11.8522,15.0129,2,0.0,0.0,0.0,183,13,0.2084,0.8968,19,0.0303,2
0.0186,0,0,241.2544,4.1718,1,0.0,0.0,0.0,250,495,0.9573,0.046,25,0.1869,1
0.8293,1,5,2.737,13.8685,1,0.0,0.0,0.0,248,7,0.1967,0.9364,14,0.1691,2
0.4808,1,0,27.7234,1.6498,1,0.0,0.0,0.0,451,282,0.9759,0.036,28,0.2944,1
1.8647,0,1,180.2077,775.2001,0,0.0,1.0,3.0,106,38,0.9737,0.0494,168,0.7728,3
6.4691,0,3,447.1198,2607.3159,1,0.0,0.0,0.0,13,15,0.7542,0.0119,224,0.9618,0
0.5889,0,3,40.5169,15.9429,2,0.0,0.0,0.0,201,2,0.1312,0.9319,7,0.0212,2
0.4287,0,0,139.4509,8.4245,1,0.0,0.0,0.0,269,401,0.8865,0.0717,38,0.1906,1
1.1216,1,1,5.7439,7.8763,0,0.0,0.0,0.0,281,9,0.1016,0.7684,7,0.1195,2
0.0913,1,3,99.6559,7.5275,0,0.0,0.0,0.0,457,209,0.992,0.0262,39,0.3445,1
1.8541,0,1,591.6005,366.2251,0,0.0,5.0,2.0,81,93,0.9218,0.0848,126,0.753,3
13.0564,0,0,738.0826,2038.6177,0,0.0,0.0,0.0,22,7,0.8491,0.0207,190,0.8245,0
0.221,0,0,58.7268,5.5225,1,0.0,0.0,0.0,422,218,0.9385,0.0443,30,0.2546,1
0.2688,0,0,129.368,4.4084,1,0.0,0.0,0.0,340,342,0.9841,0.0402,11,0.1964,1
41.5889,0,0,805.7103,4215.9925,0,0.0,0.0,0.0,15,9,0.9216,0.0286,124,0.9431,0
16.8666,0,0,197.0243,4655.752,0,0.0,0.0,0.0,17,14,0.9834,0.0117,57,0.8274,0
44.7892,1,0,615.8338,3144.2326,0,0.0,0.0,0.0,15,16,0.7879,0.0376,137,0.9142,0
0.1224,0,1,21.5159,27.1523,0,0.0,0.0,0.0,240,10,0.1863,0.8346,17,0.0259,2
11.5048,0,0,1768.6127,1636.2066,0,0.0,0.0,0.0,16,18,0.8662,0.0975,190,0.8355,0
5.1976,1,0,783.9992,2675.4871,0,0.0,0.0,0.0,16,9,0.7791,0.0829,118,0.9854,0
51.5064,0,0,914.5953,1915.6182,0,0.0,0.0,0.0,14,13,0.8809,0.0326,136,0.9407,0
2.6802,0,2,252.1432,641.8625,0,0.0,3.0,2.0,66,132,0.8224,0.0759,111,0.7129,3
16.98,0,0,1225.158,1028.5613,0,0.0,0.0,0.0,10,7,0.9487,0.0614,251,0.7713,0
42.1073,0,1,448.1295,3141.0153,0,0.0,0.0,0.0,20,13,0.839,0.053,93,0.7525,0
0.2493,0,1,52.2778,9.3659,2,0.0,0.0,0.0,253,6,0.0316,0.9947,6,0.1765,2
0.0083,0,3,61.8745,3.3976,2,0.0,0.0,0.0,251,246,0.936,0.0571,23,0.321,1
0.4285,1,3,71.3351,9.7534,1,0.0,0.0,0.0,472,434,0.9455,0.0196,1,0.2677,1
0.4138,0,4,44.9987,1.9776,1,0.0,0.0,0.0,205,9,0.0617,0.8074,8,0.1606,2
0.1698,0,5,44.3087,3.8055,2,1.0,0.0,0.0,491,345,0.8806,0.0587,2,0.261,1
6.4504,0,2,340.7231,721.7269,0,0.0,5.0,7.0,103,108,0.8332,0.0845,98,0.7801,3
14.9151,0,0,394.2273,2594.33,0,0.0,0.0,0.0,11,9,0.7863,0.0613,134,0.8263,0
13.7919,0,3,508.5056,5231.8893,0,0.0,0.0,0.0,11,12,0.9199,0.0528,59,0.984,0
0.3435,0,3,172.163,4.6889,2,0.0,0.0,0.0,303,306,0.9869,0.0874,5,0.2116,1
0.4941,0,1,465.9256,336.3373,0,0.0,4.0,7.0,123,31,0.9175,0.006,47,0.6568,3
0.0321,0,0,24.8547,9.647,1,0.0,0.0,0.0,349,456,0.9748,0.0724,21,0.3344,1
0.7678,1,1,31.0679,31.4629,2,0.0,0.0,0.0,181,14,0.0507,0.7806,21,0.0766,2
1.4016,0,1,421.7149,323.903,0,0.0,5.0,7.0,30,137,0.8402,0.0815,131,0.9153,3
10.5722,1,3,1376.7544,4909.1274,0,0.0,0.0,0.0,13,6,0.9315,0.0154,222,0.722,0
0.6559,0,0,63.5877,25.5604,1,0.0,0.0,0.0,286,2,0.1454,0.8192,5,0.1722,2
0.4426,0,1,10.7008,16.1424,1,0.0,0.0,0.0,84,3,0.0214,0.9717,2,0.165,2
10.1529,0,4,1073.8044,4499.5792,0,0.0,0.0,0.0,15,13,0.7524,0.1144,76,0.9567,0
0.2251,0,0,52.1723,7.6426,2,0.0,0.0,0.0,375,214,0.8786,0.0256,22,0.3238,1
0.4721,0,0,16.3907,0.3448,1,0.0,0.0,0.0,371,369,0.9974,0.024,49,0.2173,1
6.2981,0,1,526.4794,308.2038,0,0.0,1.0,6.0,91,131,0.9325,0.0193,59,0.9081,3
0.0993,0,0,89.9472,9.3929,1,0.0,0.0,0.0,335,200,0.864,0.0483,44,0.2358,1
29.5985,0,2,263.6215,2039.446,0,0.0,0.0,0.0,12,15,0.9476,0.0199,83,0.9638,0
2.3886,0,2,321.7896,607.1634,0,0.0,4.0,7.0,135,43,0.8204,0.0202,89,0.6236,3
1.6533,0,1,545.6185,331.0756,2,0.0,1.0,2.0,62,99,0.8011,0.0598,114,0.8049,3
0.4061,0,2,56.857,27.9443,2,0.0,0.0,0.0,130,6,0.1082,0.8315,18,0.1903,2
3.3935,0,1,520.992,668.6555,1,0.0,3.0,6.0,44,42,0.8342,0.0704,110,0.903,3
0.5156,0,5,36.8644,3.6923,2,0.0,0.0,0.0,180,14,0.2262,0.87,13,0.0995,2
13.2306,0,3,804.0454,5665.8892,0,0.0,0.0,0.0,11,11,0.7912,0.0044,196,0.7766,0
3.3213,0,1,335.0408,455.4376,0,0.0,5.0,7.0,90,26,0.8869,0.0764,89,0.8153,3
2.1723,1,0,2355.1564,2848.1539,0,0.0,0.0,0.0,16,9,0.8355,0.0297,146,0.8631,0
3.9959,0,1,441.5659,558.7015,2,0.0,2.0,3.0,117,112,0.9373,0.0619,100,0.8061,3
0.1694,0,0,99.8899,5.7949,1,0.0,0.0,0.0,375,257,0.9556,0.0229,13,0.1047,1
0.2214,0,1,524.8635,659.8646,1,0.0,2.0,2.0,87,132,0.8219,0.032,130,0.8859,3
0.0466,0,3,71.1445,3.0493,1,3.0,0.0,0.0,351,338,0.9832,0.0285,36,0.3079,1
0.1557,1,3,29.3524,13.0729,2,0.0,0.0,0.0,190,14,0.0449,0.9684,24,0.0321,2
0.6172,0,0,15.6128,29.6641,1,0.0,0.0,0.0,147,2,0.2122,0.9377,5,0.0486,2
0.4942,0,5,4.1528,9.0698,1,0.0,0.0,0.0,290,243,0.9223,0.0322,21,0.3319,1
17.6464,0,1,330.5452,5166.6054,0,0.0,0.0,0.0,7,7,0.7649,0.0186,251,0.9141,0
0.2554,1,0,29.5325,8.2209,1,0.0,0.0,0.0,395,464,0.9392,0.0465,7,0.2522,1
8.5983,0,0,582.1103,3448.5963,0,0.0,0.0,0.0,9,9,0.9302,0.0205,202,0.7663,0
0.2238,2,0,155.3128,5.5185,1,0.0,0.0,0.0,381,281,0.9663,0.0262,26,0.1383,1
0.0695,0,0,106.4263,1.8407,1,1.0,0.0,0.0,462,319,0.8716,0.0809,9,0.3089,1
0.366,1,3,54.5229,27.821,2,0.0,0.0,0.0,151,1,0.0773,0.8145,6,0.0289,2
0.0175,0,5,48.8918,7.9784,2,0.0,0.0,0.0,334,286,0.9981,0.0674,49,0.235,1
3.3777,0,1,466.3023,652.4919,1,0.0,1.0,5.0,73,66,0.8508,0.0961,61,0.7759,3
7.8052,0,1,368.7488,772.6207,1,0.0,2.0,4.0,105,78,0.9304,0.0545,144,0.8457,3
0.886,0,1,7.3967,19.8636,1,0.0,0.0,0.0,227,10,0.1805,0.9346,10,0.1332,2
0.2087,0,0,95.2652,2.7892,1,0.0,0.0,0.0,373,426,0.8738,0.0194,16,0.1554,1
0.1385,0,2,51.1714,25.2232,2,0.0,0.0,0.0,105,8,0.2377,0.8385,18,0.0962,2
4.3952,0,3,811.1511,4405.359,0,0.0,0.0,0.0,11,11,0.9385,0.0442,168,0.7781,0
1.944,0,1,291.3278,589.7642,0,0.0,5.0,7.0,75,34,0.8902,0.0913,182,0.6219,3
0.2862,0,0,10.1552,4.7851,2,0.0,0.0,0.0,323,373,0.8652,0.051,40,0.2994,1
0.5809,0,5,16.9658,20.6647,2,0.0,0.0,0.0,136,12,0.0866,0.9538,6,0.077,2
0.0104,0,0,5.5075,3.2,0,0.0,0.0,0.0,392,209,0.9042,0.0829,3,0.3444,1
40.3381,2,5,158.5636,7180.0198,0,0.0,0.0,0.0,14,9,0.7994,0.0741,213,0.7005,0
5.874,0,0,1329.9619,8851.402,0,0.0,0.0,0.0,10,11,0.8707,0.0615,62,0.8009,0
0.0151,0,3,35.8563,6.5863,3,0.0,0.0,0.0,392,379,0.8852,0.0359,5,0.1293,1
0.0543,0,2,17.6591,23.9084,2,0.0,0.0,0.0,195,7,0.0502,0.7712,18,0.0645,2
0.9933,0,3,48.1651,14.699,1,0.0,0.0,0.0,101,5,0.1504,0.9566,10,0.1744,2
11.761,0,1,223.0458,447.7971,0,0.0,4.0,2.0,62,111,0.808,0.0851,46,0.915,3
32.1417,0,3,899.222,1408.416,2,0.0,0.0,0.0,14,9,0.8339,0.1344,120,0.9705,0
0.2405,0,1,13.3561,31.6313,2,0.0,0.0,0.0,280,14,0.1733,0.863,23,0.1453,2
1.1586,0,1,286.8032,437.6202,0,0.0,5.0,3.0,133,67,0.9653,0.0214,67,0.6816,3
0.9988,0,1,598.6705,465.4346,0,0.0,4.0,4.0,124,77,0.9643,0.0927,110,0.8794,3
3.8887,0,1,413.8326,537.4559,0,0.0,4.0,2.0,53,63,0.9144,0.0144,174,0.8463,3
0.9286,0,0,63.9863,0.7072,1,0.0,0.0,0.0,212,11,0.0804,0.7677,8,0.1221,2
1.7928,0,5,517.8162,2698.7796,0,0.0,0.0,0.0,15,8,0.8333,0.0913,133,0.9153,0
2.8776,0,2,159.0327,398.1561,2,0.0,4.0,5.0,143,110,0.9778,0.0742,169,0.6205,3
0.5057,0,5,59.6482,25.8977,1,0.0,0.0,0.0,186,7,0.1026,0.7791,10,0.1877,2
7.8086,1,2,779.805,2608.903,0,0.0,0.0,0.0,16,10,0.9858,0.0252,229,0.834,0
0.8237,0,1,317.3995,229.988,2,0.0,2.0,2.0,131,56,0.9851,0.0275,172,0.6797,3
0.317,0,0,262.4772,7.7895,1,0.0,0.0,0.0,273,425,0.8692,0.0461,33,0.1841,1
0.1998,1,3,43.3105,24.7769,1,0.0,0.0,0.0,260,4,0.1541,0.8154,14,0.0596,2
0.1225,0,3,17.9824,1.5747,2,0.0,0.0,0.0,145,7,0.2408,0.7528,2,0.1736,2
0.7409,1,2,60.4907,8.5258,1,0.0,0.0,0.0,297,3,0.2327,0.8825,13,0.0504,2
0.3489,1,5,5.5432,3.6308,1,0.0,0.0,0.0,490,201,0.8983,0.0781,13,0.3156,1
6.5308,0,1,392.3954,785.1883,1,0.0,4.0,7.0,84,46,0.9196,0.0085,123,0.9498,3
0.2568,0,0,30.2175,5.0834,1,0.0,0.0,0.0,354,362,0.9098,0.0188,43,0.2732,1
0.3939,0,0,50.3943,23.4518,1,0.0,0.0,0.0,234,11,0.1283,0.7921,21,0.057,2
0.3904,0,0,8.7636,9.2184,1,0.0,0.0,0.0,380,400,0.9932,0.0519,18,0.2775,1
0.2868,1,5,30.484,1.4444,2,0.0,0.0,0.0,493,237,0.8896,0.0472,15,0.1203,1
0.0853,0,0,52.1123,0.3768,2,0.0,0.0,0.0,353,469,0.8775,0.0278,47,0.1287,1
0.3268,0,3,8.4163,8.138,2,0.0,0.0,0.0,162,5,0.108,0.8559,9,0.0978,2
10.5428,0,1,185.0438,468.1815,0,0.0,1.0,6.0,81,58,0.8642,0.0939,121,0.9056,3
3.3955,0,1,400.1287,476.3125,0,0.0,2.0,3.0,111,138,0.8185,0.0302,64,0.8943,3
0.1603,0,3,69.9156,9.8338,0,0.0,0.0,0.0,461,485,0.852,0.0544,32,0.1792,1
0.8731,0,1,278.0442,328.4448,0,0.0,3.0,5.0,55,124,0.9462,0.0553,194,0.8817,3
0.9097,0,0,7.1614,13.4064,2,0.0,0.0,0.0,129,3,0.155,0.7857,13,0.094,2
2.3073,0,0,798.2221,3559.1918,0,0.0,0.0,0.0,10,10,0.7908,0.032,147,0.8872,0
1.0281,1,1,29.7739,27.0796,2,0.0,0.0,0.0,164,11,0.1105,0.9175,6,0.1912,2
23.8771,0,0,384.0752,3221.8599,0,0.0,0.0,0.0,7,13,0.9182,0.0983,217,0.9605,0
0.351,0,0,71.7113,3.6441,1,0.0,0.0,0.0,344,308,0.8622,0.0501,46,0.2219,1
16.3171,0,2,345.9556,577.7614,0,0.0,5.0,2.0,83,101,0.9413,0.0348,91,0.8142,3
0.2268,0,0,92.509,1.4352,1,0.0,0.0,0.0,391,308,0.9596,0.0441,20,0.3143,1
0.4785,0,0,23.3933,3.5772,3,0.0,0.0,0.0,334,401,0.8578,0.0264,13,0.2579,1
0.9126,0,0,27.8115,19.1903,1,0.0,0.0,0.0,134,14,0.2391,0.9584,22,0.0384,2
0.1486,0,0,69.7475,9.2386,1,0.0,0.0,0.0,298,271,0.8821,0.025,36,0.2238,1
48.5637,0,4,1068.7623,1747.1544,0,0.0,0.0,0.0,7,10,0.8164,0.0551,94,0.7884,0
0.4233,1,0,70.065,2.2312,1,1.0,0.0,0.0,272,504,0.8553,0.0321,7,0.137,1
0.8563,0,1,388.2394,595.1307,1,0.0,2.0,3.0,118,103,0.8783,0.034,84,0.6606,3
0.2081,0,3,51.5728,6.1232,1,0.0,0.0,0.0,485,346,0.9821,0.015,23,0.2546,1
2.8022,0,3,3213.3222,1178.8965,0,0.0,0.0,0.0,15,7,0.9474,0.0775,236,0.8433,0
36.1954,0,2,773.1857,4554.2775,0,0.0,1.0,0.0,13,13,0.766,0.069,172,0.9366,0
0.47,1,3,116.2699,4.1603,1,3.0,0.0,0.0,387,297,0.9242,0.0601,22,0.3542,1
12.6116,0,3,381.4632,1497.6717,0,0.0,0.0,0.0,11,8,0.9156,0.0359,114,0.7089,0
1.0412,0,5,47.8614,2.4011,0,0.0,0.0,0.0,240,12,0.1574,0.7987,20,0.0961,2
30.3871,1,0,551.3115,1581.1092,0,0.0,0.0,0.0,16,12,0.8683,0.1253,145,0.8145,0
0.0482,0,0,13.6985,5.0332,1,0.0,0.0,0.0,263,361,0.9315,0.0178,49,0.1725,1
0.4575,0,0,42.0057,7.6433,1,0.0,0.0,0.0,307,488,0.8651,0.0545,19,0.2227,1
0.8563,0,3,462.9046,2448.2041,0,0.0,0.0,0.0,11,11,0.8218,0.0258,102,0.8457,0
12.1419,0,2,1028.4835,4699.4581,0,0.0,0.0,0.0,16,7,0.9219,0.1369,95,0.7657,0
4.8818,0,0,487.3303,2367.5254,0,0.0,0.0,0.0,10,8,0.7843,0.1228,108,0.7088,0
0.1734,0,0,37.5273,9.2842,2,0.0,0.0,0.0,332,333,0.8512,0.0575,15,0.2491,1
14.1544,0,3,1776.23,5444.9229,0,0.0,0.0,0.0,23,8,0.9595,0.1282,109,0.7216,0
1.1327,0,2,347.7403,269.3142,0,0.0,3.0,3.0,69,67,0.8851,0.0743,94,0.6135,3
0.7593,0,1,340.7578,434.8913,0,0.0,5.0,7.0,66,92,0.959,0.0593,144,0.8943,3
10.6235,0,1,590.2588,677.7,0,0.0,1.0,6.0,105,75,0.8615,0.0167,119,0.7976,3
0.9199,0,3,28.4189,9.28,2,0.0,0.0,0.0,169,8,0.2024,0.8064,21,0.1861,2
0.2517,1,0,38.1429,1.6563,1,0.0,0.0,0.0,447,414,0.8691,0.0301,46,0.3356,1
1.8271,0,2,571.081,503.6587,2,0.0,1.0,3.0,63,64,0.8545,0.0474,160,0.8547,3
0.2582,0,0,10.504,0.9039,2,0.0,0.0,0.0,508,324,0.8687,0.0348,39,0.318,1
4.9939,0,1,400.3598,3074.3283,0,0.0,0.0,0.0,21,14,0.7519,0.0328,57,0.9712,0
0.2845,0,0,40.9984,0.277,1,0.0,0.0,0.0,451,451,0.9254,0.0026,14,0.1035,1
0.2644,0,0,44.7121,0.0694,0,1.0,0.0,0.0,329,438,0.9795,0.0773,30,0.1326,1
0.1693,0,0,25.2536,9.8546,1,0.0,0.0,0.0,395,396,0.922,0.0484,45,0.2302,1
0.4525,1,0,58.9336,14.5415,2,0.0,0.0,0.0,126,9,0.2491,0.9907,8,0.1627,2
0.5712,0,3,33.949,22.5518,2,0.0,0.0,0.0,199,9,0.0208,0.9094,5,0.0492,2
0.3997,0,3,26.7866,2.1387,1,0.0,0.0,0.0,343,280,0.8906,0.0948,10,0.2267,1
0.8923,0,1,25.3955,3.3406,1,0.0,0.0,0.0,252,11,0.0692,0.8078,15,0.0141,2
3.3739,0,0,2153.7269,4623.3731,0,0.0,0.0,0.0,19,10,0.9449,0.0616,54,0.9666,0
0.4286,0,0,50.841,7.4342,1,0.0,0.0,0.0,311,257,0.9225,0.0361,4,0.159,1
1.0619,1,5,35.6598,12.1688,1,0.0,0.0,0.0,159,1,0.1688,0.9435,8,0.0286,2
1.1869,0,2,48.9762,5.6803,0,0.0,0.0,0.0,289,8,0.0877,0.8574,23,0.01,2
0.2565,0,3,61.4429,24.6332,2,0.0,0.0,0.0,209,6,0.1681,0.8568,13,0.1486,2
0.7997,0,3,48.0037,9.8139,0,0.0,0.0,0.0,127,6,0.0968,0.8838,10,0.0569,2
0.0156,1,0,205.9319,4.8115,2,0.0,0.0,0.0,382,204,0.9538,0.048,33,0.2267,1
0.1164,0,0,53.5164,4.3809,1,1.0,0.0,0.0,365,337,0.9779,0.0069,11,0.3021,1
0.517,2,1,58.7746,14.7143,2,0.0,0.0,0.0,149,3,0.0139,0.9227,14,0.0495,2
0.6042,1,1,34.3138,20.2929,2,0.0,0.0,0.0,90,7,0.0526,0.9989,3,0.0669,2
11.8335,1,3,1110.6633,3118.7961,2,0.0,0.0,0.0,7,2,0.8299,0.0064,202,0.7981,0
0.3558,1,0,33.4834,1.7534,1,0.0,0.0,0.0,499,291,0.9233,0.0048,42,0.33,1
0.1122,0,0,80.0758,6.9384,1,0.0,0.0,0.0,269,375,0.9301,0.0959,31,0.3334,1
2.012,0,1,596.0382,766.3761,2,0.0,1.0,2.0,130,68,0.864,0.0258,118,0.6948,3
2.7278,0,2,208.1988,496.9856,2,0.0,2.0,3.0,148,139,0.821,0.0918,191,0.7788,3
8.1112,0,4,618.8967,3335.8584,0,0.0,0.0,0.0,9,14,0.8057,0.0714,121,0.7527,0
16.7336,0,0,995.6739,1927.6307,0,0.0,0.0,0.0,10,7,0.9912,0.0018,130,0.9471,0
0.0823,1,0,93.4595,4.1458,1,0.0,0.0,0.0,466,432,0.9284,0.0542,9,0.1516,1
2.5748,0,2,286.9509,746.7305,0,0.0,3.0,2.0,34,40,0.9628,0.0356,126,0.8317,3
2.8527,1,0,1603.5247,5467.9329,0,0.0,0.0,0.0,13,8,0.9572,0.0779,102,0.9722,0
0.5389,0,1,45.3,8.2854,1,0.0,0.0,0.0,248,13,0.1564,0.8178,3,0.0968,2
3.1362,0,1,444.6208,519.7471,0,0.0,2.0,7.0,109,34,0.9622,0.0314,199,0.6821,3
0.7132,1,2,46.4854,10.17,0,0.0,0.0,0.0,268,12,0.1707,0.8256,17,0.0169,2
0.599,0,0,481.1654,7313.5264,0,0.0,0.0,0.0,6,9,0.7886,0.1223,119,0.7493,0
0.44,0,0,15.7771,7.489,1,0.0,0.0,0.0,407,490,0.9568,0.031,7,0.2516,1
0.1322,2,3,86.2578,4.5457,1,0.0,0.0,0.0,428,495,0.8563,0.0148,33,0.2855,1
0.6871,0,1,14.832,6.6764,3,0.0,0.0,0.0,268,11,0.139,0.889,8,0.0279,2
52.8288,0,0,322.2551,2130.4273,0,0.0,0.0,0.0,15,13,0.8595,0.0188,229,0.9752,0
31.223,0,0,825.9209,6158.3551,0,0.0,0.0,0.0,16,13,0.9202,0.0889,82,0.7458,0
0.0127,0,0,34.1528,9.3133,2,0.0,0.0,0.0,447,486,0.9408,0.0912,26,0.2981,1
5.2246,0,1,1363.4297,1745.1104,0,0.0,0.0,0.0,12,14,0.8357,0.075,132,0.8103,0
0.3747,0,0,53.8907,7.481,1,1.0,0.0,0.0,269,388,0.8993,0.0923,8,0.1352,1
0.1286,0,0,43.4639,7.9464,2,0.0,0.0,0.0,372,283,0.8879,0.0464,36,0.116,1
1.7311,0,1,155.6989,314.8281,2,0.0,3.0,7.0,148,123,0.9604,0.0691,170,0.8412,3
0.2989,0,5,38.6581,1.3415,1,0.0,0.0,0.0,393,275,0.8632,0.0317,18,0.2406,1
2.8802,0,1,453.3894,492.7086,0,0.0,1.0,7.0,67,112,0.9991,0.0806,175,0.7023,3
3.7621,0,2,478.6209,347.0293,0,0.0,5.0,3.0,130,89,0.861,0.0823,131,0.9224,3
0.9008,0,2,20.4853,16.9114,2,0.0,0.0,0.0,212,3,0.1234,0.7709,2,0.1884,2
4.9385,0,1,511.2778,636.9199,0,0.0,5.0,7.0,141,51,0.9311,0.069,179,0.6523,3
0.5301,0,3,37.8059,3.694,1,0.0,0.0,0.0,287,6,0.2051,0.9814,13,0.16,2
0.2668,1,0,158.326,2.9808,1,0.0,0.0,0.0,458,409,0.8975,0.0352,32,0.1199,1
0.5035,2,3,60.8437,4.2079,2,0.0,0.0,0.0,203,12,0.1512,0.907,22,0.0684,2
0.3096,0,2,438.4182,517.268,0,0.0,4.0,6.0,100,56,0.919,0.066,82,0.9242,3
0.151,0,4,7.4352,31.6166,2,0.0,0.0,0.0,114,14,0.1048,0.8327,6,0.1862,2
3.3089,0,0,348.4051,2392.4464,0,0.0,0.0,0.0,10,9,0.9262,0.0046,152,0.9348,0
0.0439,0,2,53.7067,23.4442,1,0.0,0.0,0.0,281,1,0.0209,0.8409,20,0.1427,2
1.4283,0,1,464.8935,450.5109,0,0.0,1.0,2.0,72,68,0.837,0.0189,146,0.7236,3
0.1524,1,0,132.3624,8.2142,1,0.0,0.0,0.0,366,284,0.9614,0.0449,30,0.3776,1
1.5973,0,1,372.1385,666.0781,0,0.0,5.0,7.0,134,34,0.8558,0.0954,85,0.8862,3
0.1752,0,0,77.9528,9.8189,1,0.0,0.0,0.0,338,342,0.8716,0.0805,26,0.3859,1
0.0427,0,0,86.0784,1.4585,1,0.0,0.0,0.0,345,308,0.9859,0.024,41,0.1819,1
0.4086,1,3,9.342,6.2163,1,0.0,0.0,0.0,287,10,0.117,0.9247,19,0.0177,2
3.3259,0,1,222.9778,409.801,1,0.0,5.0,6.0,92,121,0.9551,0.0858,69,0.6994,3
0.0533,0,3,61.3381,4.637,1,0.0,0.0,0.0,356,403,0.9602,0.05,7,0.2898,1
1.0728,0,4,34.6676,15.8766,1,0.0,0.0,0.0,209,14,0.0485,0.8095,22,0.0211,2
0.1422,2,2,12.0044,0.8512,1,0.0,0.0,0.0,280,11,0.0886,0.8684,9,0.1265,2
0.4394,0,0,33.0203,9.0751,1,0.0,0.0,0.0,481,413,0.8914,0.0873,46,0.2001,1
0.4062,1,1,59.3058,18.3671,1,0.0,0.0,0.0,281,12,0.221,0.8994,13,0.1843,2
0.1352,0,0,53.4908,9.875,1,0.0,0.0,0.0,253,463,0.9029,0.0815,27,0.3195,1
0.4401,0,3,42.1229,28.9164,1,0.0,0.0,0.0,85,10,0.1999,0.8898,8,0.1076,2
2.2786,0,1,393.286,447.5882,0,0.0,5.0,7.0,69,91,0.8402,0.0102,146,0.6282,3
0.6898,0,0,53.6262,1.8035,3,0.0,0.0,0.0,133,14,0.0844,0.8996,8,0.1566,2
0.4765,0,3,65.6783,3.3998,1,0.0,0.0,0.0,397,447,0.854,0.0743,19,0.182,1
0.1305,0,0,90.5486,5.8191,1,0.0,0.0,0.0,435,221,0.9002,0.0794,29,0.2674,1
5.0213,0,1,432.3946,662.261,0,0.0,4.0,7.0,55,91,0.9478,0.0574,157,0.6861,3
1.1682,0,1,11.8865,8.8606,1,0.0,0.0,0.0,213,1,0.1404,0.8369,11,0.0854,2
0.1332,0,0,8.1035,4.0041,1,0.0,0.0,0.0,433,436,0.995,0.062,14,0.3238,1
14.3474,0,0,554.7722,2866.7983,0,0.0,0.0,0.0,15,13,0.8978,0.0815,58,0.8478,0
0.3049,2,1,55.288,25.7819,2,0.0,0.0,0.0,287,8,0.0201,0.9025,2,0.1881,2
0.2426,0,5,20.6317,5.7094,0,0.0,0.0,0.0,495,346,0.944,0.0732,40,0.3908,1
0.1811,0,0,70.8209,1.1942,1,0.0,0.0,0.0,257,422,0.9285,0.0273,23,0.3757,1
5.3855,0,2,307.3812,604.2081,0,0.0,1.0,4.0,147,129,0.9468,0.0998,91,0.7052,3
1.7362,0,1,381.3621,572.2609,1,0.0,4.0,4.0,131,113,0.8548,0.0028,144,0.6404,3
7.475,0,4,539.2205,2834.8643,1,0.0,0.0,0.0,14,9,0.7616,0.04,58,0.8782,0
10.1447,0,2,1137.0289,9718.8492,2,0.0,0.0,0.0,11,12,0.8187,0.1149,188,0.9967,0
0.9023,1,0,38.5701,29.937,1,0.0,0.0,0.0,117,1,0.0577,0.8817,4,0.0184,2
0.5596,1,2,39.9362,31.1539,2,0.0,0.0,0.0,206,3,0.059,0.8009,5,0.0867,2
0.7874,0,0,19.1878,5.9348,0,0.0,0.0,0.0,135,10,0.2305,0.7501,15,0.1019,2
0.3902,0,0,11.6332,0.5162,1,0.0,0.0,0.0,412,200,0.9978,0.0428,36,0.2092,1
0.7179,0,3,23.0858,20.0331,1,0.0,0.0,0.0,285,10,0.1629,0.8086,21,0.1321,2
0.8458,0,0,56.3086,4.9674,2,0.0,0.0,0.0,278,6,0.228,0.8411,2,0.1576,2
0.4582,0,0,169.1483,8.6792,1,0.0,0.0,0.0,389,494,0.8956,0.04,46,0.3367,1
11.7208,0,5,1733.9842,1980.2725,0,0.0,0.0,0.0,13,7,0.7936,0.0089,150,0.847,0
0.0954,0,0,49.2591,29.6264,1,0.0,0.0,0.0,206,9,0.2371,0.8725,10,0.1556,2
0.7206,1,2,61.7612,26.8849,2,0.0,0.0,0.0,146,2,0.0811,0.8484,12,0.1987,2
0.0167,0,0,70.7455,5.0486,1,0.0,0.0,0.0,434,474,0.9321,0.0254,22,0.1856,1
32.4882,0,0,641.3167,935.0277,0,0.0,0.0,0.0,11,10,0.8828,0.085,113,0.7798,0
0.0651,1,1,59.1558,30.8552,1,0.0,0.0,0.0,261,6,0.0544,0.9836,7,0.1747,2
1.224,1,0,423.1359,5087.8529,0,0.0,0.0,0.0,16,7,0.8061,0.0355,221,0.8025,0
58.2792,0,2,1132.9738,4443.3807,0,0.0,0.0,0.0,14,13,0.8099,0.0991,118,0.7046,0
34.7016,0,1,1671.3776,1948.0851,0,0.0,0.0,0.0,12,11,0.7725,0.0475,207,0.8086,0
9.9923,0,0,516.8383,2662.1697,0,0.0,0.0,0.0,11,13,0.9307,0.0416,94,0.9353,0
14.8869,0,0,530.8955,1720.749,0,0.0,0.0,0.0,12,9,0.9385,0.0241,187,0.917,0
0.2801,0,5,210.0015,2.2109,1,0.0,0.0,0.0,386,408,0.8994,0.0265,21,0.1723,1
0.3673,0,2,6.1911,7.705,2,0.0,0.0,0.0,126,4,0.1351,0.7806,20,0.1402,2
19.6356,0,4,1564.9017,2115.5252,0,0.0,0.0,0.0,9,11,0.9162,0.0231,111,0.8689,0
7.5539,0,3,227.2547,3347.2214,0,0.0,0.0,0.0,9,14,0.981,0.0097,75,0.8991,0
3.471,0,2,263.0214,221.877,0,0.0,4.0,7.0,83,78,0.9004,0.0168,190,0.7034,3
5.7775,0,1,415.1426,216.912,0,0.0,1.0,5.0,98,117,0.949,0.0935,153,0.6655,3
0.6742,1,4,10.4045,22.2582,2,0.0,0.0,0.0,283,10,0.234,0.801,23,0.121,2
0.3135,1,5,5.9175,4.8941,1,0.0,0.0,0.0,429,506,0.9864,0.0208,9,0.1139,1
1.1716,0,3,54.398,29.4236,2,0.0,0.0,0.0,95,3,0.0852,0.9129,16,0.1042,2
3.1526,0,3,598.5723,2686.5263,0,0.0,0.0,0.0,16,7,0.9207,0.0775,210,0.874,0
9.4012,1,3,750.3626,3573.6731,0,0.0,0.0,0.0,13,14,0.9377,0.1063,161,0.897,0
0.7434,0,4,43.9427,28.326,2,0.0,0.0,0.0,124,2,0.0567,0.7826,11,0.0515,2
3.0746,0,2,288.9883,639.26,1,0.0,3.0,3.0,36,115,0.8378,0.0715,91,0.7604,3
8.019,0,1,491.3612,423.348,0,0.0,1.0,7.0,75,63,0.9356,0.0648,175,0.9399,3
6.5266,0,1,593.325,760.0795,0,0.0,3.0,6.0,103,44,0.8325,0.0223,104,0.7908,3
7.2177,0,5,1117.5883,9721.3383,0,0.0,0.0,0.0,19,9,0.9547,0.0011,70,0.7958,0
0.0838,0,0,7.653,0.2216,1,0.0,0.0,0.0,222,13,0.173,0.8504,13,0.0531,2
0.0908,0,2,25.1241,15.5436,1,0.0,0.0,0.0,96,3,0.186,0.7946,1,0.0232,2
0.8112,0,1,207.6435,710.4961,2,0.0,4.0,3.0,126,138,0.9546,0.0323,154,0.8633,3
2.3576,0,2,430.8666,310.1269,2,0.0,5.0,7.0,87,123,0.802,0.0778,60,0.7611,3
1.0351,0,2,277.524,650.9458,0,0.0,4.0,2.0,132,139,0.8373,0.0548,71,0.6514,3
1.6494,0,1,360.1434,282.9934,1,0.0,2.0,5.0,104,79,0.8771,0.0504,162,0.7781,3
1.0006,1,2,28.6264,14.205,2,0.0,0.0,0.0,85,5,0.0574,0.9581,3,0.1532,2
5.2954,0,1,470.9517,620.2621,0,0.0,5.0,7.0,74,91,0.9407,0.0712,60,0.7657,3
14.3374,1,1,533.855,3779.9246,0,0.0,0.0,0.0,8,11,0.9967,0.0689,149,0.7122,0
15.2042,0,2,249.5656,4634.9767,3,0.0,0.0,0.0,17,15,0.8385,0.1294,117,0.9282,0
0.5531,0,2,45.4207,2.4527,1,0.0,0.0,0.0,96,12,0.0546,0.9445,3,0.027,2
1.1982,0,5,31.381,6.4374,1,0.0,0.0,0.0,151,13,0.2206,0.7678,6,0.1659,2
0.6787,0,3,39.5188,15.9314,2,0.0,0.0,0.0,270,1,0.0216,0.8391,12,0.1335,2
2.1355,0,0,1012.1106,4081.9589,0,0.0,0.0,0.0,11,13,0.7617,0.1088,80,0.9432,0
0.0241,0,0,159.8011,8.0929,1,1.0,0.0,0.0,312,481,0.907,0.0952,8,0.2127,1
0.386,0,5,44.7968,1.531,2,0.0,0.0,0.0,256,13,0.054,0.9452,15,0.0366,2
0.3124,0,0,10.8841,2.5652,2,0.0,0.0,0.0,300,247,0.9213,0.0398,41,0.2136,1
6.5548,0,1,319.8736,691.1986,0,0.0,1.0,2.0,53,102,0.9205,0.0006,51,0.9008,3
1.3745,0,1,250.7559,539.4876,0,0.0,4.0,6.0,114,26,0.814,0.0168,117,0.7266,3
0.3199,0,0,35.8022,3.2803,1,0.0,0.0,0.0,446,222,0.8542,0.0263,17,0.1372,1
0.1389,1,3,29.4169,2.2402,1,0.0,0.0,0.0,448,312,0.8557,0.0412,10,0.1089,1
9.2859,0,1,213.7309,686.1906,0,0.0,4.0,5.0,86,26,0.8708,0.0342,181,0.8935,3
1.0026,0,2,46.683,11.963,0,0.0,0.0,0.0,163,3,0.0908,0.8326,19,0.0752,2
0.3457,2,3,44.6015,0.4104,1,0.0,0.0,0.0,390,359,0.9744,0.0235,7,0.2224,1
0.6383,0,5,63.3499,20.6386,1,0.0,0.0,0.0,170,9,0.1181,0.9212,5,0.1917,2
0.5705,0,2,63.2943,10.4551,1,0.0,0.0,0.0,262,11,0.2044,0.836,1,0.1462,2
63.3632,0,0,1256.822,3666.8314,0,0.0,0.0,0.0,11,12,0.8281,0.1013,186,0.9667,0
3.5266,0,1,498.5714,312.9251,2,0.0,4.0,6.0,115,100,0.924,0.0559,126,0.863,3
2.1022,0,2,526.4371,228.1891,0,0.0,1.0,2.0,110,83,0.8608,0.0609,153,0.7646,3
10.1778,0,2,505.0193,618.0707,0,0.0,3.0,6.0,46,114,0.854,0.0985,77,0.85,3
8.0315,0,2,338.6943,515.0286,0,0.0,5.0,5.0,44,76,0.8839,0.0597,141,0.8946,3
22.9121,1,2,352.6367,2421.4967,0,0.0,0.0,0.0,12,12,0.9314,0.0693,80,0.9675,0
0.2895,0,0,136.4523,2.4904,1,1.0,0.0,0.0,327,498,0.9227,0.0912,22,0.1362,1
23.8977,0,3,555.1982,1830.9775,0,0.0,0.0,0.0,13,11,0.7675,0.0347,154,0.7793,0
0.3464,0,0,133.5758,6.433,1,0.0,0.0,0.0,259,388,0.9694,0.0646,5,0.2381,1
0.1779,0,3,55.371,7.7736,2,0.0,0.0,0.0,302,443,0.9774,0.0969,26,0.1836,1
0.7622,0,3,1.3597,1.7963,2,0.0,0.0,0.0,159,3,0.0311,0.959,9,0.1469,2
27.4998,1,0,1167.8,4847.0621,0,0.0,0.0,0.0,20,10,0.755,0.1049,232,0.8705,0
7.454,0,5,228.6629,1957.7465,0,0.0,0.0,0.0,8,11,0.9633,0.0268,101,0.9748,0
0.4805,0,3,36.3217,4.6729,3,0.0,0.0,0.0,336,329,0.9219,0.032,36,0.1143,1
0.4473,0,2,21.0442,5.3606,1,0.0,0.0,0.0,199,2,0.1548,0.9536,22,0.0549,2
0.8644,0,0,15.0584,25.1263,2,0.0,0.0,0.0,112,10,0.1313,0.9497,4,0.1417,2
0.4727,0,0,49.4299,28.4074,1,0.0,0.0,0.0,237,3,0.2194,0.7669,19,0.0168,2
21.5151,1,0,450.475,5078.7954,0,0.0,0.0,0.0,13,10,0.7891,0.0428,211,0.8804,0
1.7018,0,1,371.3303,349.598,1,0.0,4.0,4.0,67,63,0.8924,0.0454,148,0.8796,3
3.2749,0,1,294.1565,225.6344,0,0.0,1.0,7.0,70,138,0.8503,0.0836,156,0.8267,3
33.2431,0,4,936.72,3367.4963,0,0.0,0.0,0.0,10,15,0.8961,0.0433,225,0.8023,0
0.4948,0,5,16.7033,0.0692,1,0.0,0.0,0.0,267,394,0.9724,0.0838,47,0.1473,1
0.9994,0,1,25.5348,7.6876,1,0.0,0.0,0.0,227,1,0.0431,0.9317,17,0.044,2
6.708,0,1,310.7731,797.1467,0,0.0,4.0,3.0,86,121,0.8056,0.0773,135,0.8798,3
0.2244,0,0,23.451,5.2259,1,0.0,0.0,0.0,404,254,0.8943,0.0778,4,0.3055,1
0.0228,0,0,155.2077,4.3147,2,0.0,0.0,0.0,365,360,0.9865,0.0024,48,0.2281,1
0.2883,0,3,34.398,25.5767,2,0.0,0.0,0.0,85,4,0.0467,0.8029,9,0.0853,2
0.1648,0,1,50.2288,10.7367,2,0.0,0.0,0.0,153,12,0.0104,0.925,2,0.0751,2
0.9226,0,1,17.4427,26.8452,2,0.0,0.0,0.0,185,9,0.1978,0.8027,3,0.1693,2
0.2894,1,0,89.0182,4.3243,1,0.0,0.0,0.0,351,442,0.9176,0.0979,14,0.1606,1
0.5355,1,0,18.9459,13.6407,2,0.0,0.0,0.0,275,8,0.2329,0.9158,17,0.0268,2
1.1382,0,2,200.9368,347.0447,0,0.0,1.0,4.0,94,46,0.8996,0.0739,138,0.7704,3
21.9663,1,3,427.3764,4062.8872,0,0.0,0.0,0.0,15,10,0.8386,0.0128,190,0.8146,0
0.1564,0,0,59.1154,7.3706,1,0.0,0.0,0.0,318,415,0.8934,0.0857,48,0.3369,1
0.4672,1,3,5.3684,20.5937,1,0.0,0.0,0.0,92,7,0.2141,0.7909,23,0.1675,2
6.8892,0,0,201.4749,4453.3111,0,0.0,0.0,0.0,7,13,0.8077,0.0013,208,0.7943,0
1.1283,0,1,13.7358,15.2259,2,0.0,0.0,0.0,122,11,0.0208,0.9033,18,0.0285,2
3.5098,0,2,391.1521,1704.2774,2,0.0,0.0,0.0,20,14,0.765,0.0695,65,0.9849,0
0.2478,0,0,84.5321,0.1743,2,3.0,0.0,0.0,256,279,0.9517,0.0285,43,0.187,1
0.5863,0,3,17.7712,29.0573,1,0.0,0.0,0.0,166,6,0.2428,0.9839,4,0.0279,2
0.1444,0,5,23.9195,4.6962,2,0.0,0.0,0.0,280,14,0.0868,0.8208,18,0.0379,2
2.885,0,1,407.4796,509.0419,0,0.0,1.0,4.0,111,68,0.8169,0.0921,44,0.7544,3
5.7814,0,1,588.6986,376.0621,2,0.0,2.0,2.0,132,75,0.8776,0.0799,78,0.6137,3
0.2009,1,2,37.205,0.6048,2,0.0,0.0,0.0,85,8,0.2169,0.9489,14,0.1613,2
0.3304,1,0,88.0495,5.7902,2,0.0,0.0,0.0,503,488,0.9562,0.0744,48,0.2692,1
2.5048,1,0,1155.2144,1356.5664,0,0.0,0.0,0.0,16,11,0.7572,0.0253,203,0.8398,0
0.7237,1,4,46.9719,14.6611,1,0.0,0.0,0.0,132,9,0.155,0.8536,12,0.0478,2
24.4241,0,1,427.156,4775.0158,1,0.0,0.0,0.0,8,13,0.8079,0.0456,162,0.9239,0
0.2637,0,0,81.89,6.4814,2,0.0,0.0,0.0,288,293,0.8706,0.0263,9,0.3546,1
51.0284,0,0,1919.5101,7737.1566,0,0.0,0.0,0.0,10,12,0.8154,0.0548,190,0.763,0
0.0235,0,0,37.5229,3.5705,1,0.0,0.0,0.0,412,290,0.9321,0.0024,15,0.3611,1
30.8296,1,1,1051.2724,4083.9236,0,0.0,0.0,0.0,15,9,0.827,0.0105,93,0.994,0
0.1741,0,0,83.6515,0.734,2,0.0,0.0,0.0,251,483,0.9553,0.0305,15,0.3697,1
14.1492,0,2,412.5371,673.313,0,0.0,2.0,5.0,106,59,0.934,0.0126,116,0.6257,3
7.3984,0,2,361.6638,472.1127,2,0.0,2.0,4.0,89,48,0.82,0.0163,47,0.6909,3
0.5745,0,3,56.5357,11.7551,2,0.0,0.0,0.0,101,14,0.2312,0.947,5,0.0995,2
0.3403,0,3,42.923,7.4672,1,0.0,0.0,0.0,398,413,0.9623,0.0375,14,0.1138,1
0.4378,0,0,67.6797,3.2044,1,0.0,0.0,0.0,286,313,0.9267,0.0141,3,0.3357,1
15.9493,1,0,705.7227,5195.9646,0,0.0,0.0,0.0,17,17,0.8413,0.0787,61,0.8556,0
0.6161,1,3,47.7688,19.9956,0,0.0,0.0,0.0,93,7,0.1606,0.8453,3,0.0749,2
5.2372,1,4,473.0958,1088.6033,0,0.0,0.0,0.0,18,12,0.8156,0.139,77,0.8227,0
2.1339,0,2,444.6419,263.8696,0,0.0,3.0,4.0,58,46,0.8147,0.09,171,0.6473,3
0.4406,1,3,34.0972,8.8622,2,0.0,0.0,0.0,173,7,0.0243,0.9494,22,0.0548,2
4.3023,0,0,2679.4902,2636.4924,0,0.0,0.0,0.0,12,13,0.8889,0.025,145,0.8912,0
0.2886,0,0,57.7723,9.9434,1,0.0,0.0,0.0,463,497,0.9497,0.0202,18,0.2135,1
23.7561,0,4,680.4127,3748.0184,0,0.0,0.0,0.0,9,6,0.8327,0.0143,130,0.995,0
0.2702,0,0,68.1484,7.6049,2,0.0,0.0,0.0,289,422,0.9755,0.0951,18,0.1717,1
0.111,0,0,84.1522,7.7721,1,0.0,0.0,0.0,284,501,0.9277,0.069,13,0.3023,1
5.7606,0,1,260.9519,383.8402,1,0.0,2.0,3.0,55,80,0.8276,0.053,66,0.64,3
1.9691,0,2,392.8634,382.6594,2,0.0,2.0,7.0,133,100,0.8949,0.0004,77,0.7857,3
0.2147,0,0,13.8203,1.4326,1,0.0,0.0,0.0,377,302,0.9519,0.0373,12,0.1497,1
4.982,0,5,582.0937,3534.0966,0,0.0,0.0,0.0,11,8,0.8611,0.069,77,0.8513,0
0.4401,0,0,64.3376,9.0238,1,1.0,0.0,0.0,377,471,0.9926,0.0217,27,0.1295,1
1.2727,0,3,182.8541,2730.9985,0,0.0,0.0,0.0,15,9,0.9418,0.0472,146,0.9245,0
10.8699,0,4,511.9575,11726.6426,0,0.0,0.0,0.0,15,10,0.823,0.0966,234,0.8539,0
0.711,0,0,40.1354,18.1258,2,0.0,0.0,0.0,145,7,0.0138,0.9908,4,0.0192,2
7.9735,1,5,431.0497,2851.0782,0,0.0,0.0,0.0,7,14,0.8825,0.1118,157,0.9063,0
5.2464,0,1,387.2713,268.308,0,0.0,4.0,2.0,90,97,0.9504,0.0114,47,0.8207,3
2.8731,0,3,161.9437,2136.8941,0,0.0,0.0,0.0,17,7,0.9023,0.1227,118,0.7316,0
0.1964,0,4,44.2602,24.0497,1,0.0,0.0,0.0,149,1,0.0761,0.8014,16,0.1462,2
9.1949,0,4,244.0798,3063.3095,0,0.0,0.0,0.0,18,13,0.7661,0.0813,184,0.8763,0
0.8848,0,1,355.8771,201.1018,0,0.0,1.0,4.0,70,86,0.9394,0.0034,179,0.9126,3
0.4151,2,0,64.7461,8.8482,1,0.0,0.0,0.0,329,410,0.8581,0.0896,8,0.3233,1
2.2323,0,2,423.9799,337.2046,0,0.0,1.0,6.0,73,72,0.8977,0.0137,183,0.9041,3
24.927,0,4,417.281,2381.5668,0,0.0,0.0,0.0,12,9,0.8606,0.0587,93,0.7459,0
4.067,0,1,271.2011,204.4815,1,0.0,4.0,5.0,144,105,0.9641,0.0973,126,0.8916,3
2.5954,0,2,596.9849,715.1669,1,0.0,3.0,4.0,96,75,0.9257,0.0839,182,0.9097,3
0.1902,1,0,25.9206,2.7044,1,1.0,0.0,0.0,329,434,0.8976,0.0507,42,0.1906,1
1.6647,0,1,483.1698,605.0164,0,0.0,3.0,3.0,57,111,0.9337,0.0369,157,0.6051,3
4.1633,0,0,1236.0978,4421.7813,0,0.0,0.0,0.0,15,13,0.9877,0.0149,251,0.9933,0
0.2506,0,3,137.3251,3.6136,2,0.0,0.0,0.0,467,474,0.9161,0.0631,44,0.1322,1
0.1514,0,0,119.6914,8.4377,2,0.0,0.0,0.0,461,466,0.8664,0.021,31,0.2945,1
22.4552,0,4,121.3977,5885.9812,0,0.0,0.0,0.0,12,13,0.8529,0.1394,176,0.9491,0
3.1316,0,1,559.1025,377.5369,0,0.0,1.0,6.0,63,57,0.9389,0.0741,105,0.833,3
4.453,0,4,1117.3402,3220.4862,0,0.0,0.0,0.0,14,19,0.8159,0.0584,232,0.847,0
0.1938,0,0,44.1275,8.4415,2,0.0,0.0,0.0,420,507,0.9327,0.0724,28,0.1689,1
10.8076,0,1,373.5504,393.0771,1,0.0,3.0,3.0,144,65,0.9689,0.0972,83,0.7268,3
0.7166,0,1,7.4912,2.1605,2,0.0,0.0,0.0,269,3,0.1769,0.8792,10,0.1342,2
1.1015,1,4,34.8559,27.9996,0,0.0,0.0,0.0,280,13,0.0162,0.9798,10,0.0817,2
8.8786,1,4,775.6288,4517.239,0,0.0,0.0,0.0,16,8,0.9322,0.0714,108,0.7824,0
0.48,0,0,13.0743,9.2159,1,0.0,0.0,0.0,407,280,0.8954,0.0866,20,0.3397,1
1.145,0,1,528.8354,661.1051,0,0.0,4.0,3.0,97,64,0.8786,0.034,46,0.7937,3
0.1438,0,1,5.6932,14.2834,1,0.0,0.0,0.0,168,11,0.1165,0.7559,19,0.0736,2
16.1745,1,3,357.1023,3978.5939,0,0.0,0.0,0.0,20,15,0.8563,0.0799,85,0.7136,0
1.3477,0,1,527.9331,495.5244,0,0.0,4.0,7.0,84,54,0.9722,0.0242,105,0.9145,3
1.4268,0,1,466.1064,550.3775,0,0.0,1.0,7.0,78,56,0.8632,0.0813,156,0.8816,3
0.6017,0,4,63.029,18.7374,1,0.0,0.0,0.0,293,6,0.054,0.9228,12,0.0226,2
0.7377,0,1,396.8378,640.5509,0,0.0,4.0,2.0,130,110,0.952,0.084,40,0.7203,3
3.4564,0,3,969.4001,3762.0185,0,0.0,0.0,0.0,13,8,0.8886,0.0007,230,0.8739,0
1.8045,0,1,505.979,575.5724,1,0.0,4.0,2.0,96,92,0.9595,0.0733,112,0.8077,3
0.4249,0,0,68.721,1.6881,1,0.0,0.0,0.0,376,292,0.9116,0.0475,32,0.2492,1
0.7693,0,0,52.8958,8.8634,2,0.0,0.0,0.0,261,4,0.1922,0.9707,22,0.0355,2
0.4738,0,0,36.8994,7.6488,1,0.0,0.0,0.0,253,383,0.8856,0.009,17,0.2223,1
1.8594,0,4,914.5535,7279.095,0,0.0,0.0,0.0,13,7,0.822,0.1142,247,0.9555,0
0.1211,0,0,7.2467,9.7626,1,0.0,0.0,0.0,471,341,0.9984,0.0902,32,0.3852,1
2.5409,0,1,590.035,391.1159,1,0.0,3.0,3.0,39,63,0.968,0.0337,51,0.8503,3
2.056,0,1,177.7581,773.3281,1,0.0,5.0,3.0,85,55,0.9521,0.0953,157,0.8019,3
1.9991,0,1,864.2482,1899.2434,0,0.0,0.0,0.0,10,9,0.7709,0.0132,169,0.7917,0
1.4658,0,2,209.4506,266.1576,0,0.0,1.0,4.0,34,42,0.9769,0.0396,194,0.727,3
11.5811,1,2,78.3093,3120.0473,0,0.0,0.0,0.0,13,19,0.9361,0.1,238,0.7183,0
0.2504,0,0,17.217,5.7034,1,0.0,0.0,0.0,305,222,0.9419,0.0663,45,0.2992,1
0.7136,0,3,41.6871,28.2758,1,0.0,0.0,0.0,118,4,0.0505,0.9536,18,0.1693,2
6.6113,1,0,1364.5845,1565.384,0,0.0,0.0,0.0,11,9,0.8417,0.0258,203,0.9973,0
3.0097,0,2,465.322,569.2275,0,0.0,1.0,2.0,80,77,0.8166,0.0904,126,0.7714,3
0.2179,0,3,15.7219,0.8182,1,0.0,0.0,0.0,283,413,0.9031,0.002,25,0.1172,1
2.2831,0,1,253.234,658.5866,0,0.0,2.0,6.0,126,117,0.8325,0.0501,169,0.6333,3
1.1124,0,0,63.0973,20.0752,2,0.0,0.0,0.0,124,12,0.223,0.7786,7,0.1741,2
0.4763,0,1,167.9553,226.1002,2,0.0,1.0,2.0,88,134,0.8632,0.0084,64,0.6686,3
12.8535,1,0,235.2185,4004.7824,2,0.0,0.0,0.0,16,9,0.8291,0.1331,119,0.7965,0
0.7402,0,3,2.6031,27.7431,0,0.0,0.0,0.0,179,9,0.0203,0.8538,12,0.0564,2
0.3057,0,3,15.8353,1.9538,2,0.0,0.0,0.0,147,12,0.1492,0.8047,19,0.113,2
0.7331,0,1,595.7532,533.1505,0,0.0,4.0,2.0,147,115,0.9835,0.0465,124,0.638,3
4.5057,1,0,494.311,6662.0351,0,0.0,0.0,0.0,8,9,0.8719,0.1092,195,0.9176,0
0.1938,0,0,193.4563,2.7241,0,0.0,0.0,0.0,282,484,0.893,0.0212,40,0.2378,1
1.0817,0,2,425.8525,383.8973,1,0.0,1.0,4.0,108,91,0.856,0.0493,90,0.7969,3
0.4851,0,3,734.4435,3589.3712,0,0.0,0.0,0.0,10,9,0.759,0.0062,86,0.8681,0
2.1709,0,1,360.3228,585.9682,0,0.0,5.0,3.0,56,114,0.9627,0.0005,156,0.6772,3
1.3672,0,1,448.5075,655.7732,0,0.0,1.0,7.0,112,136,0.8111,0.0169,85,0.754,3
0.8047,0,0,4.8148,4.8238,1,0.0,0.0,0.0,285,5,0.0434,0.9262,14,0.1728,2
5.6023,0,1,394.5482,5133.8083,0,0.0,0.0,0.0,13,8,0.7956,0.0867,254,0.9328,0
0.9541,0,5,18.9885,4.3104,1,0.0,0.0,0.0,86,2,0.2359,0.9275,10,0.0478,2
0.8744,0,2,18.8761,29.3701,1,0.0,0.0,0.0,255,13,0.1119,0.865,14,0.1492,2
8.8806,1,0,242.5133,1070.3997,0,0.0,0.0,0.0,13,13,0.9092,0.0791,208,0.9845,0
0.0702,1,0,181.9628,1.0179,1,0.0,0.0,0.0,375,302,0.8581,0.0941,42,0.3393,1
0.2257,0,0,90.137,7.2764,3,0.0,0.0,0.0,485,508,0.9819,0.0303,39,0.1695,1
0.1326,0,0,254.228,6.1012,1,0.0,0.0,0.0,464,302,0.9719,0.0706,3,0.2035,1
0.2639,0,0,306.5146,5.8092,1,0.0,0.0,0.0,462,210,0.9497,0.0177,38,0.2296,1
0.3223,0,3,31.3594,8.6858,2,0.0,0.0,0.0,125,12,0.0531,0.9765,1,0.1491,2
1.1221,0,5,59.4745,11.4198,2,0.0,0.0,0.0,295,6,0.2164,0.9426,16,0.038,2
2.3816,0,1,306.2724,321.871,2,0.0,3.0,7.0,84,49,0.9439,0.0646,77,0.7314,3
0.2767,0,0,20.2501,1.8047,2,0.0,0.0,0.0,390,263,0.8581,0.0834,29,0.3683,1
1.1029,1,2,38.7979,24.2984,1,0.0,0.0,0.0,194,3,0.2035,0.793,12,0.0731,2
0.4497,0,0,0.3103,5.9214,1,0.0,0.0,0.0,478,281,0.9642,0.0521,49,0.2891,1
0.409,1,0,270.7994,3668.487,0,0.0,1.0,0.0,9,9,0.7933,0.0205,213,0.8828,0
1.6613,0,1,173.8182,690.5137,0,0.0,4.0,3.0,31,103,0.9461,0.0218,159,0.7507,3
0.4574,1,3,88.7934,7.9424,1,3.0,0.0,0.0,397,486,0.9493,0.0509,46,0.3854,1
0.1428,0,0,224.9915,3.9985,1,0.0,0.0,0.0,415,230,0.9058,0.0371,46,0.1248,1
4.2998,0,2,167.7456,296.3971,1,0.0,5.0,5.0,120,107,0.9428,0.0676,119,0.6354,3
4.6738,1,1,533.7197,3262.6744,0,0.0,0.0,0.0,11,18,0.9441,0.0855,152,0.9558,0
0.3072,0,0,14.4638,2.1768,1,0.0,0.0,0.0,504,231,0.9041,0.0468,43,0.3914,1
0.7203,0,5,15.6034,7.6005,1,0.0,0.0,0.0,184,14,0.2299,0.9439,11,0.1847,2
2.4398,0,0,386.2893,3191.7108,0,0.0,0.0,0.0,9,7,0.9597,0.0029,81,0.794,0
0.3711,1,1,1.3266,18.5967,1,0.0,0.0,0.0,209,11,0.1899,0.8367,6,0.1364,2
18.3807,0,2,707.594,1891.3579,0,0.0,0.0,0.0,6,8,0.7753,0.0227,181,0.9272,0
0.9274,0,3,28.8952,13.7333,1,0.0,0.0,0.0,99,6,0.1964,0.9808,2,0.0757,2
0.8891,0,2,33.0987,9.2096,1,0.0,0.0,0.0,157,2,0.2459,0.8206,21,0.1998,2
0.0748,0,0,37.5709,3.9221,2,0.0,0.0,0.0,364,507,0.91,0.0451,28,0.2535,1
0.4138,2,0,611.6018,2055.3113,0,0.0,0.0,0.0,8,10,0.8292,0.1223,133,0.9473,0
0.3,0,3,14.5566,4.3582,1,0.0,0.0,0.0,395,289,0.9895,0.0433,1,0.1379,1
0.9659,0,1,393.0615,394.9814,0,0.0,5.0,4.0,90,120,0.8052,0.0873,60,0.8667,3
3.8379,0,1,479.7053,425.1343,0,0.0,3.0,5.0,81,104,0.8716,0.0054,124,0.7146,3
0.3505,1,2,25.4781,11.194,2,0.0,0.0,0.0,214,8,0.1132,0.7756,22,0.1462,2
11.6672,0,2,119.765,1329.3081,0,0.0,0.0,0.0,15,6,0.8678,0.0557,171,0.9183,0
0.0124,0,0,54.9511,7.2134,1,0.0,0.0,0.0,456,463,0.8866,0.0651,49,0.1817,1
5.1624,0,2,550.5027,557.3158,0,0.0,4.0,4.0,132,76,0.9745,0.0599,195,0.61,3
12.3923,1,4,374.3181,2801.8483,0,0.0,1.0,0.0,13,13,0.9507,0.1032,209,0.9591,0
0.2594,1,3,86.0252,8.6508,3,0.0,0.0,0.0,470,352,0.9705,0.0871,34,0.1002,1
3.9432,0,1,342.665,762.4933,0,0.0,2.0,2.0,59,69,0.9722,0.0038,150,0.9422,3
0.1274,0,0,61.7595,4.9957,2,0.0,0.0,0.0,333,325,0.8527,0.0769,29,0.1167,1
4.3974,0,1,277.355,272.2669,2,0.0,5.0,3.0,86,139,0.9368,0.0351,194,0.8762,3
0.7669,1,3,11.7649,26.2687,1,0.0,0.0,0.0,266,7,0.1619,0.8141,4,0.0705,2
15.9039,0,1,196.6648,285.8382,2,0.0,4.0,6.0,30,39,0.8254,0.0472,175,0.8072,3
0.2172,1,0,168.9666,2.4275,1,0.0,0.0,0.0,403,272,0.9179,0.0125,14,0.2504,1
0.4424,0,3,5.6654,29.0098,2,0.0,0.0,0.0,91,11,0.1722,0.9736,23,0.0814,2
0.3881,1,5,17.8051,2.4304,1,0.0,0.0,0.0,499,303,0.9565,0.0784,32,0.1348,1
3.84,0,1,352.8455,782.4708,0,0.0,5.0,6.0,139,89,0.8209,0.0025,120,0.9373,3
0.9792,0,5,19.7238,9.2954,2,0.0,0.0,0.0,103,2,0.1768,0.9922,22,0.0419,2
10.3431,0,1,511.247,625.8257,1,0.0,2.0,4.0,62,57,0.9861,0.0963,68,0.7871,3
0.488,2,5,328.6604,3.3783,2,0.0,0.0,0.0,304,248,0.8973,0.0825,18,0.2788,1
0.5882,0,0,21.1421,25.308,1,0.0,0.0,0.0,289,8,0.1339,0.8902,22,0.0307,2
0.4171,0,3,41.2291,0.8996,1,0.0,0.0,0.0,292,257,0.9358,0.011,33,0.1073,1
0.2622,0,1,268.5898,591.7508,1,0.0,3.0,3.0,70,35,0.9282,0.0914,124,0.6524,3
8.052,1,2,1576.96,6654.7585,0,0.0,0.0,0.0,13,8,0.7765,0.1452,159,0.9179,0
7.7997,0,2,564.6142,784.8922,0,0.0,3.0,3.0,149,68,0.9871,0.0068,123,0.6922,3
1.735,0,1,512.4253,450.1488,0,0.0,2.0,3.0,61,120,0.8293,0.0273,176,0.6378,3
1.1774,1,4,20.5172,0.3541,0,0.0,0.0,0.0,90,6,0.1337,0.8752,4,0.0264,2
1.911,1,0,1189.1421,1020.4377,0,0.0,0.0,0.0,18,14,0.7952,0.1268,194,0.8874,0
0.8078,0,4,16.1429,13.3751,2,0.0,0.0,0.0,110,2,0.0509,0.9903,5,0.1148,2
0.4871,0,0,72.2883,6.0685,1,0.0,0.0,0.0,450,408,0.9576,0.0681,39,0.311,1
0.4553,1,2,9.8269,26.6869,2,0.0,0.0,0.0,171,5,0.0235,0.8665,8,0.035,2
0.8722,0,2,40.5517,1.6908,1,0.0,0.0,0.0,284,8,0.1591,0.9533,5,0.1911,2
0.6795,0,1,551.9347,388.3986,0,0.0,3.0,4.0,46,96,0.9182,0.0021,167,0.8941,3
3.801,0,1,185.1605,532.057,0,0.0,1.0,3.0,44,70,0.987,0.0469,112,0.743,3
0.5663,0,1,188.3781,264.6883,0,0.0,1.0,6.0,103,86,0.8362,0.0209,45,0.8622,3
5.3296,1,0,678.2387,7845.0865,0,0.0,0.0,0.0,17,14,0.986,0.1297,59,0.8631,0
0.7557,0,3,5.1586,6.8916,2,0.0,0.0,0.0,107,7,0.0591,0.8647,12,0.0698,2
0.5767,0,1,444.4457,507.2657,0,0.0,1.0,4.0,72,25,0.902,0.064,194,0.7687,3
0.3339,0,0,59.0484,7.2712,1,0.0,0.0,0.0,462,212,0.9624,0.0817,22,0.1157,1
16.9047,0,1,165.707,450.7438,0,0.0,5.0,7.0,92,76,0.9901,0.0167,160,0.681,3
1.0066,1,2,59.3002,22.44,1,0.0,0.0,0.0,83,5,0.0944,0.8978,21,0.1977,2
18.5818,0,3,399.1603,2305.0421,0,0.0,0.0,0.0,17,12,0.8517,0.0348,206,0.7256,0
0.2411,1,0,229.5745,6.4499,2,0.0,0.0,0.0,416,224,0.9361,0.0255,18,0.3174,1
36.148,0,3,1108.537,2020.772,0,0.0,0.0,0.0,11,7,0.976,0.0041,54,0.9829,0
11.4901,0,0,960.8993,2416.5608,0,0.0,0.0,0.0,8,9,0.8777,0.0208,133,0.7664,0
1.7809,0,2,485.9997,4615.966,0,0.0,0.0,0.0,10,8,0.7824,0.1282,209,0.9661,0
0.2043,0,0,55.9256,4.0366,1,0.0,0.0,0.0,279,218,0.8627,0.0486,25,0.2778,1
0.0053,0,0,14.3655,1.0613,1,0.0,0.0,0.0,390,452,0.9195,0.0858,2,0.3114,1
11.3859,0,0,1044.2663,2015.2578,0,0.0,0.0,0.0,17,14,0.9494,0.1288,137,0.7287,0
0.9048,1,3,6.911,14.9327,2,0.0,0.0,0.0,120,12,0.045,0.8488,9,0.1865,2
15.7208,0,1,458.5234,2774.2276,0,0.0,0.0,0.0,11,11,0.9975,0.1002,201,0.935,0
3.3545,0,0,86.8595,4613.6235,0,0.0,0.0,0.0,15,9,0.8011,0.0567,161,0.9565,0
3.8951,0,2,169.944,462.6711,0,0.0,2.0,4.0,119,135,0.8648,0.0972,92,0.9097,3
1.8928,0,1,594.578,419.7617,0,0.0,3.0,3.0,101,41,0.8923,0.0253,160,0.6536,3
3.1546,0,1,330.9294,248.9273,2,0.0,4.0,7.0,93,70,0.8467,0.0814,106,0.9221,3
0.0052,1,0,82.3598,3.1188,0,0.0,0.0,0.0,497,493,0.9145,0.005,42,0.3075,1
10.2494,0,3,937.3534,9658.3944,0,0.0,0.0,0.0,13,10,0.846,0.0578,178,0.7114,0
0.6108,0,1,361.7175,2906.52,0,0.0,0.0,0.0,13,11,0.9189,0.1194,131,0.7127,0
1.2525,0,1,164.1133,259.6377,1,0.0,5.0,3.0,118,25,0.9353,0.0318,93,0.7128,3
0.4949,0,3,25.7038,8.2738,1,0.0,0.0,0.0,358,432,0.9447,0.011,11,0.3391,1
0.2357,0,0,53.5058,6.6514,1,0.0,0.0,0.0,501,415,0.9732,0.0462,32,0.2779,1
1.1655,0,0,50.0765,31.5781,1,0.0,0.0,0.0,180,9,0.1722,0.9134,19,0.134,2
12.9912,0,4,339.4475,3485.2008,0,0.0,0.0,0.0,12,14,0.7908,0.0874,74,0.9239,0
0.2855,0,0,75.5401,4.7154,1,0.0,0.0,0.0,274,423,0.9351,0.0056,7,0.2217,1
8.5001,1,5,1686.4582,865.1537,0,0.0,0.0,0.0,11,15,0.8602,0.0211,155,0.7141,0
1.7519,0,1,478.6546,511.8134,0,0.0,2.0,4.0,69,64,0.8971,0.0547,99,0.8132,3
0.2951,0,1,480.8399,693.2987,0,0.0,1.0,4.0,141,121,0.9731,0.0478,173,0.7761,3
0.4198,1,3,1.9746,6.2309,1,0.0,0.0,0.0,463,260,0.8721,0.0666,2,0.2522,1
10.5095,1,0,520.7784,3069.363,2,0.0,0.0,0.0,13,13,0.9512,0.0772,58,0.7489,0
1.2033,0,1,583.1542,654.6917,0,0.0,4.0,7.0,83,58,0.8264,0.0801,193,0.7838,3
27.3892,1,0,751.2712,848.5583,0,0.0,0.0,0.0,12,18,0.8739,0.0419,146,0.7482,0
0.1639,0,3,5.3379,5.1462,1,0.0,0.0,0.0,331,485,0.9608,0.028,22,0.319,1
0.4312,0,0,112.5237,7.9699,1,0.0,0.0,0.0,481,483,0.947,0.058,18,0.2475,1
1.1615,2,0,6.1831,12.8814,1,0.0,0.0,0.0,139,5,0.1711,0.9862,11,0.1443,2
17.349,0,4,1850.3119,2743.7678,0,0.0,0.0,0.0,10,12,0.7833,0.0194,191,0.9374,0
0.2162,0,1,54.6536,11.7737,2,0.0,0.0,0.0,254,13,0.1813,0.8359,15,0.1987,2
0.6724,1,1,16.9498,28.173,2,0.0,0.0,0.0,156,10,0.206,0.9844,16,0.1137,2
0.1296,0,0,165.5671,7.4509,1,0.0,0.0,0.0,273,347,0.9714,0.0325,39,0.1418,1
2.2155,0,0,1279.3032,3563.8786,0,0.0,0.0,0.0,11,5,0.8483,0.1454,206,0.9596,0
0.2389,2,0,40.8253,2.0255,1,0.0,0.0,0.0,368,342,0.91,0.055,24,0.3285,1
0.0553,0,5,45.1068,0.6099,1,0.0,0.0,0.0,193,11,0.1124,0.9331,17,0.0569,2
2.666,0,1,556.5559,750.379,0,0.0,1.0,5.0,82,43,0.9947,0.0674,178,0.8381,3
0.4771,0,0,46.7712,24.0173,1,0.0,0.0,0.0,270,14,0.195,0.9927,14,0.0809,2
6.7633,0,1,226.4681,4005.2021,0,0.0,0.0,0.0,9,10,0.9463,0.0132,149,0.7936,0
0.1786,2,5,47.7295,11.0308,1,0.0,0.0,0.0,219,9,0.2198,0.897,23,0.1139,2
0.4718,2,0,147.5726,5.1589,1,0.0,0.0,0.0,471,340,0.8641,0.0791,34,0.2026,1
3.0207,0,0,551.8131,3515.3636,0,0.0,0.0,0.0,9,12,0.8241,0.0095,94,0.9797,0
0.0627,1,0,13.9713,20.7771,1,0.0,0.0,0.0,296,3,0.0718,0.9854,21,0.0713,2
0.7315,1,2,25.1491,13.7357,2,0.0,0.0,0.0,219,2,0.1767,0.8255,18,0.0132,2
0.8673,0,0,26.6699,26.7412,0,0.0,0.0,0.0,256,3,0.0547,0.8834,18,0.1382,2
0.3025,0,5,68.4314,0.7342,0,3.0,0.0,0.0,453,333,0.9923,0.0397,5,0.179,1
5.9755,0,1,310.0567,287.8792,0,0.0,3.0,6.0,48,108,0.8758,0.0105,133,0.8903,3
1.0659,0,1,190.4492,387.6941,0,0.0,1.0,3.0,77,98,0.9227,0.0259,154,0.8276,3
0.1104,0,2,5.3024,21.5884,1,0.0,0.0,0.0,129,1,0.1584,0.8439,7,0.1582,2
2.8551,0,2,519.3425,4497.8245,0,0.0,0.0,0.0,8,9,0.9894,0.0096,161,0.9333,0
0.4829,0,3,1.1802,1.1432,0,0.0,0.0,0.0,88,6,0.2356,0.9281,19,0.0344,2
1.7355,0,2,304.0874,796.1951,0,0.0,2.0,4.0,50,96,0.9495,0.0219,181,0.7124,3
0.6954,1,0,2.2261,23.6405,1,0.0,0.0,0.0,146,12,0.207,0.9174,7,0.0129,2
0.9797,0,5,14.7468,26.5464,1,0.0,0.0,0.0,108,10,0.0914,0.7941,16,0.0177,2
0.2907,0,5,44.7248,9.9659,1,0.0,0.0,0.0,488,304,0.889,0.0837,18,0.3591,1
2.112,1,0,280.9798,2245.682,0,0.0,0.0,0.0,10,11,0.8805,0.0212,179,0.7273,0
3.5168,0,1,566.6781,334.4884,0,0.0,1.0,3.0,132,37,0.8608,0.096,70,0.8107,3
0.2864,0,0,19.7331,7.6169,1,0.0,0.0,0.0,497,422,0.9584,0.0681,13,0.2852,1
0.4923,0,0,77.4531,2.7003,1,0.0,0.0,0.0,272,455,0.9724,0.0288,12,0.3646,1
6.2162,1,1,893.6652,2448.2873,0,0.0,0.0,0.0,17,14,0.9353,0.1308,61,0.7346,0
0.2096,0,1,476.2483,382.2592,0,0.0,1.0,3.0,30,121,0.8288,0.0542,193,0.8389,3
2.1391,0,1,449.1221,388.7179,0,0.0,1.0,2.0,60,67,0.9241,0.0429,123,0.6621,3
0.0856,0,0,52.1607,6.1159,2,0.0,0.0,0.0,497,227,0.9172,0.0146,48,0.3829,1
0.3654,2,0,127.5088,7.8529,0,0.0,0.0,0.0,448,228,0.9008,0.0093,30,0.3657,1
1.8087,1,0,1543.3345,2520.9417,0,0.0,0.0,0.0,19,13,0.9551,0.0908,153,0.8387,0
0.1822,1,3,50.6594,31.6759,2,0.0,0.0,0.0,194,6,0.2135,0.7679,14,0.1297,2
6.8003,0,2,401.1747,338.5613,0,0.0,2.0,2.0,120,92,0.8738,0.0969,110,0.8244,3
0.0329,0,1,51.0652,25.8067,2,0.0,0.0,0.0,120,6,0.0151,0.803,10,0.0419,2
22.5898,1,4,269.8019,5333.8632,0,0.0,0.0,0.0,14,11,0.8405,0.105,244,0.806,0
0.6083,2,0,58.3458,19.2535,2,0.0,0.0,0.0,122,7,0.1537,0.9215,15,0.0749,2
0.3419,1,3,108.0275,0.5233,2,0.0,0.0,0.0,492,470,0.851,0.0519,25,0.3972,1
0.4946,0,0,167.1589,6.4007,1,0.0,0.0,0.0,437,482,0.9915,0.0997,4,0.1831,1
3.0695,0,1,448.4496,586.84,0,0.0,1.0,6.0,49,44,0.8865,0.0508,114,0.6741,3
0.107,2,1,55.665,24.5279,2,0.0,0.0,0.0,254,5,0.1427,0.789,23,0.1138,2
0.3798,0,0,139.9147,2.0028,1,0.0,0.0,0.0,399,297,0.9455,0.0926,26,0.2423,1
0.2109,0,3,61.7841,7.8947,2,1.0,0.0,0.0,340,319,0.9195,0.0555,32,0.3624,1
0.805,0,0,605.9207,1498.5766,0,0.0,0.0,0.0,10,9,0.9252,0.0959,178,0.9668,0
3.3495,0,3,178.2392,4161.134,0,0.0,0.0,0.0,18,9,0.7674,0.1287,210,0.9814,0
0.6251,0,2,30.8975,30.5166,0,0.0,0.0,0.0,155,14,0.2425,0.8497,19,0.053,2
0.8972,0,4,16.1295,10.7379,2,0.0,0.0,0.0,104,7,0.2459,0.9686,20,0.171,2
2.9468,0,2,594.1909,225.554,0,0.0,4.0,2.0,81,92,0.8977,0.0912,168,0.6559,3
0.1807,2,0,89.1958,0.7004,2,3.0,0.0,0.0,400,440,0.9779,0.0512,15,0.18,1
1.1404,0,2,3.8537,19.7218,3,0.0,0.0,0.0,245,2,0.048,0.8152,1,0.1341,2
0.6408,1,1,62.0418,31.1675,2,0.0,0.0,0.0,221,5,0.1064,0.7724,22,0.1492,2
0.6322,0,1,34.6166,29.2055,1,0.0,0.0,0.0,194,12,0.2201,0.8987,6,0.0941,2
0.361,2,0,3.4518,27.1331,1,0.0,0.0,0.0,280,14,0.0386,0.8143,7,0.0107,2
13.8297,0,2,934.8085,3572.2665,0,0.0,0.0,0.0,14,13,0.9554,0.0558,221,0.7473,0
16.0879,0,1,318.4962,218.2933,2,0.0,4.0,2.0,122,43,0.9273,0.0731,168,0.6462,3
9.9422,1,0,934.6602,9495.3848,0,0.0,0.0,0.0,14,13,0.8643,0.066,117,0.9437,0
0.138,1,3,0.1874,13.9668,0,0.0,0.0,0.0,102,10,0.1108,0.8318,23,0.0478,2
0.3202,0,2,43.8729,24.9059,1,0.0,0.0,0.0,246,10,0.1498,0.8801,16,0.0725,2
0.0713,1,0,65.0058,9.6487,1,0.0,0.0,0.0,418,400,0.9284,0.0081,37,0.3576,1
3.5393,0,1,435.4476,628.3138,1,0.0,1.0,6.0,76,69,0.8981,0.0535,58,0.6344,3
0.7029,0,3,59.6004,11.9684,0,0.0,0.0,0.0,127,3,0.1589,0.7584,7,0.0754,2
15.1248,0,0,599.382,1562.8455,0,0.0,0.0,0.0,8,9,0.8337,0.1206,169,0.8495,0
0.2957,0,1,32.3871,8.3993,1,0.0,0.0,0.0,202,11,0.0463,0.837,6,0.0795,2
0.0921,1,5,10.4127,26.5232,1,0.0,0.0,0.0,139,11,0.1323,0.8788,16,0.1825,2
0.7825,0,1,529.6878,384.1835,1,0.0,2.0,3.0,31,94,0.9535,0.0228,197,0.7796,3
0.3777,0,0,41.2642,9.8542,0,0.0,0.0,0.0,468,363,0.9208,0.0789,31,0.3744,1
0.4595,0,0,73.8092,3.8649,1,0.0,0.0,0.0,477,202,0.9322,0.0407,25,0.3731,1
0.9246,1,5,23.9605,7.3023,2,0.0,0.0,0.0,167,4,0.0584,0.8864,16,0.0194,2
1.5486,0,1,458.8656,354.4993,0,0.0,2.0,6.0,96,107,0.81,0.0027,101,0.6068,3
0.1934,0,0,69.1117,0.907,1,0.0,0.0,0.0,437,474,0.8986,0.0858,6,0.2021,1
9.3965,0,0,586.924,10123.5567,0,0.0,0.0,0.0,18,8,0.9419,0.1195,231,0.8919,0
8.3451,0,1,691.1607,2781.5844,0,0.0,0.0,0.0,22,7,0.8674,0.1087,169,0.8715,0
0.6868,0,4,55.222,21.711,1,0.0,0.0,0.0,156,1,0.1241,0.88,18,0.0726,2
5.1527,0,1,228.3489,753.9058,0,0.0,1.0,7.0,148,107,0.869,0.08,60,0.6508,3
4.0154,0,2,302.2587,421.0178,2,0.0,2.0,3.0,100,111,0.8742,0.0775,154,0.8779,3
0.1686,0,0,55.8209,6.4839,2,0.0,0.0,0.0,419,303,0.8954,0.0047,38,0.3782,1
0.9165,0,0,40.9216,28.7954,2,0.0,0.0,0.0,273,14,0.128,0.963,20,0.1866,2
1.0556,0,4,0.0558,23.7234,2,0.0,0.0,0.0,256,3,0.2374,0.754,1,0.1407,2
1.1877,2,0,20.1675,23.6123,2,0.0,0.0,0.0,102,13,0.1382,0.9947,8,0.0608,2
0.1489,0,0,46.7214,6.1487,3,0.0,0.0,0.0,465,397,0.9285,0.0235,8,0.3944,1
0.4439,0,0,40.7141,1.0894,1,0.0,0.0,0.0,496,305,0.9013,0.0964,26,0.3434,1
1.093,0,2,107.4404,3322.3321,0,0.0,0.0,0.0,12,6,0.9289,0.1446,230,0.9954,0
0.9881,0,2,216.2885,414.6536,0,0.0,5.0,7.0,41,72,0.8026,0.0531,64,0.8397,3
0.369,0,0,18.1023,0.7485,2,0.0,0.0,0.0,391,370,0.9128,0.0363,13,0.2122,1
0.2752,0,0,36.2464,8.5888,1,0.0,0.0,0.0,470,391,0.9823,0.0234,48,0.2273,1
1.1049,0,0,49.4441,5.6434,1,0.0,0.0,0.0,184,6,0.0801,0.9581,13,0.0531,2
0.1268,0,0,30.1774,6.9485,3,1.0,0.0,0.0,402,306,0.8517,0.0215,1,0.3096,1
0.404,0,0,16.8223,5.8822,1,0.0,0.0,0.0,410,259,0.9797,0.0523,25,0.3783,1
4.4364,1,3,934.6929,8514.5219,0,0.0,0.0,0.0,15,6,0.9629,0.1215,210,0.835,0
1.1405,0,0,49.4326,27.5529,2,0.0,0.0,0.0,228,5,0.1151,0.8618,20,0.1323,2
1.0792,0,1,416.8805,604.4979,0,0.0,3.0,7.0,146,132,0.9906,0.0702,63,0.6512,3
11.9504,2,0,355.9161,3497.9759,0,0.0,0.0,0.0,14,16,0.8889,0.0309,108,0.7438,0
1.0234,0,5,21.6852,27.0281,2,0.0,0.0,0.0,263,6,0.0103,0.7597,4,0.0688,2
0.3642,0,0,55.8231,0.153,2,0.0,0.0,0.0,268,250,0.9217,0.0822,39,0.3833,1
2.387,1,3,226.3878,5248.8192,0,0.0,0.0,0.0,10,10,0.7674,0.051,158,0.7776,0
0.403,0,2,336.4169,593.8464,0,0.0,1.0,2.0,83,43,0.8648,0.0916,187,0.6515,3
3.3756,0,1,344.5596,290.217,0,0.0,1.0,3.0,46,77,0.8206,0.003,191,0.8535,3
1.6498,0,2,163.5398,435.0832,0,0.0,4.0,7.0,38,84,0.9679,0.0101,121,0.83,3
2.0515,0,1,451.2309,265.6608,1,0.0,3.0,5.0,30,80,0.9035,0.0456,156,0.7527,3
8.1297,0,0,91.9642,2149.6196,0,0.0,0.0,0.0,12,8,0.7754,0.0118,102,0.7109,0
19.882,0,1,543.9485,248.4677,1,0.0,5.0,2.0,40,63,0.9751,0.0397,151,0.6022,3
0.0367,0,0,32.8039,7.2005,1,0.0,0.0,0.0,95,6,0.1134,0.8778,10,0.1567,2
0.7534,0,1,42.3224,30.3181,2,0.0,0.0,0.0,146,9,0.0594,0.7653,11,0.1056,2
0.2758,0,0,527.4334,3644.7709,0,0.0,0.0,0.0,20,11,0.8513,0.0765,128,0.8517,0
2.1097,0,1,597.3375,584.432,1,0.0,2.0,7.0,55,69,0.8096,0.0798,174,0.7848,3
0.3179,0,3,49.2265,4.9108,2,3.0,0.0,0.0,374,310,0.9225,0.0311,40,0.3845,1
7.0742,0,0,1136.5621,2927.3383,0,0.0,0.0,0.0,13,13,0.803,0.0994,115,0.9902,0
2.5551,0,1,599.3473,353.5728,0,0.0,1.0,5.0,113,118,0.8244,0.0831,111,0.8604,3
4.8092,0,2,208.7822,2179.9476,0,0.0,0.0,0.0,20,10,0.9994,0.0594,217,0.8656,0
5.4722,0,1,473.0992,753.5392,0,0.0,3.0,5.0,76,107,0.9502,0.0349,102,0.8015,3
4.2983,0,2,554.2,613.3786,0,0.0,5.0,7.0,113,79,0.9015,0.0041,81,0.7531,3
0.3112,0,2,45.0051,5.1225,1,0.0,0.0,0.0,237,1,0.1645,0.834,19,0.1254,2
0.7408,0,0,13.8811,12.868,2,0.0,0.0,0.0,257,5,0.0305,0.8191,19,0.1472,2
1.384,0,1,1391.5308,5355.645,0,0.0,0.0,0.0,11,10,0.7669,0.0137,213,0.9553,0
0.1563,1,0,38.3117,12.2549,3,0.0,0.0,0.0,214,14,0.0503,0.8625,20,0.1283,2
3.3388,0,1,552.4186,282.0342,0,0.0,4.0,5.0,90,35,0.9813,0.0183,125,0.8312,3
5.7076,1,0,1334.4897,1995.9833,0,0.0,0.0,0.0,16,6,0.7505,0.0628,230,0.7761,0
0.5662,0,4,52.8614,9.7531,2,0.0,0.0,0.0,194,14,0.2109,0.9602,8,0.1986,2
6.5424,0,1,267.6771,690.2616,1,0.0,5.0,2.0,95,134,0.8386,0.0639,59,0.6958,3
4.5446,0,0,378.6956,4130.8735,0,0.0,0.0,0.0,11,10,0.8147,0.1047,163,0.8432,0
0.2832,0,1,314.2407,745.4503,0,0.0,2.0,4.0,119,53,0.9029,0.019,176,0.7979,3
4.7121,0,3,855.556,2813.145,0,0.0,0.0,0.0,18,11,0.8794,0.0652,234,0.7395,0
0.0292,0,0,62.3967,0.2767,2,0.0,0.0,0.0,410,347,0.9666,0.0335,10,0.3451,1
0.165,0,0,78.7972,9.5653,1,0.0,0.0,0.0,388,397,0.8513,0.0828,2,0.193,1
0.6037,0,5,50.4505,13.1031,2,0.0,0.0,0.0,172,2,0.0319,0.8555,11,0.1283,2
2.2597,0,1,380.0995,429.7694,0,0.0,2.0,7.0,106,49,0.8964,0.0981,88,0.7378,3
0.9327,2,1,48.2953,27.5391,1,0.0,0.0,0.0,142,11,0.1885,0.9103,17,0.1055,2
10.7003,0,5,933.0119,3631.0958,1,0.0,0.0,0.0,10,12,0.8347,0.1007,158,0.9532,0
0.0184,0,0,83.9924,3.0588,1,0.0,0.0,0.0,493,328,0.9135,0.0526,42,0.1767,1
0.275,2,3,36.4731,10.8428,0,0.0,0.0,0.0,254,1,0.0759,0.8056,13,0.1015,2
0.1062,0,3,74.9666,3.8743,1,0.0,0.0,0.0,435,291,0.8664,0.0735,16,0.1837,1
15.7924,0,1,215.7067,616.4395,0,0.0,2.0,4.0,100,34,0.9798,0.0928,41,0.8678,3
6.7225,0,3,1436.8872,1452.6254,0,0.0,0.0,0.0,18,10,0.9954,0.0387,133,0.7863,0
0.1313,0,0,10.8363,15.2401,1,0.0,0.0,0.0,294,13,0.196,0.9765,5,0.1243,2
0.3422,2,0,21.6106,2.9365,1,0.0,0.0,0.0,380,232,0.9295,0.066,13,0.1698,1
0.239,0,0,58.5202,1.7976,1,1.0,0.0,0.0,413,288,0.8975,0.043,17,0.1816,1
0.6732,0,0,9.7274,24.7065,1,0.0,0.0,0.0,149,5,0.0251,0.8238,14,0.0219,2
2.5588,0,1,475.9568,300.6182,0,0.0,1.0,2.0,75,131,0.8227,0.0106,74,0.6281,3
0.2384,0,5,76.1071,7.1431,2,0.0,0.0,0.0,447,485,0.9728,0.047,25,0.2349,1
9.4549,0,1,255.1515,532.3391,0,0.0,5.0,2.0,47,35,0.9816,0.0876,53,0.6098,3
0.4908,0,1,16.3478,30.5914,1,0.0,0.0,0.0,231,7,0.1912,0.9963,12,0.1999,2
1.0741,2,4,9.2733,8.8436,1,0.0,0.0,0.0,167,10,0.1294,0.986,8,0.1141,2
12.4277,2,3,215.2529,7158.346,0,0.0,0.0,0.0,12,8,0.8158,0.0994,54,0.8154,0
2.2288,0,1,572.6488,602.6298,0,0.0,5.0,5.0,122,111,0.8732,0.0962,141,0.684,3
0.3322,0,3,63.1,2.2223,1,1.0,0.0,0.0,482,289,0.8972,0.0324,13,0.3296,1
3.1921,0,2,419.2663,509.9518,0,0.0,5.0,6.0,79,31,0.893,0.0173,59,0.6599,3
1.1,0,1,476.8619,785.0386,2,0.0,4.0,5.0,125,72,0.8044,0.0838,118,0.6917,3
0.0269,0,0,31.8864,6.2354,1,0.0,0.0,0.0,331,486,0.9995,0.014,14,0.3426,1
0.4716,1,0,72.3797,1.5046,1,3.0,0.0,0.0,426,456,0.9167,0.031,38,0.1579,1
0.9317,0,0,5.8382,30.1074,0,0.0,0.0,0.0,267,13,0.0114,0.8577,2,0.0286,2
0.6955,0,2,41.0409,4.8332,2,0.0,0.0,0.0,184,11,0.1111,0.9203,24,0.1279,2
6.0079,0,2,381.209,568.9731,0,0.0,5.0,5.0,59,46,0.9385,0.0947,110,0.802,3
0.4494,0,2,5.186,14.9239,2,0.0,0.0,0.0,277,8,0.0852,0.9628,18,0.1127,2
0.9682,0,0,49.769,6.2728,2,0.0,0.0,0.0,179,12,0.2116,0.8611,14,0.186,2
6.485,0,1,763.4932,4869.9835,0,0.0,0.0,0.0,10,13,0.8662,0.01,90,0.7239,0
0.5923,0,1,438.6127,437.3156,1,0.0,2.0,2.0,57,71,0.912,0.0434,168,0.6928,3
0.8901,1,4,29.5136,11.8352,2,0.0,0.0,0.0,131,13,0.0282,0.9944,16,0.115,2
0.4845,1,0,6.953,18.2044,2,0.0,0.0,0.0,92,8,0.0889,0.831,9,0.0147,2
7.0335,0,1,266.7833,570.681,0,0.0,1.0,7.0,114,128,0.9345,0.0819,53,0.6838,3
13.3391,0,0,296.5248,1361.2436,0,0.0,0.0,0.0,9,9,0.9344,0.0896,99,0.7717,0
0.1162,1,5,153.6865,0.0056,1,0.0,0.0,0.0,487,213,0.9435,0.0761,28,0.3628,1
0.0087,0,0,104.6374,7.5144,2,0.0,0.0,0.0,250,218,0.8784,0.0171,18,0.3155,1
1.1679,0,0,5.6962,9.7156,3,0.0,0.0,0.0,140,9,0.1402,0.7831,8,0.0434,2
0.9621,2,2,44.3909,21.7491,1,0.0,0.0,0.0,156,10,0.1279,0.9431,5,0.1143,2
0.4657,0,0,87.868,1.9078,1,0.0,0.0,0.0,340,209,0.9985,0.0563,41,0.1763,1
4.0576,0,4,95.8606,6301.9463,0,0.0,0.0,0.0,11,12,0.8991,0.1162,113,0.9155,0
0.452,0,0,22.3377,2.0677,1,0.0,0.0,0.0,436,473,0.9664,0.0231,45,0.2275,1
0.3855,0,0,70.7278,1.7479,1,0.0,0.0,0.0,273,417,0.9084,0.09,33,0.3143,1
0.8274,0,0,54.6422,15.5373,2,0.0,0.0,0.0,205,1,0.2077,0.9159,24,0.0486,2
0.7027,0,1,447.7393,405.0471,0,0.0,3.0,4.0,30,57,0.8804,0.0793,104,0.9259,3
3.9985,1,1,623.4387,2522.6702,0,0.0,0.0,0.0,9,9,0.9877,0.1216,178,0.9135,0
4.073,1,1,470.0565,1844.9887,0,0.0,0.0,0.0,5,10,0.8301,0.1262,157,0.8749,0
2.3787,0,1,271.1452,257.4253,1,0.0,2.0,2.0,101,101,0.9861,0.0543,57,0.8028,3
0.0828,0,1,48.6169,7.4814,2,0.0,0.0,0.0,224,3,0.1187,0.8263,4,0.012,2
1.8332,0,1,575.9713,233.6474,0,0.0,3.0,4.0,135,34,0.8957,0.0699,82,0.6843,3
0.2295,0,0,55.7652,0.5065,1,0.0,0.0,0.0,475,267,0.9935,0.0997,40,0.3054,1
0.8283,1,2,1.345,13.0428,0,0.0,0.0,0.0,96,3,0.1578,0.908,7,0.1056,2
5.9205,1,2,1139.3307,1560.3012,0,0.0,0.0,0.0,14,9,0.8112,0.0617,93,0.983,0
0.4296,0,0,2771.8684,1839.3241,0,0.0,0.0,0.0,11,10,0.8441,0.0718,220,0.9087,0
14.6949,0,4,1189.1807,3006.4157,0,0.0,0.0,0.0,17,5,0.9072,0.1484,215,0.9508,0
6.6735,0,1,209.6824,588.0832,1,0.0,1.0,6.0,126,51,0.9185,0.0004,48,0.7412,3
5.6488,0,1,573.3082,363.468,0,0.0,5.0,4.0,53,108,0.9024,0.0929,105,0.8698,3
10.4112,0,2,156.3572,745.2476,0,0.0,2.0,4.0,146,84,0.9739,0.0678,65,0.854,3
2.4898,1,0,1618.2914,2951.2168,0,0.0,0.0,0.0,7,10,0.9781,0.1008,209,0.8705,0
1.4302,1,0,1185.9071,4433.8903,0,0.0,0.0,0.0,17,13,0.938,0.0228,203,0.8833,0
0.2346,1,0,37.3056,0.6764,1,0.0,0.0,0.0,415,486,0.9865,0.0308,13,0.1224,1
1.0507,0,1,406.2392,612.8316,0,0.0,3.0,4.0,48,25,0.9493,0.0104,40,0.815,3
0.6635,0,3,18.5446,17.0526,3,0.0,0.0,0.0,274,10,0.2443,0.921,9,0.1387,2
0.3731,1,0,216.583,8.9909,0,0.0,0.0,0.0,378,334,0.896,0.0971,22,0.2916,1
0.2322,1,2,36.0524,23.2578,1,0.0,0.0,0.0,131,12,0.0414,0.7897,14,0.153,2
0.7328,0,1,544.5897,713.7185,0,0.0,3.0,2.0,94,88,0.983,0.0369,44,0.8687,3
1.2526,1,4,1052.5385,4541.3112,0,0.0,0.0,0.0,9,10,0.9116,0.0782,62,0.8831,0
19.5729,1,0,3128.6936,1755.7997,0,0.0,0.0,0.0,12,13,0.7511,0.0003,118,0.8689,0
0.9262,1,2,52.6322,26.2736,2,0.0,0.0,0.0,227,6,0.0431,0.9887,17,0.0462,2
12.106,0,0,2709.3898,3169.6435,0,0.0,0.0,0.0,10,6,0.8536,0.045,152,0.8473,0
0.124,0,3,13.0507,12.0597,1,0.0,0.0,0.0,225,10,0.0377,0.8316,1,0.1276,2
6.1226,0,1,499.5611,374.7157,0,0.0,1.0,2.0,49,80,0.9091,0.0875,54,0.6142,3
4.3052,0,1,336.4941,295.4267,0,0.0,5.0,2.0,140,114,0.8073,0.0286,54,0.7144,3
1.0675,0,2,26.0729,17.4596,1,0.0,0.0,0.0,86,10,0.0341,0.8782,23,0.1014,2
8.8847,0,1,271.2609,852.7097,0,0.0,0.0,0.0,11,8,0.7768,0.0657,144,0.7054,0
0.1901,2,0,14.5229,2.7614,2,0.0,0.0,0.0,339,427,0.9329,0.0693,27,0.1478,1
0.0859,1,3,46.3585,15.6541,0,0.0,0.0,0.0,137,1,0.0442,0.9335,13,0.1359,2
0.1503,0,3,219.4816,1.9019,2,0.0,0.0,0.0,427,508,0.912,0.0525,4,0.1156,1
0.3693,2,5,12.5577,2.6629,2,0.0,0.0,0.0,269,433,0.9627,0.0205,7,0.255,1
4.3347,0,0,846.4679,7646.5142,0,0.0,0.0,0.0,15,12,0.8277,0.0152,242,0.7137,0
0.4299,0,3,19.2142,9.6174,3,1.0,0.0,0.0,270,500,0.8524,0.099,1,0.1701,1
1.7876,0,2,312.0241,754.3027,0,0.0,1.0,6.0,79,57,0.8062,0.0248,108,0.9279,3
0.0711,0,5,167.3282,4.7688,1,1.0,0.0,0.0,259,396,0.9785,0.0285,41,0.2929,1
1.8603,0,0,1815.0586,1635.9394,0,0.0,0.0,0.0,13,14,0.8365,0.081,108,0.9282,0
32.5571,1,2,1274.0355,9743.77,0,0.0,0.0,0.0,12,10,0.9694,0.0235,78,0.8417,0
0.3602,0,0,24.8781,1.0536,0,0.0,0.0,0.0,317,391,0.8995,0.0833,22,0.3875,1
4.4762,0,1,444.1557,721.4779,0,0.0,5.0,2.0,110,42,0.8419,0.0151,192,0.6494,3
40.5476,0,0,990.567,6900.2252,0,0.0,0.0,0.0,14,16,0.8958,0.0566,179,0.9904,0
0.7492,0,1,42.3005,7.2824,2,0.0,0.0,0.0,209,1,0.0695,0.9824,17,0.0943,2
2.0491,0,3,683.2293,5197.9984,0,0.0,0.0,0.0,10,13,0.9556,0.0955,59,0.7563,0
0.4722,0,3,196.1211,2.9674,1,0.0,0.0,0.0,495,294,0.9384,0.0298,9,0.2822,1
0.5462,0,1,580.4858,564.5071,1,0.0,4.0,5.0,130,95,0.8424,0.0944,71,0.6722,3
19.2828,0,3,586.6797,6492.7928,1,0.0,0.0,0.0,12,8,0.7596,0.0807,231,0.7579,0
8.0627,0,1,282.4897,434.1174,0,0.0,2.0,3.0,141,135,0.8637,0.0221,152,0.8238,3
0.6374,0,3,10.295,24.1582,1,0.0,0.0,0.0,158,4,0.2275,0.9976,20,0.1691,2
0.9461,0,1,328.9795,462.3499,2,0.0,3.0,4.0,36,31,0.8178,0.0285,44,0.9291,3
12.0817,0,2,1498.391,2363.7377,0,0.0,0.0,0.0,15,13,0.7563,0.0679,167,0.7634,0
5.6048,0,2,589.6219,781.4084,0,0.0,2.0,6.0,88,61,0.9004,0.061,85,0.7632,3
0.215,0,0,53.7872,7.6401,1,0.0,0.0,0.0,372,320,0.9671,0.0451,8,0.1419,1
1.0733,0,1,337.9497,252.204,0,0.0,1.0,2.0,125,57,0.9101,0.076,84,0.8868,3
0.3687,1,0,94.9879,9.9287,1,0.0,0.0,0.0,473,251,0.8735,0.0649,36,0.3638,1
0.0535,1,0,255.925,2.9828,1,0.0,0.0,0.0,358,222,0.9259,0.0859,43,0.3909,1
37.0307,0,0,714.9764,3992.9535,1,0.0,0.0,0.0,15,10,0.9766,0.0253,65,0.8958,0
0.3149,0,0,164.1828,1.6681,1,3.0,0.0,0.0,483,222,0.9892,0.0038,11,0.217,1
0.1266,0,0,37.0862,0.6192,1,0.0,0.0,0.0,315,334,0.9441,0.0857,37,0.1979,1
2.3206,0,0,74.0997,3403.7303,0,0.0,0.0,0.0,11,11,0.9098,0.0474,63,0.9991,0
0.1092,0,0,73.979,6.8671,2,0.0,0.0,0.0,375,377,0.8656,0.0685,20,0.1892,1
0.9973,0,0,2.9876,2.9783,2,0.0,0.0,0.0,225,11,0.1837,0.9523,10,0.1924,2
1.6892,0,1,198.1861,789.3356,0,0.0,2.0,5.0,100,73,0.9691,0.0639,43,0.6203,3
0.3664,0,0,112.0617,8.5802,1,0.0,0.0,0.0,289,373,0.906,0.0633,48,0.3364,1
1.9843,0,1,170.4273,701.9534,0,0.0,5.0,5.0,127,25,0.9479,0.0997,123,0.7296,3
10.9048,2,2,1417.6496,6930.0729,0,0.0,0.0,0.0,4,14,0.9961,0.0795,180,0.9783,0
0.3226,0,5,77.2078,9.9793,1,0.0,0.0,0.0,276,446,0.9669,0.0574,42,0.1867,1
0.3523,0,3,22.0555,6.2844,1,1.0,0.0,0.0,267,425,0.9855,0.0184,9,0.1326,1
0.0042,0,0,89.4122,6.5884,2,0.0,0.0,0.0,458,505,0.9436,0.0929,31,0.3606,1
19.5962,2,0,2116.2253,1747.7748,0,0.0,0.0,0.0,9,10,0.8737,0.0024,78,0.9997,0
12.7369,0,1,473.0601,514.2392,0,0.0,2.0,4.0,112,126,0.9219,0.0282,189,0.7713,3
7.9457,0,0,880.19,1097.5493,0,0.0,0.0,0.0,20,6,0.9265,0.0095,191,0.8188,0
1.8274,0,1,174.7363,305.3149,0,0.0,4.0,5.0,69,125,0.9565,0.0006,95,0.8071,3
18.4782,1,1,1069.7773,1073.8638,0,0.0,0.0,0.0,9,5,0.9662,0.0369,59,0.9097,0
0.4274,1,2,8.3385,9.2119,2,0.0,0.0,0.0,259,12,0.0606,0.8963,1,0.0308,2
0.0253,0,0,40.3333,7.6423,0,0.0,0.0,0.0,473,302,0.9144,0.0929,20,0.3278,1
0.1813,0,0,102.4598,5.7032,1,0.0,0.0,0.0,251,320,0.9802,0.0534,2,0.346,1
2.8232,0,1,397.099,799.031,0,0.0,2.0,6.0,116,55,0.9052,0.0272,165,0.7783,3
3.4225,0,3,1073.5595,3595.7,0,0.0,0.0,0.0,12,11,0.9661,0.1104,121,0.7156,0
13.0942,0,0,1349.8461,2498.9719,0,0.0,0.0,0.0,11,10,0.9738,0.0297,125,0.7634,0
3.75,0,0,1365.6392,4389.2609,0,0.0,0.0,0.0,16,5,0.8805,0.1372,105,0.9984,0
0.0876,0,0,116.2773,0.6906,2,0.0,0.0,0.0,409,437,0.9038,0.0001,7,0.1839,1
3.9146,0,1,406.0275,270.8724,0,0.0,1.0,5.0,147,66,0.8334,0.0574,157,0.8169,3
0.2921,0,0,77.5993,9.5012,2,0.0,0.0,0.0,476,290,0.9243,0.0724,32,0.376,1
0.2163,0,1,345.3309,403.5744,0,0.0,1.0,3.0,127,58,0.9325,0.064,98,0.938,3
0.2747,0,3,38.5098,0.5968,1,1.0,0.0,0.0,270,420,0.9791,0.0255,41,0.2552,1
6.5868,0,3,461.1521,2896.2118,0,0.0,0.0,0.0,14,14,0.7697,0.1017,61,0.9286,0
9.1017,0,2,1509.5723,1922.256,1,0.0,0.0,0.0,12,11,0.7687,0.0642,200,0.8544,0
7.2105,0,1,459.3372,201.9301,0,0.0,3.0,4.0,60,65,0.9001,0.0516,163,0.6822,3
0.36,0,3,21.352,5.9963,1,0.0,0.0,0.0,431,367,0.9453,0.0742,22,0.2477,1
0.3541,0,5,21.7468,27.5152,2,0.0,0.0,0.0,85,12,0.1737,0.8746,10,0.0305,2
1.4624,0,2,224.2171,275.1766,0,0.0,5.0,6.0,135,69,0.9542,0.0264,146,0.8113,3
0.3965,2,0,33.9033,29.9313,2,0.0,0.0,0.0,296,6,0.156,0.8847,9,0.0734,2
0.0837,0,3,110.5352,3.4621,3,0.0,0.0,0.0,355,275,0.9721,0.0529,35,0.1156,1
0.1923,0,0,10.0978,11.9475,1,0.0,0.0,0.0,243,13,0.1191,0.7624,12,0.1604,2
1.3978,0,3,224.898,5968.3892,0,0.0,0.0,0.0,13,9,0.7766,0.126,127,0.7634,0
10.5357,0,2,528.7055,259.3829,0,0.0,3.0,7.0,134,46,0.8938,0.086,41,0.6722,3
0.8423,0,4,41.9791,11.2738,1,0.0,0.0,0.0,287,11,0.0402,0.8587,12,0.1584,2
0.7497,0,1,17.9243,17.5037,2,0.0,0.0,0.0,152,11,0.1228,0.8829,21,0.1018,2
0.1844,0,0,54.874,0.8747,1,0.0,0.0,0.0,254,407,0.9297,0.0017,4,0.3517,1
8.2659,0,2,380.453,668.7772,2,0.0,4.0,2.0,124,109,0.885,0.0741,139,0.778,3
8.7258,0,1,297.8829,587.7699,0,0.0,2.0,2.0,112,121,0.9126,0.0777,178,0.6441,3
0.4146,0,1,55.0706,30.5418,2,0.0,0.0,0.0,279,1,0.098,0.7912,22,0.1001,2
0.3156,0,0,55.7791,6.9812,1,0.0,0.0,0.0,275,384,0.8762,0.0973,24,0.2803,1
20.7617,0,0,202.2192,3636.1439,0,0.0,0.0,0.0,18,9,0.9478,0.08,184,0.8733,0
0.6056,0,1,591.1258,647.7422,0,0.0,5.0,2.0,113,27,0.9963,0.0648,95,0.6872,3
23.8673,0,3,2051.0297,1468.204,0,0.0,0.0,0.0,13,6,0.9467,0.1416,105,0.7563,0
6.5833,0,0,879.3315,1740.6244,0,0.0,1.0,0.0,13,11,0.805,0.0715,227,0.8684,0
7.0604,0,2,190.8154,324.7085,0,0.0,2.0,3.0,77,123,0.8935,0.0911,145,0.7263,3
0.2315,0,0,69.1587,4.1698,3,0.0,0.0,0.0,285,206,0.9138,0.0398,49,0.2961,1
0.0354,1,0,50.4645,8.0313,2,0.0,0.0,0.0,368,216,0.9638,0.0073,4,0.1804,1
0.3082,2,0,33.6652,8.7927,1,0.0,0.0,0.0,470,216,0.8673,0.0505,25,0.1035,1
7.8484,0,2,315.0349,343.0003,0,0.0,4.0,5.0,71,83,0.9016,0.0127,174,0.7539,3
1.0269,2,2,20.7386,9.8674,2,0.0,0.0,0.0,299,1,0.1739,0.9135,12,0.1389,2
0.4496,0,3,33.6829,7.8513,1,0.0,0.0,0.0,136,8,0.2218,0.9819,15,0.0107,2
0.7125,1,1,26.7478,29.6259,1,0.0,0.0,0.0,114,6,0.1531,0.9165,10,0.0588,2
4.1376,0,0,857.884,5515.1595,0,0.0,0.0,0.0,6,11,0.7866,0.1201,206,0.7586,0
1.8801,0,1,367.2299,356.4409,0,0.0,1.0,6.0,100,104,0.9568,0.0914,43,0.7789,3
0.8282,2,1,54.4063,16.6529,1,0.0,0.0,0.0,260,8,0.049,0.8122,16,0.09,2
0.3798,1,0,131.6921,5.021,1,0.0,0.0,0.0,430,325,0.9126,0.0325,45,0.3342,1
0.1147,0,0,100.2535,3.8468,3,1.0,0.0,0.0,315,356,0.9463,0.0278,23,0.151,1
0.2392,0,3,62.5118,28.5095,0,0.0,0.0,0.0,107,8,0.1981,0.8917,14,0.0929,2
0.8898,1,3,54.102,9.6522,2,0.0,0.0,0.0,200,3,0.1118,0.9255,2,0.0657,2
0.1273,0,5,62.2292,21.2257,0,0.0,0.0,0.0,84,12,0.0218,0.9435,15,0.1525,2
18.028,1,2,1303.4402,8287.5937,0,0.0,0.0,0.0,11,18,0.9041,0.046,94,0.8047,0
0.6785,0,1,163.0005,373.1969,0,0.0,4.0,6.0,127,80,0.9067,0.0159,131,0.6347,3
1.9803,0,1,325.7783,506.5001,0,0.0,5.0,5.0,116,50,0.8422,0.0613,97,0.7156,3
